"dataset","target_size","target_average_degree","target_centralisation","spotlight_pct","alpha","p_obs_spotlit","p_obs_nonspotlit","n_networks","n_fragmented","proportion_fragmented"
"n30_ad3_c1",30,3,0.1,0.01,0,0.2,0.2,100,100,1
"n30_ad3_c1",30,3,0.1,0.01,0,0.2,0.4,100,100,1
"n30_ad3_c1",30,3,0.1,0.01,0,0.2,0.6,100,99,0.99
"n30_ad3_c1",30,3,0.1,0.01,0,0.2,0.8,100,92,0.92
"n30_ad3_c1",30,3,0.1,0.01,0,0.2,1,100,75,0.75
"n30_ad3_c1",30,3,0.1,0.01,0,0.4,0.2,100,100,1
"n30_ad3_c1",30,3,0.1,0.01,0,0.4,0.4,100,100,1
"n30_ad3_c1",30,3,0.1,0.01,0,0.4,0.6,100,100,1
"n30_ad3_c1",30,3,0.1,0.01,0,0.4,0.8,100,99,0.99
"n30_ad3_c1",30,3,0.1,0.01,0,0.4,1,100,47,0.47
"n30_ad3_c1",30,3,0.1,0.01,0,0.6,0.2,100,100,1
"n30_ad3_c1",30,3,0.1,0.01,0,0.6,0.4,100,100,1
"n30_ad3_c1",30,3,0.1,0.01,0,0.6,0.6,100,100,1
"n30_ad3_c1",30,3,0.1,0.01,0,0.6,0.8,100,87,0.87
"n30_ad3_c1",30,3,0.1,0.01,0,0.6,1,100,28,0.28
"n30_ad3_c1",30,3,0.1,0.01,0,0.8,0.2,100,100,1
"n30_ad3_c1",30,3,0.1,0.01,0,0.8,0.4,100,100,1
"n30_ad3_c1",30,3,0.1,0.01,0,0.8,0.6,100,99,0.99
"n30_ad3_c1",30,3,0.1,0.01,0,0.8,0.8,100,87,0.87
"n30_ad3_c1",30,3,0.1,0.01,0,0.8,1,100,12,0.12
"n30_ad3_c1",30,3,0.1,0.01,0,1,0.2,100,100,1
"n30_ad3_c1",30,3,0.1,0.01,0,1,0.4,100,100,1
"n30_ad3_c1",30,3,0.1,0.01,0,1,0.6,100,100,1
"n30_ad3_c1",30,3,0.1,0.01,0,1,0.8,100,83,0.83
"n30_ad3_c1",30,3,0.1,0.01,0,1,1,100,0,0
"n30_ad3_c1",30,3,0.1,0.01,1,0.2,0.2,100,100,1
"n30_ad3_c1",30,3,0.1,0.01,1,0.2,0.4,100,100,1
"n30_ad3_c1",30,3,0.1,0.01,1,0.2,0.6,100,100,1
"n30_ad3_c1",30,3,0.1,0.01,1,0.2,0.8,100,95,0.95
"n30_ad3_c1",30,3,0.1,0.01,1,0.2,1,100,69,0.69
"n30_ad3_c1",30,3,0.1,0.01,1,0.4,0.2,100,100,1
"n30_ad3_c1",30,3,0.1,0.01,1,0.4,0.4,100,100,1
"n30_ad3_c1",30,3,0.1,0.01,1,0.4,0.6,100,99,0.99
"n30_ad3_c1",30,3,0.1,0.01,1,0.4,0.8,100,97,0.97
"n30_ad3_c1",30,3,0.1,0.01,1,0.4,1,100,47,0.47
"n30_ad3_c1",30,3,0.1,0.01,1,0.6,0.2,100,100,1
"n30_ad3_c1",30,3,0.1,0.01,1,0.6,0.4,100,100,1
"n30_ad3_c1",30,3,0.1,0.01,1,0.6,0.6,100,100,1
"n30_ad3_c1",30,3,0.1,0.01,1,0.6,0.8,100,90,0.9
"n30_ad3_c1",30,3,0.1,0.01,1,0.6,1,100,29,0.29
"n30_ad3_c1",30,3,0.1,0.01,1,0.8,0.2,100,100,1
"n30_ad3_c1",30,3,0.1,0.01,1,0.8,0.4,100,100,1
"n30_ad3_c1",30,3,0.1,0.01,1,0.8,0.6,100,100,1
"n30_ad3_c1",30,3,0.1,0.01,1,0.8,0.8,100,87,0.87
"n30_ad3_c1",30,3,0.1,0.01,1,0.8,1,100,12,0.12
"n30_ad3_c1",30,3,0.1,0.01,1,1,0.2,100,100,1
"n30_ad3_c1",30,3,0.1,0.01,1,1,0.4,100,100,1
"n30_ad3_c1",30,3,0.1,0.01,1,1,0.6,100,99,0.99
"n30_ad3_c1",30,3,0.1,0.01,1,1,0.8,100,83,0.83
"n30_ad3_c1",30,3,0.1,0.01,1,1,1,100,0,0
"n30_ad3_c1",30,3,0.1,0.01,2,0.2,0.2,100,100,1
"n30_ad3_c1",30,3,0.1,0.01,2,0.2,0.4,100,100,1
"n30_ad3_c1",30,3,0.1,0.01,2,0.2,0.6,100,100,1
"n30_ad3_c1",30,3,0.1,0.01,2,0.2,0.8,100,95,0.95
"n30_ad3_c1",30,3,0.1,0.01,2,0.2,1,100,71,0.71
"n30_ad3_c1",30,3,0.1,0.01,2,0.4,0.2,100,100,1
"n30_ad3_c1",30,3,0.1,0.01,2,0.4,0.4,100,100,1
"n30_ad3_c1",30,3,0.1,0.01,2,0.4,0.6,100,100,1
"n30_ad3_c1",30,3,0.1,0.01,2,0.4,0.8,100,96,0.96
"n30_ad3_c1",30,3,0.1,0.01,2,0.4,1,100,44,0.44
"n30_ad3_c1",30,3,0.1,0.01,2,0.6,0.2,100,100,1
"n30_ad3_c1",30,3,0.1,0.01,2,0.6,0.4,100,100,1
"n30_ad3_c1",30,3,0.1,0.01,2,0.6,0.6,100,99,0.99
"n30_ad3_c1",30,3,0.1,0.01,2,0.6,0.8,100,90,0.9
"n30_ad3_c1",30,3,0.1,0.01,2,0.6,1,100,21,0.21
"n30_ad3_c1",30,3,0.1,0.01,2,0.8,0.2,100,100,1
"n30_ad3_c1",30,3,0.1,0.01,2,0.8,0.4,100,100,1
"n30_ad3_c1",30,3,0.1,0.01,2,0.8,0.6,100,100,1
"n30_ad3_c1",30,3,0.1,0.01,2,0.8,0.8,100,89,0.89
"n30_ad3_c1",30,3,0.1,0.01,2,0.8,1,100,13,0.13
"n30_ad3_c1",30,3,0.1,0.01,2,1,0.2,100,100,1
"n30_ad3_c1",30,3,0.1,0.01,2,1,0.4,100,100,1
"n30_ad3_c1",30,3,0.1,0.01,2,1,0.6,100,99,0.99
"n30_ad3_c1",30,3,0.1,0.01,2,1,0.8,100,84,0.84
"n30_ad3_c1",30,3,0.1,0.01,2,1,1,100,0,0
"n30_ad3_c1",30,3,0.1,0.01,4,0.2,0.2,100,100,1
"n30_ad3_c1",30,3,0.1,0.01,4,0.2,0.4,100,100,1
"n30_ad3_c1",30,3,0.1,0.01,4,0.2,0.6,100,100,1
"n30_ad3_c1",30,3,0.1,0.01,4,0.2,0.8,100,93,0.93
"n30_ad3_c1",30,3,0.1,0.01,4,0.2,1,100,59,0.59
"n30_ad3_c1",30,3,0.1,0.01,4,0.4,0.2,100,100,1
"n30_ad3_c1",30,3,0.1,0.01,4,0.4,0.4,100,100,1
"n30_ad3_c1",30,3,0.1,0.01,4,0.4,0.6,100,100,1
"n30_ad3_c1",30,3,0.1,0.01,4,0.4,0.8,100,95,0.95
"n30_ad3_c1",30,3,0.1,0.01,4,0.4,1,100,40,0.4
"n30_ad3_c1",30,3,0.1,0.01,4,0.6,0.2,100,100,1
"n30_ad3_c1",30,3,0.1,0.01,4,0.6,0.4,100,100,1
"n30_ad3_c1",30,3,0.1,0.01,4,0.6,0.6,100,100,1
"n30_ad3_c1",30,3,0.1,0.01,4,0.6,0.8,100,94,0.94
"n30_ad3_c1",30,3,0.1,0.01,4,0.6,1,100,27,0.27
"n30_ad3_c1",30,3,0.1,0.01,4,0.8,0.2,100,100,1
"n30_ad3_c1",30,3,0.1,0.01,4,0.8,0.4,100,100,1
"n30_ad3_c1",30,3,0.1,0.01,4,0.8,0.6,100,100,1
"n30_ad3_c1",30,3,0.1,0.01,4,0.8,0.8,100,86,0.86
"n30_ad3_c1",30,3,0.1,0.01,4,0.8,1,100,12,0.12
"n30_ad3_c1",30,3,0.1,0.01,4,1,0.2,100,100,1
"n30_ad3_c1",30,3,0.1,0.01,4,1,0.4,100,100,1
"n30_ad3_c1",30,3,0.1,0.01,4,1,0.6,100,100,1
"n30_ad3_c1",30,3,0.1,0.01,4,1,0.8,100,89,0.89
"n30_ad3_c1",30,3,0.1,0.01,4,1,1,100,0,0
"n30_ad3_c1",30,3,0.1,0.01,8,0.2,0.2,100,100,1
"n30_ad3_c1",30,3,0.1,0.01,8,0.2,0.4,100,100,1
"n30_ad3_c1",30,3,0.1,0.01,8,0.2,0.6,100,100,1
"n30_ad3_c1",30,3,0.1,0.01,8,0.2,0.8,100,94,0.94
"n30_ad3_c1",30,3,0.1,0.01,8,0.2,1,100,57,0.57
"n30_ad3_c1",30,3,0.1,0.01,8,0.4,0.2,100,100,1
"n30_ad3_c1",30,3,0.1,0.01,8,0.4,0.4,100,100,1
"n30_ad3_c1",30,3,0.1,0.01,8,0.4,0.6,100,100,1
"n30_ad3_c1",30,3,0.1,0.01,8,0.4,0.8,100,94,0.94
"n30_ad3_c1",30,3,0.1,0.01,8,0.4,1,100,34,0.34
"n30_ad3_c1",30,3,0.1,0.01,8,0.6,0.2,100,100,1
"n30_ad3_c1",30,3,0.1,0.01,8,0.6,0.4,100,100,1
"n30_ad3_c1",30,3,0.1,0.01,8,0.6,0.6,100,99,0.99
"n30_ad3_c1",30,3,0.1,0.01,8,0.6,0.8,100,90,0.9
"n30_ad3_c1",30,3,0.1,0.01,8,0.6,1,100,27,0.27
"n30_ad3_c1",30,3,0.1,0.01,8,0.8,0.2,100,100,1
"n30_ad3_c1",30,3,0.1,0.01,8,0.8,0.4,100,100,1
"n30_ad3_c1",30,3,0.1,0.01,8,0.8,0.6,100,96,0.96
"n30_ad3_c1",30,3,0.1,0.01,8,0.8,0.8,100,89,0.89
"n30_ad3_c1",30,3,0.1,0.01,8,0.8,1,100,12,0.12
"n30_ad3_c1",30,3,0.1,0.01,8,1,0.2,100,100,1
"n30_ad3_c1",30,3,0.1,0.01,8,1,0.4,100,100,1
"n30_ad3_c1",30,3,0.1,0.01,8,1,0.6,100,100,1
"n30_ad3_c1",30,3,0.1,0.01,8,1,0.8,100,84,0.84
"n30_ad3_c1",30,3,0.1,0.01,8,1,1,100,0,0
"n30_ad3_c1",30,3,0.1,0.05,0,0.2,0.2,100,100,1
"n30_ad3_c1",30,3,0.1,0.05,0,0.2,0.4,100,100,1
"n30_ad3_c1",30,3,0.1,0.05,0,0.2,0.6,100,100,1
"n30_ad3_c1",30,3,0.1,0.05,0,0.2,0.8,100,98,0.98
"n30_ad3_c1",30,3,0.1,0.05,0,0.2,1,100,91,0.91
"n30_ad3_c1",30,3,0.1,0.05,0,0.4,0.2,100,100,1
"n30_ad3_c1",30,3,0.1,0.05,0,0.4,0.4,100,100,1
"n30_ad3_c1",30,3,0.1,0.05,0,0.4,0.6,100,100,1
"n30_ad3_c1",30,3,0.1,0.05,0,0.4,0.8,100,97,0.97
"n30_ad3_c1",30,3,0.1,0.05,0,0.4,1,100,63,0.63
"n30_ad3_c1",30,3,0.1,0.05,0,0.6,0.2,100,100,1
"n30_ad3_c1",30,3,0.1,0.05,0,0.6,0.4,100,100,1
"n30_ad3_c1",30,3,0.1,0.05,0,0.6,0.6,100,99,0.99
"n30_ad3_c1",30,3,0.1,0.05,0,0.6,0.8,100,91,0.91
"n30_ad3_c1",30,3,0.1,0.05,0,0.6,1,100,39,0.39
"n30_ad3_c1",30,3,0.1,0.05,0,0.8,0.2,100,100,1
"n30_ad3_c1",30,3,0.1,0.05,0,0.8,0.4,100,100,1
"n30_ad3_c1",30,3,0.1,0.05,0,0.8,0.6,100,99,0.99
"n30_ad3_c1",30,3,0.1,0.05,0,0.8,0.8,100,84,0.84
"n30_ad3_c1",30,3,0.1,0.05,0,0.8,1,100,23,0.23
"n30_ad3_c1",30,3,0.1,0.05,0,1,0.2,100,100,1
"n30_ad3_c1",30,3,0.1,0.05,0,1,0.4,100,100,1
"n30_ad3_c1",30,3,0.1,0.05,0,1,0.6,100,97,0.97
"n30_ad3_c1",30,3,0.1,0.05,0,1,0.8,100,84,0.84
"n30_ad3_c1",30,3,0.1,0.05,0,1,1,100,0,0
"n30_ad3_c1",30,3,0.1,0.05,1,0.2,0.2,100,100,1
"n30_ad3_c1",30,3,0.1,0.05,1,0.2,0.4,100,100,1
"n30_ad3_c1",30,3,0.1,0.05,1,0.2,0.6,100,100,1
"n30_ad3_c1",30,3,0.1,0.05,1,0.2,0.8,100,99,0.99
"n30_ad3_c1",30,3,0.1,0.05,1,0.2,1,100,84,0.84
"n30_ad3_c1",30,3,0.1,0.05,1,0.4,0.2,100,100,1
"n30_ad3_c1",30,3,0.1,0.05,1,0.4,0.4,100,100,1
"n30_ad3_c1",30,3,0.1,0.05,1,0.4,0.6,100,99,0.99
"n30_ad3_c1",30,3,0.1,0.05,1,0.4,0.8,100,95,0.95
"n30_ad3_c1",30,3,0.1,0.05,1,0.4,1,100,69,0.69
"n30_ad3_c1",30,3,0.1,0.05,1,0.6,0.2,100,100,1
"n30_ad3_c1",30,3,0.1,0.05,1,0.6,0.4,100,100,1
"n30_ad3_c1",30,3,0.1,0.05,1,0.6,0.6,100,100,1
"n30_ad3_c1",30,3,0.1,0.05,1,0.6,0.8,100,96,0.96
"n30_ad3_c1",30,3,0.1,0.05,1,0.6,1,100,42,0.42
"n30_ad3_c1",30,3,0.1,0.05,1,0.8,0.2,100,100,1
"n30_ad3_c1",30,3,0.1,0.05,1,0.8,0.4,100,100,1
"n30_ad3_c1",30,3,0.1,0.05,1,0.8,0.6,100,100,1
"n30_ad3_c1",30,3,0.1,0.05,1,0.8,0.8,100,94,0.94
"n30_ad3_c1",30,3,0.1,0.05,1,0.8,1,100,28,0.28
"n30_ad3_c1",30,3,0.1,0.05,1,1,0.2,100,100,1
"n30_ad3_c1",30,3,0.1,0.05,1,1,0.4,100,100,1
"n30_ad3_c1",30,3,0.1,0.05,1,1,0.6,100,100,1
"n30_ad3_c1",30,3,0.1,0.05,1,1,0.8,100,81,0.81
"n30_ad3_c1",30,3,0.1,0.05,1,1,1,100,0,0
"n30_ad3_c1",30,3,0.1,0.05,2,0.2,0.2,100,100,1
"n30_ad3_c1",30,3,0.1,0.05,2,0.2,0.4,100,100,1
"n30_ad3_c1",30,3,0.1,0.05,2,0.2,0.6,100,100,1
"n30_ad3_c1",30,3,0.1,0.05,2,0.2,0.8,100,99,0.99
"n30_ad3_c1",30,3,0.1,0.05,2,0.2,1,100,87,0.87
"n30_ad3_c1",30,3,0.1,0.05,2,0.4,0.2,100,100,1
"n30_ad3_c1",30,3,0.1,0.05,2,0.4,0.4,100,100,1
"n30_ad3_c1",30,3,0.1,0.05,2,0.4,0.6,100,100,1
"n30_ad3_c1",30,3,0.1,0.05,2,0.4,0.8,100,95,0.95
"n30_ad3_c1",30,3,0.1,0.05,2,0.4,1,100,61,0.61
"n30_ad3_c1",30,3,0.1,0.05,2,0.6,0.2,100,100,1
"n30_ad3_c1",30,3,0.1,0.05,2,0.6,0.4,100,100,1
"n30_ad3_c1",30,3,0.1,0.05,2,0.6,0.6,100,99,0.99
"n30_ad3_c1",30,3,0.1,0.05,2,0.6,0.8,100,91,0.91
"n30_ad3_c1",30,3,0.1,0.05,2,0.6,1,100,36,0.36
"n30_ad3_c1",30,3,0.1,0.05,2,0.8,0.2,100,100,1
"n30_ad3_c1",30,3,0.1,0.05,2,0.8,0.4,100,100,1
"n30_ad3_c1",30,3,0.1,0.05,2,0.8,0.6,100,98,0.98
"n30_ad3_c1",30,3,0.1,0.05,2,0.8,0.8,100,90,0.9
"n30_ad3_c1",30,3,0.1,0.05,2,0.8,1,100,24,0.24
"n30_ad3_c1",30,3,0.1,0.05,2,1,0.2,100,100,1
"n30_ad3_c1",30,3,0.1,0.05,2,1,0.4,100,100,1
"n30_ad3_c1",30,3,0.1,0.05,2,1,0.6,100,100,1
"n30_ad3_c1",30,3,0.1,0.05,2,1,0.8,100,77,0.77
"n30_ad3_c1",30,3,0.1,0.05,2,1,1,100,0,0
"n30_ad3_c1",30,3,0.1,0.05,4,0.2,0.2,100,100,1
"n30_ad3_c1",30,3,0.1,0.05,4,0.2,0.4,100,100,1
"n30_ad3_c1",30,3,0.1,0.05,4,0.2,0.6,100,100,1
"n30_ad3_c1",30,3,0.1,0.05,4,0.2,0.8,100,98,0.98
"n30_ad3_c1",30,3,0.1,0.05,4,0.2,1,100,82,0.82
"n30_ad3_c1",30,3,0.1,0.05,4,0.4,0.2,100,100,1
"n30_ad3_c1",30,3,0.1,0.05,4,0.4,0.4,100,100,1
"n30_ad3_c1",30,3,0.1,0.05,4,0.4,0.6,100,100,1
"n30_ad3_c1",30,3,0.1,0.05,4,0.4,0.8,100,97,0.97
"n30_ad3_c1",30,3,0.1,0.05,4,0.4,1,100,59,0.59
"n30_ad3_c1",30,3,0.1,0.05,4,0.6,0.2,100,100,1
"n30_ad3_c1",30,3,0.1,0.05,4,0.6,0.4,100,100,1
"n30_ad3_c1",30,3,0.1,0.05,4,0.6,0.6,100,100,1
"n30_ad3_c1",30,3,0.1,0.05,4,0.6,0.8,100,92,0.92
"n30_ad3_c1",30,3,0.1,0.05,4,0.6,1,100,38,0.38
"n30_ad3_c1",30,3,0.1,0.05,4,0.8,0.2,100,100,1
"n30_ad3_c1",30,3,0.1,0.05,4,0.8,0.4,100,100,1
"n30_ad3_c1",30,3,0.1,0.05,4,0.8,0.6,100,100,1
"n30_ad3_c1",30,3,0.1,0.05,4,0.8,0.8,100,90,0.9
"n30_ad3_c1",30,3,0.1,0.05,4,0.8,1,100,18,0.18
"n30_ad3_c1",30,3,0.1,0.05,4,1,0.2,100,100,1
"n30_ad3_c1",30,3,0.1,0.05,4,1,0.4,100,100,1
"n30_ad3_c1",30,3,0.1,0.05,4,1,0.6,100,98,0.98
"n30_ad3_c1",30,3,0.1,0.05,4,1,0.8,100,85,0.85
"n30_ad3_c1",30,3,0.1,0.05,4,1,1,100,0,0
"n30_ad3_c1",30,3,0.1,0.05,8,0.2,0.2,100,100,1
"n30_ad3_c1",30,3,0.1,0.05,8,0.2,0.4,100,100,1
"n30_ad3_c1",30,3,0.1,0.05,8,0.2,0.6,100,100,1
"n30_ad3_c1",30,3,0.1,0.05,8,0.2,0.8,100,98,0.98
"n30_ad3_c1",30,3,0.1,0.05,8,0.2,1,100,84,0.84
"n30_ad3_c1",30,3,0.1,0.05,8,0.4,0.2,100,100,1
"n30_ad3_c1",30,3,0.1,0.05,8,0.4,0.4,100,100,1
"n30_ad3_c1",30,3,0.1,0.05,8,0.4,0.6,100,100,1
"n30_ad3_c1",30,3,0.1,0.05,8,0.4,0.8,100,98,0.98
"n30_ad3_c1",30,3,0.1,0.05,8,0.4,1,100,61,0.61
"n30_ad3_c1",30,3,0.1,0.05,8,0.6,0.2,100,100,1
"n30_ad3_c1",30,3,0.1,0.05,8,0.6,0.4,100,100,1
"n30_ad3_c1",30,3,0.1,0.05,8,0.6,0.6,100,100,1
"n30_ad3_c1",30,3,0.1,0.05,8,0.6,0.8,100,94,0.94
"n30_ad3_c1",30,3,0.1,0.05,8,0.6,1,100,41,0.41
"n30_ad3_c1",30,3,0.1,0.05,8,0.8,0.2,100,100,1
"n30_ad3_c1",30,3,0.1,0.05,8,0.8,0.4,100,100,1
"n30_ad3_c1",30,3,0.1,0.05,8,0.8,0.6,100,100,1
"n30_ad3_c1",30,3,0.1,0.05,8,0.8,0.8,100,91,0.91
"n30_ad3_c1",30,3,0.1,0.05,8,0.8,1,100,28,0.28
"n30_ad3_c1",30,3,0.1,0.05,8,1,0.2,100,100,1
"n30_ad3_c1",30,3,0.1,0.05,8,1,0.4,100,99,0.99
"n30_ad3_c1",30,3,0.1,0.05,8,1,0.6,100,100,1
"n30_ad3_c1",30,3,0.1,0.05,8,1,0.8,100,83,0.83
"n30_ad3_c1",30,3,0.1,0.05,8,1,1,100,0,0
"n30_ad3_c1",30,3,0.1,0.1,0,0.2,0.2,100,100,1
"n30_ad3_c1",30,3,0.1,0.1,0,0.2,0.4,100,100,1
"n30_ad3_c1",30,3,0.1,0.1,0,0.2,0.6,100,100,1
"n30_ad3_c1",30,3,0.1,0.1,0,0.2,0.8,100,100,1
"n30_ad3_c1",30,3,0.1,0.1,0,0.2,1,100,96,0.96
"n30_ad3_c1",30,3,0.1,0.1,0,0.4,0.2,100,100,1
"n30_ad3_c1",30,3,0.1,0.1,0,0.4,0.4,100,100,1
"n30_ad3_c1",30,3,0.1,0.1,0,0.4,0.6,100,100,1
"n30_ad3_c1",30,3,0.1,0.1,0,0.4,0.8,100,98,0.98
"n30_ad3_c1",30,3,0.1,0.1,0,0.4,1,100,81,0.81
"n30_ad3_c1",30,3,0.1,0.1,0,0.6,0.2,100,100,1
"n30_ad3_c1",30,3,0.1,0.1,0,0.6,0.4,100,100,1
"n30_ad3_c1",30,3,0.1,0.1,0,0.6,0.6,100,100,1
"n30_ad3_c1",30,3,0.1,0.1,0,0.6,0.8,100,94,0.94
"n30_ad3_c1",30,3,0.1,0.1,0,0.6,1,100,61,0.61
"n30_ad3_c1",30,3,0.1,0.1,0,0.8,0.2,100,100,1
"n30_ad3_c1",30,3,0.1,0.1,0,0.8,0.4,100,100,1
"n30_ad3_c1",30,3,0.1,0.1,0,0.8,0.6,100,100,1
"n30_ad3_c1",30,3,0.1,0.1,0,0.8,0.8,100,85,0.85
"n30_ad3_c1",30,3,0.1,0.1,0,0.8,1,100,29,0.29
"n30_ad3_c1",30,3,0.1,0.1,0,1,0.2,100,100,1
"n30_ad3_c1",30,3,0.1,0.1,0,1,0.4,100,100,1
"n30_ad3_c1",30,3,0.1,0.1,0,1,0.6,100,100,1
"n30_ad3_c1",30,3,0.1,0.1,0,1,0.8,100,84,0.84
"n30_ad3_c1",30,3,0.1,0.1,0,1,1,100,0,0
"n30_ad3_c1",30,3,0.1,0.1,1,0.2,0.2,100,100,1
"n30_ad3_c1",30,3,0.1,0.1,1,0.2,0.4,100,100,1
"n30_ad3_c1",30,3,0.1,0.1,1,0.2,0.6,100,100,1
"n30_ad3_c1",30,3,0.1,0.1,1,0.2,0.8,100,100,1
"n30_ad3_c1",30,3,0.1,0.1,1,0.2,1,100,97,0.97
"n30_ad3_c1",30,3,0.1,0.1,1,0.4,0.2,100,100,1
"n30_ad3_c1",30,3,0.1,0.1,1,0.4,0.4,100,100,1
"n30_ad3_c1",30,3,0.1,0.1,1,0.4,0.6,100,100,1
"n30_ad3_c1",30,3,0.1,0.1,1,0.4,0.8,100,97,0.97
"n30_ad3_c1",30,3,0.1,0.1,1,0.4,1,100,83,0.83
"n30_ad3_c1",30,3,0.1,0.1,1,0.6,0.2,100,100,1
"n30_ad3_c1",30,3,0.1,0.1,1,0.6,0.4,100,100,1
"n30_ad3_c1",30,3,0.1,0.1,1,0.6,0.6,100,98,0.98
"n30_ad3_c1",30,3,0.1,0.1,1,0.6,0.8,100,92,0.92
"n30_ad3_c1",30,3,0.1,0.1,1,0.6,1,100,55,0.55
"n30_ad3_c1",30,3,0.1,0.1,1,0.8,0.2,100,100,1
"n30_ad3_c1",30,3,0.1,0.1,1,0.8,0.4,100,100,1
"n30_ad3_c1",30,3,0.1,0.1,1,0.8,0.6,100,100,1
"n30_ad3_c1",30,3,0.1,0.1,1,0.8,0.8,100,87,0.87
"n30_ad3_c1",30,3,0.1,0.1,1,0.8,1,100,41,0.41
"n30_ad3_c1",30,3,0.1,0.1,1,1,0.2,100,100,1
"n30_ad3_c1",30,3,0.1,0.1,1,1,0.4,100,100,1
"n30_ad3_c1",30,3,0.1,0.1,1,1,0.6,100,100,1
"n30_ad3_c1",30,3,0.1,0.1,1,1,0.8,100,78,0.78
"n30_ad3_c1",30,3,0.1,0.1,1,1,1,100,0,0
"n30_ad3_c1",30,3,0.1,0.1,2,0.2,0.2,100,100,1
"n30_ad3_c1",30,3,0.1,0.1,2,0.2,0.4,100,100,1
"n30_ad3_c1",30,3,0.1,0.1,2,0.2,0.6,100,100,1
"n30_ad3_c1",30,3,0.1,0.1,2,0.2,0.8,100,100,1
"n30_ad3_c1",30,3,0.1,0.1,2,0.2,1,100,97,0.97
"n30_ad3_c1",30,3,0.1,0.1,2,0.4,0.2,100,100,1
"n30_ad3_c1",30,3,0.1,0.1,2,0.4,0.4,100,100,1
"n30_ad3_c1",30,3,0.1,0.1,2,0.4,0.6,100,100,1
"n30_ad3_c1",30,3,0.1,0.1,2,0.4,0.8,100,99,0.99
"n30_ad3_c1",30,3,0.1,0.1,2,0.4,1,100,74,0.74
"n30_ad3_c1",30,3,0.1,0.1,2,0.6,0.2,100,100,1
"n30_ad3_c1",30,3,0.1,0.1,2,0.6,0.4,100,100,1
"n30_ad3_c1",30,3,0.1,0.1,2,0.6,0.6,100,100,1
"n30_ad3_c1",30,3,0.1,0.1,2,0.6,0.8,100,92,0.92
"n30_ad3_c1",30,3,0.1,0.1,2,0.6,1,100,49,0.49
"n30_ad3_c1",30,3,0.1,0.1,2,0.8,0.2,100,100,1
"n30_ad3_c1",30,3,0.1,0.1,2,0.8,0.4,100,100,1
"n30_ad3_c1",30,3,0.1,0.1,2,0.8,0.6,100,100,1
"n30_ad3_c1",30,3,0.1,0.1,2,0.8,0.8,100,90,0.9
"n30_ad3_c1",30,3,0.1,0.1,2,0.8,1,100,31,0.31
"n30_ad3_c1",30,3,0.1,0.1,2,1,0.2,100,100,1
"n30_ad3_c1",30,3,0.1,0.1,2,1,0.4,100,100,1
"n30_ad3_c1",30,3,0.1,0.1,2,1,0.6,100,99,0.99
"n30_ad3_c1",30,3,0.1,0.1,2,1,0.8,100,80,0.8
"n30_ad3_c1",30,3,0.1,0.1,2,1,1,100,0,0
"n30_ad3_c1",30,3,0.1,0.1,4,0.2,0.2,100,100,1
"n30_ad3_c1",30,3,0.1,0.1,4,0.2,0.4,100,100,1
"n30_ad3_c1",30,3,0.1,0.1,4,0.2,0.6,100,100,1
"n30_ad3_c1",30,3,0.1,0.1,4,0.2,0.8,100,100,1
"n30_ad3_c1",30,3,0.1,0.1,4,0.2,1,100,95,0.95
"n30_ad3_c1",30,3,0.1,0.1,4,0.4,0.2,100,100,1
"n30_ad3_c1",30,3,0.1,0.1,4,0.4,0.4,100,100,1
"n30_ad3_c1",30,3,0.1,0.1,4,0.4,0.6,100,100,1
"n30_ad3_c1",30,3,0.1,0.1,4,0.4,0.8,100,99,0.99
"n30_ad3_c1",30,3,0.1,0.1,4,0.4,1,100,79,0.79
"n30_ad3_c1",30,3,0.1,0.1,4,0.6,0.2,100,100,1
"n30_ad3_c1",30,3,0.1,0.1,4,0.6,0.4,100,100,1
"n30_ad3_c1",30,3,0.1,0.1,4,0.6,0.6,100,100,1
"n30_ad3_c1",30,3,0.1,0.1,4,0.6,0.8,100,94,0.94
"n30_ad3_c1",30,3,0.1,0.1,4,0.6,1,100,50,0.5
"n30_ad3_c1",30,3,0.1,0.1,4,0.8,0.2,100,100,1
"n30_ad3_c1",30,3,0.1,0.1,4,0.8,0.4,100,100,1
"n30_ad3_c1",30,3,0.1,0.1,4,0.8,0.6,100,99,0.99
"n30_ad3_c1",30,3,0.1,0.1,4,0.8,0.8,100,84,0.84
"n30_ad3_c1",30,3,0.1,0.1,4,0.8,1,100,40,0.4
"n30_ad3_c1",30,3,0.1,0.1,4,1,0.2,100,100,1
"n30_ad3_c1",30,3,0.1,0.1,4,1,0.4,100,100,1
"n30_ad3_c1",30,3,0.1,0.1,4,1,0.6,100,100,1
"n30_ad3_c1",30,3,0.1,0.1,4,1,0.8,100,85,0.85
"n30_ad3_c1",30,3,0.1,0.1,4,1,1,100,0,0
"n30_ad3_c1",30,3,0.1,0.1,8,0.2,0.2,100,100,1
"n30_ad3_c1",30,3,0.1,0.1,8,0.2,0.4,100,100,1
"n30_ad3_c1",30,3,0.1,0.1,8,0.2,0.6,100,100,1
"n30_ad3_c1",30,3,0.1,0.1,8,0.2,0.8,100,100,1
"n30_ad3_c1",30,3,0.1,0.1,8,0.2,1,100,91,0.91
"n30_ad3_c1",30,3,0.1,0.1,8,0.4,0.2,100,100,1
"n30_ad3_c1",30,3,0.1,0.1,8,0.4,0.4,100,100,1
"n30_ad3_c1",30,3,0.1,0.1,8,0.4,0.6,100,100,1
"n30_ad3_c1",30,3,0.1,0.1,8,0.4,0.8,100,100,1
"n30_ad3_c1",30,3,0.1,0.1,8,0.4,1,100,85,0.85
"n30_ad3_c1",30,3,0.1,0.1,8,0.6,0.2,100,100,1
"n30_ad3_c1",30,3,0.1,0.1,8,0.6,0.4,100,100,1
"n30_ad3_c1",30,3,0.1,0.1,8,0.6,0.6,100,99,0.99
"n30_ad3_c1",30,3,0.1,0.1,8,0.6,0.8,100,96,0.96
"n30_ad3_c1",30,3,0.1,0.1,8,0.6,1,100,50,0.5
"n30_ad3_c1",30,3,0.1,0.1,8,0.8,0.2,100,100,1
"n30_ad3_c1",30,3,0.1,0.1,8,0.8,0.4,100,100,1
"n30_ad3_c1",30,3,0.1,0.1,8,0.8,0.6,100,100,1
"n30_ad3_c1",30,3,0.1,0.1,8,0.8,0.8,100,88,0.88
"n30_ad3_c1",30,3,0.1,0.1,8,0.8,1,100,32,0.32
"n30_ad3_c1",30,3,0.1,0.1,8,1,0.2,100,100,1
"n30_ad3_c1",30,3,0.1,0.1,8,1,0.4,100,100,1
"n30_ad3_c1",30,3,0.1,0.1,8,1,0.6,100,96,0.96
"n30_ad3_c1",30,3,0.1,0.1,8,1,0.8,100,86,0.86
"n30_ad3_c1",30,3,0.1,0.1,8,1,1,100,0,0
"n30_ad3_c3",30,3,0.3,0.01,0,0.2,0.2,100,100,1
"n30_ad3_c3",30,3,0.3,0.01,0,0.2,0.4,100,100,1
"n30_ad3_c3",30,3,0.3,0.01,0,0.2,0.6,100,100,1
"n30_ad3_c3",30,3,0.3,0.01,0,0.2,0.8,100,98,0.98
"n30_ad3_c3",30,3,0.3,0.01,0,0.2,1,100,81,0.81
"n30_ad3_c3",30,3,0.3,0.01,0,0.4,0.2,100,100,1
"n30_ad3_c3",30,3,0.3,0.01,0,0.4,0.4,100,100,1
"n30_ad3_c3",30,3,0.3,0.01,0,0.4,0.6,100,100,1
"n30_ad3_c3",30,3,0.3,0.01,0,0.4,0.8,100,100,1
"n30_ad3_c3",30,3,0.3,0.01,0,0.4,1,100,51,0.51
"n30_ad3_c3",30,3,0.3,0.01,0,0.6,0.2,100,100,1
"n30_ad3_c3",30,3,0.3,0.01,0,0.6,0.4,100,100,1
"n30_ad3_c3",30,3,0.3,0.01,0,0.6,0.6,100,100,1
"n30_ad3_c3",30,3,0.3,0.01,0,0.6,0.8,100,97,0.97
"n30_ad3_c3",30,3,0.3,0.01,0,0.6,1,100,37,0.37
"n30_ad3_c3",30,3,0.3,0.01,0,0.8,0.2,100,100,1
"n30_ad3_c3",30,3,0.3,0.01,0,0.8,0.4,100,100,1
"n30_ad3_c3",30,3,0.3,0.01,0,0.8,0.6,100,100,1
"n30_ad3_c3",30,3,0.3,0.01,0,0.8,0.8,100,97,0.97
"n30_ad3_c3",30,3,0.3,0.01,0,0.8,1,100,18,0.18
"n30_ad3_c3",30,3,0.3,0.01,0,1,0.2,100,100,1
"n30_ad3_c3",30,3,0.3,0.01,0,1,0.4,100,100,1
"n30_ad3_c3",30,3,0.3,0.01,0,1,0.6,100,100,1
"n30_ad3_c3",30,3,0.3,0.01,0,1,0.8,100,91,0.91
"n30_ad3_c3",30,3,0.3,0.01,0,1,1,100,0,0
"n30_ad3_c3",30,3,0.3,0.01,1,0.2,0.2,100,100,1
"n30_ad3_c3",30,3,0.3,0.01,1,0.2,0.4,100,100,1
"n30_ad3_c3",30,3,0.3,0.01,1,0.2,0.6,100,100,1
"n30_ad3_c3",30,3,0.3,0.01,1,0.2,0.8,100,98,0.98
"n30_ad3_c3",30,3,0.3,0.01,1,0.2,1,100,77,0.77
"n30_ad3_c3",30,3,0.3,0.01,1,0.4,0.2,100,100,1
"n30_ad3_c3",30,3,0.3,0.01,1,0.4,0.4,100,100,1
"n30_ad3_c3",30,3,0.3,0.01,1,0.4,0.6,100,100,1
"n30_ad3_c3",30,3,0.3,0.01,1,0.4,0.8,100,97,0.97
"n30_ad3_c3",30,3,0.3,0.01,1,0.4,1,100,50,0.5
"n30_ad3_c3",30,3,0.3,0.01,1,0.6,0.2,100,100,1
"n30_ad3_c3",30,3,0.3,0.01,1,0.6,0.4,100,100,1
"n30_ad3_c3",30,3,0.3,0.01,1,0.6,0.6,100,100,1
"n30_ad3_c3",30,3,0.3,0.01,1,0.6,0.8,100,97,0.97
"n30_ad3_c3",30,3,0.3,0.01,1,0.6,1,100,33,0.33
"n30_ad3_c3",30,3,0.3,0.01,1,0.8,0.2,100,100,1
"n30_ad3_c3",30,3,0.3,0.01,1,0.8,0.4,100,100,1
"n30_ad3_c3",30,3,0.3,0.01,1,0.8,0.6,100,100,1
"n30_ad3_c3",30,3,0.3,0.01,1,0.8,0.8,100,89,0.89
"n30_ad3_c3",30,3,0.3,0.01,1,0.8,1,100,24,0.24
"n30_ad3_c3",30,3,0.3,0.01,1,1,0.2,100,100,1
"n30_ad3_c3",30,3,0.3,0.01,1,1,0.4,100,100,1
"n30_ad3_c3",30,3,0.3,0.01,1,1,0.6,100,100,1
"n30_ad3_c3",30,3,0.3,0.01,1,1,0.8,100,84,0.84
"n30_ad3_c3",30,3,0.3,0.01,1,1,1,100,0,0
"n30_ad3_c3",30,3,0.3,0.01,2,0.2,0.2,100,100,1
"n30_ad3_c3",30,3,0.3,0.01,2,0.2,0.4,100,100,1
"n30_ad3_c3",30,3,0.3,0.01,2,0.2,0.6,100,100,1
"n30_ad3_c3",30,3,0.3,0.01,2,0.2,0.8,100,100,1
"n30_ad3_c3",30,3,0.3,0.01,2,0.2,1,100,68,0.68
"n30_ad3_c3",30,3,0.3,0.01,2,0.4,0.2,100,100,1
"n30_ad3_c3",30,3,0.3,0.01,2,0.4,0.4,100,100,1
"n30_ad3_c3",30,3,0.3,0.01,2,0.4,0.6,100,100,1
"n30_ad3_c3",30,3,0.3,0.01,2,0.4,0.8,100,95,0.95
"n30_ad3_c3",30,3,0.3,0.01,2,0.4,1,100,60,0.6
"n30_ad3_c3",30,3,0.3,0.01,2,0.6,0.2,100,100,1
"n30_ad3_c3",30,3,0.3,0.01,2,0.6,0.4,100,100,1
"n30_ad3_c3",30,3,0.3,0.01,2,0.6,0.6,100,100,1
"n30_ad3_c3",30,3,0.3,0.01,2,0.6,0.8,100,97,0.97
"n30_ad3_c3",30,3,0.3,0.01,2,0.6,1,100,39,0.39
"n30_ad3_c3",30,3,0.3,0.01,2,0.8,0.2,100,100,1
"n30_ad3_c3",30,3,0.3,0.01,2,0.8,0.4,100,100,1
"n30_ad3_c3",30,3,0.3,0.01,2,0.8,0.6,100,100,1
"n30_ad3_c3",30,3,0.3,0.01,2,0.8,0.8,100,93,0.93
"n30_ad3_c3",30,3,0.3,0.01,2,0.8,1,100,20,0.2
"n30_ad3_c3",30,3,0.3,0.01,2,1,0.2,100,100,1
"n30_ad3_c3",30,3,0.3,0.01,2,1,0.4,100,100,1
"n30_ad3_c3",30,3,0.3,0.01,2,1,0.6,100,100,1
"n30_ad3_c3",30,3,0.3,0.01,2,1,0.8,100,92,0.92
"n30_ad3_c3",30,3,0.3,0.01,2,1,1,100,0,0
"n30_ad3_c3",30,3,0.3,0.01,4,0.2,0.2,100,100,1
"n30_ad3_c3",30,3,0.3,0.01,4,0.2,0.4,100,100,1
"n30_ad3_c3",30,3,0.3,0.01,4,0.2,0.6,100,100,1
"n30_ad3_c3",30,3,0.3,0.01,4,0.2,0.8,100,100,1
"n30_ad3_c3",30,3,0.3,0.01,4,0.2,1,100,75,0.75
"n30_ad3_c3",30,3,0.3,0.01,4,0.4,0.2,100,100,1
"n30_ad3_c3",30,3,0.3,0.01,4,0.4,0.4,100,100,1
"n30_ad3_c3",30,3,0.3,0.01,4,0.4,0.6,100,100,1
"n30_ad3_c3",30,3,0.3,0.01,4,0.4,0.8,100,97,0.97
"n30_ad3_c3",30,3,0.3,0.01,4,0.4,1,100,70,0.7
"n30_ad3_c3",30,3,0.3,0.01,4,0.6,0.2,100,100,1
"n30_ad3_c3",30,3,0.3,0.01,4,0.6,0.4,100,100,1
"n30_ad3_c3",30,3,0.3,0.01,4,0.6,0.6,100,100,1
"n30_ad3_c3",30,3,0.3,0.01,4,0.6,0.8,100,99,0.99
"n30_ad3_c3",30,3,0.3,0.01,4,0.6,1,100,54,0.54
"n30_ad3_c3",30,3,0.3,0.01,4,0.8,0.2,100,100,1
"n30_ad3_c3",30,3,0.3,0.01,4,0.8,0.4,100,100,1
"n30_ad3_c3",30,3,0.3,0.01,4,0.8,0.6,100,99,0.99
"n30_ad3_c3",30,3,0.3,0.01,4,0.8,0.8,100,97,0.97
"n30_ad3_c3",30,3,0.3,0.01,4,0.8,1,100,29,0.29
"n30_ad3_c3",30,3,0.3,0.01,4,1,0.2,100,100,1
"n30_ad3_c3",30,3,0.3,0.01,4,1,0.4,100,100,1
"n30_ad3_c3",30,3,0.3,0.01,4,1,0.6,100,100,1
"n30_ad3_c3",30,3,0.3,0.01,4,1,0.8,100,90,0.9
"n30_ad3_c3",30,3,0.3,0.01,4,1,1,100,0,0
"n30_ad3_c3",30,3,0.3,0.01,8,0.2,0.2,100,100,1
"n30_ad3_c3",30,3,0.3,0.01,8,0.2,0.4,100,100,1
"n30_ad3_c3",30,3,0.3,0.01,8,0.2,0.6,100,100,1
"n30_ad3_c3",30,3,0.3,0.01,8,0.2,0.8,100,99,0.99
"n30_ad3_c3",30,3,0.3,0.01,8,0.2,1,100,90,0.9
"n30_ad3_c3",30,3,0.3,0.01,8,0.4,0.2,100,100,1
"n30_ad3_c3",30,3,0.3,0.01,8,0.4,0.4,100,100,1
"n30_ad3_c3",30,3,0.3,0.01,8,0.4,0.6,100,100,1
"n30_ad3_c3",30,3,0.3,0.01,8,0.4,0.8,100,98,0.98
"n30_ad3_c3",30,3,0.3,0.01,8,0.4,1,100,69,0.69
"n30_ad3_c3",30,3,0.3,0.01,8,0.6,0.2,100,100,1
"n30_ad3_c3",30,3,0.3,0.01,8,0.6,0.4,100,100,1
"n30_ad3_c3",30,3,0.3,0.01,8,0.6,0.6,100,100,1
"n30_ad3_c3",30,3,0.3,0.01,8,0.6,0.8,100,98,0.98
"n30_ad3_c3",30,3,0.3,0.01,8,0.6,1,100,65,0.65
"n30_ad3_c3",30,3,0.3,0.01,8,0.8,0.2,100,100,1
"n30_ad3_c3",30,3,0.3,0.01,8,0.8,0.4,100,100,1
"n30_ad3_c3",30,3,0.3,0.01,8,0.8,0.6,100,99,0.99
"n30_ad3_c3",30,3,0.3,0.01,8,0.8,0.8,100,94,0.94
"n30_ad3_c3",30,3,0.3,0.01,8,0.8,1,100,34,0.34
"n30_ad3_c3",30,3,0.3,0.01,8,1,0.2,100,100,1
"n30_ad3_c3",30,3,0.3,0.01,8,1,0.4,100,100,1
"n30_ad3_c3",30,3,0.3,0.01,8,1,0.6,100,100,1
"n30_ad3_c3",30,3,0.3,0.01,8,1,0.8,100,87,0.87
"n30_ad3_c3",30,3,0.3,0.01,8,1,1,100,0,0
"n30_ad3_c3",30,3,0.3,0.05,0,0.2,0.2,100,100,1
"n30_ad3_c3",30,3,0.3,0.05,0,0.2,0.4,100,100,1
"n30_ad3_c3",30,3,0.3,0.05,0,0.2,0.6,100,100,1
"n30_ad3_c3",30,3,0.3,0.05,0,0.2,0.8,100,100,1
"n30_ad3_c3",30,3,0.3,0.05,0,0.2,1,100,87,0.87
"n30_ad3_c3",30,3,0.3,0.05,0,0.4,0.2,100,100,1
"n30_ad3_c3",30,3,0.3,0.05,0,0.4,0.4,100,100,1
"n30_ad3_c3",30,3,0.3,0.05,0,0.4,0.6,100,100,1
"n30_ad3_c3",30,3,0.3,0.05,0,0.4,0.8,100,100,1
"n30_ad3_c3",30,3,0.3,0.05,0,0.4,1,100,71,0.71
"n30_ad3_c3",30,3,0.3,0.05,0,0.6,0.2,100,100,1
"n30_ad3_c3",30,3,0.3,0.05,0,0.6,0.4,100,100,1
"n30_ad3_c3",30,3,0.3,0.05,0,0.6,0.6,100,100,1
"n30_ad3_c3",30,3,0.3,0.05,0,0.6,0.8,100,97,0.97
"n30_ad3_c3",30,3,0.3,0.05,0,0.6,1,100,47,0.47
"n30_ad3_c3",30,3,0.3,0.05,0,0.8,0.2,100,100,1
"n30_ad3_c3",30,3,0.3,0.05,0,0.8,0.4,100,100,1
"n30_ad3_c3",30,3,0.3,0.05,0,0.8,0.6,100,100,1
"n30_ad3_c3",30,3,0.3,0.05,0,0.8,0.8,100,94,0.94
"n30_ad3_c3",30,3,0.3,0.05,0,0.8,1,100,22,0.22
"n30_ad3_c3",30,3,0.3,0.05,0,1,0.2,100,100,1
"n30_ad3_c3",30,3,0.3,0.05,0,1,0.4,100,100,1
"n30_ad3_c3",30,3,0.3,0.05,0,1,0.6,100,98,0.98
"n30_ad3_c3",30,3,0.3,0.05,0,1,0.8,100,93,0.93
"n30_ad3_c3",30,3,0.3,0.05,0,1,1,100,0,0
"n30_ad3_c3",30,3,0.3,0.05,1,0.2,0.2,100,100,1
"n30_ad3_c3",30,3,0.3,0.05,1,0.2,0.4,100,100,1
"n30_ad3_c3",30,3,0.3,0.05,1,0.2,0.6,100,100,1
"n30_ad3_c3",30,3,0.3,0.05,1,0.2,0.8,100,100,1
"n30_ad3_c3",30,3,0.3,0.05,1,0.2,1,100,96,0.96
"n30_ad3_c3",30,3,0.3,0.05,1,0.4,0.2,100,100,1
"n30_ad3_c3",30,3,0.3,0.05,1,0.4,0.4,100,100,1
"n30_ad3_c3",30,3,0.3,0.05,1,0.4,0.6,100,100,1
"n30_ad3_c3",30,3,0.3,0.05,1,0.4,0.8,100,97,0.97
"n30_ad3_c3",30,3,0.3,0.05,1,0.4,1,100,84,0.84
"n30_ad3_c3",30,3,0.3,0.05,1,0.6,0.2,100,100,1
"n30_ad3_c3",30,3,0.3,0.05,1,0.6,0.4,100,100,1
"n30_ad3_c3",30,3,0.3,0.05,1,0.6,0.6,100,100,1
"n30_ad3_c3",30,3,0.3,0.05,1,0.6,0.8,100,99,0.99
"n30_ad3_c3",30,3,0.3,0.05,1,0.6,1,100,60,0.6
"n30_ad3_c3",30,3,0.3,0.05,1,0.8,0.2,100,100,1
"n30_ad3_c3",30,3,0.3,0.05,1,0.8,0.4,100,100,1
"n30_ad3_c3",30,3,0.3,0.05,1,0.8,0.6,100,100,1
"n30_ad3_c3",30,3,0.3,0.05,1,0.8,0.8,100,98,0.98
"n30_ad3_c3",30,3,0.3,0.05,1,0.8,1,100,28,0.28
"n30_ad3_c3",30,3,0.3,0.05,1,1,0.2,100,100,1
"n30_ad3_c3",30,3,0.3,0.05,1,1,0.4,100,100,1
"n30_ad3_c3",30,3,0.3,0.05,1,1,0.6,100,98,0.98
"n30_ad3_c3",30,3,0.3,0.05,1,1,0.8,100,94,0.94
"n30_ad3_c3",30,3,0.3,0.05,1,1,1,100,0,0
"n30_ad3_c3",30,3,0.3,0.05,2,0.2,0.2,100,100,1
"n30_ad3_c3",30,3,0.3,0.05,2,0.2,0.4,100,100,1
"n30_ad3_c3",30,3,0.3,0.05,2,0.2,0.6,100,100,1
"n30_ad3_c3",30,3,0.3,0.05,2,0.2,0.8,100,100,1
"n30_ad3_c3",30,3,0.3,0.05,2,0.2,1,100,92,0.92
"n30_ad3_c3",30,3,0.3,0.05,2,0.4,0.2,100,100,1
"n30_ad3_c3",30,3,0.3,0.05,2,0.4,0.4,100,100,1
"n30_ad3_c3",30,3,0.3,0.05,2,0.4,0.6,100,100,1
"n30_ad3_c3",30,3,0.3,0.05,2,0.4,0.8,100,100,1
"n30_ad3_c3",30,3,0.3,0.05,2,0.4,1,100,69,0.69
"n30_ad3_c3",30,3,0.3,0.05,2,0.6,0.2,100,100,1
"n30_ad3_c3",30,3,0.3,0.05,2,0.6,0.4,100,100,1
"n30_ad3_c3",30,3,0.3,0.05,2,0.6,0.6,100,100,1
"n30_ad3_c3",30,3,0.3,0.05,2,0.6,0.8,100,97,0.97
"n30_ad3_c3",30,3,0.3,0.05,2,0.6,1,100,54,0.54
"n30_ad3_c3",30,3,0.3,0.05,2,0.8,0.2,100,100,1
"n30_ad3_c3",30,3,0.3,0.05,2,0.8,0.4,100,100,1
"n30_ad3_c3",30,3,0.3,0.05,2,0.8,0.6,100,99,0.99
"n30_ad3_c3",30,3,0.3,0.05,2,0.8,0.8,100,95,0.95
"n30_ad3_c3",30,3,0.3,0.05,2,0.8,1,100,34,0.34
"n30_ad3_c3",30,3,0.3,0.05,2,1,0.2,100,100,1
"n30_ad3_c3",30,3,0.3,0.05,2,1,0.4,100,100,1
"n30_ad3_c3",30,3,0.3,0.05,2,1,0.6,100,99,0.99
"n30_ad3_c3",30,3,0.3,0.05,2,1,0.8,100,88,0.88
"n30_ad3_c3",30,3,0.3,0.05,2,1,1,100,0,0
"n30_ad3_c3",30,3,0.3,0.05,4,0.2,0.2,100,100,1
"n30_ad3_c3",30,3,0.3,0.05,4,0.2,0.4,100,100,1
"n30_ad3_c3",30,3,0.3,0.05,4,0.2,0.6,100,100,1
"n30_ad3_c3",30,3,0.3,0.05,4,0.2,0.8,100,100,1
"n30_ad3_c3",30,3,0.3,0.05,4,0.2,1,100,98,0.98
"n30_ad3_c3",30,3,0.3,0.05,4,0.4,0.2,100,100,1
"n30_ad3_c3",30,3,0.3,0.05,4,0.4,0.4,100,100,1
"n30_ad3_c3",30,3,0.3,0.05,4,0.4,0.6,100,100,1
"n30_ad3_c3",30,3,0.3,0.05,4,0.4,0.8,100,99,0.99
"n30_ad3_c3",30,3,0.3,0.05,4,0.4,1,100,88,0.88
"n30_ad3_c3",30,3,0.3,0.05,4,0.6,0.2,100,100,1
"n30_ad3_c3",30,3,0.3,0.05,4,0.6,0.4,100,100,1
"n30_ad3_c3",30,3,0.3,0.05,4,0.6,0.6,100,99,0.99
"n30_ad3_c3",30,3,0.3,0.05,4,0.6,0.8,100,97,0.97
"n30_ad3_c3",30,3,0.3,0.05,4,0.6,1,100,73,0.73
"n30_ad3_c3",30,3,0.3,0.05,4,0.8,0.2,100,100,1
"n30_ad3_c3",30,3,0.3,0.05,4,0.8,0.4,100,100,1
"n30_ad3_c3",30,3,0.3,0.05,4,0.8,0.6,100,100,1
"n30_ad3_c3",30,3,0.3,0.05,4,0.8,0.8,100,93,0.93
"n30_ad3_c3",30,3,0.3,0.05,4,0.8,1,100,46,0.46
"n30_ad3_c3",30,3,0.3,0.05,4,1,0.2,100,100,1
"n30_ad3_c3",30,3,0.3,0.05,4,1,0.4,100,100,1
"n30_ad3_c3",30,3,0.3,0.05,4,1,0.6,100,100,1
"n30_ad3_c3",30,3,0.3,0.05,4,1,0.8,100,84,0.84
"n30_ad3_c3",30,3,0.3,0.05,4,1,1,100,0,0
"n30_ad3_c3",30,3,0.3,0.05,8,0.2,0.2,100,100,1
"n30_ad3_c3",30,3,0.3,0.05,8,0.2,0.4,100,100,1
"n30_ad3_c3",30,3,0.3,0.05,8,0.2,0.6,100,100,1
"n30_ad3_c3",30,3,0.3,0.05,8,0.2,0.8,100,100,1
"n30_ad3_c3",30,3,0.3,0.05,8,0.2,1,100,100,1
"n30_ad3_c3",30,3,0.3,0.05,8,0.4,0.2,100,100,1
"n30_ad3_c3",30,3,0.3,0.05,8,0.4,0.4,100,100,1
"n30_ad3_c3",30,3,0.3,0.05,8,0.4,0.6,100,100,1
"n30_ad3_c3",30,3,0.3,0.05,8,0.4,0.8,100,99,0.99
"n30_ad3_c3",30,3,0.3,0.05,8,0.4,1,100,96,0.96
"n30_ad3_c3",30,3,0.3,0.05,8,0.6,0.2,100,100,1
"n30_ad3_c3",30,3,0.3,0.05,8,0.6,0.4,100,100,1
"n30_ad3_c3",30,3,0.3,0.05,8,0.6,0.6,100,100,1
"n30_ad3_c3",30,3,0.3,0.05,8,0.6,0.8,100,99,0.99
"n30_ad3_c3",30,3,0.3,0.05,8,0.6,1,100,80,0.8
"n30_ad3_c3",30,3,0.3,0.05,8,0.8,0.2,100,100,1
"n30_ad3_c3",30,3,0.3,0.05,8,0.8,0.4,100,100,1
"n30_ad3_c3",30,3,0.3,0.05,8,0.8,0.6,100,100,1
"n30_ad3_c3",30,3,0.3,0.05,8,0.8,0.8,100,99,0.99
"n30_ad3_c3",30,3,0.3,0.05,8,0.8,1,100,59,0.59
"n30_ad3_c3",30,3,0.3,0.05,8,1,0.2,100,100,1
"n30_ad3_c3",30,3,0.3,0.05,8,1,0.4,100,100,1
"n30_ad3_c3",30,3,0.3,0.05,8,1,0.6,100,99,0.99
"n30_ad3_c3",30,3,0.3,0.05,8,1,0.8,100,83,0.83
"n30_ad3_c3",30,3,0.3,0.05,8,1,1,100,0,0
"n30_ad3_c3",30,3,0.3,0.1,0,0.2,0.2,100,100,1
"n30_ad3_c3",30,3,0.3,0.1,0,0.2,0.4,100,100,1
"n30_ad3_c3",30,3,0.3,0.1,0,0.2,0.6,100,100,1
"n30_ad3_c3",30,3,0.3,0.1,0,0.2,0.8,100,100,1
"n30_ad3_c3",30,3,0.3,0.1,0,0.2,1,100,97,0.97
"n30_ad3_c3",30,3,0.3,0.1,0,0.4,0.2,100,100,1
"n30_ad3_c3",30,3,0.3,0.1,0,0.4,0.4,100,100,1
"n30_ad3_c3",30,3,0.3,0.1,0,0.4,0.6,100,100,1
"n30_ad3_c3",30,3,0.3,0.1,0,0.4,0.8,100,100,1
"n30_ad3_c3",30,3,0.3,0.1,0,0.4,1,100,91,0.91
"n30_ad3_c3",30,3,0.3,0.1,0,0.6,0.2,100,100,1
"n30_ad3_c3",30,3,0.3,0.1,0,0.6,0.4,100,100,1
"n30_ad3_c3",30,3,0.3,0.1,0,0.6,0.6,100,100,1
"n30_ad3_c3",30,3,0.3,0.1,0,0.6,0.8,100,100,1
"n30_ad3_c3",30,3,0.3,0.1,0,0.6,1,100,63,0.63
"n30_ad3_c3",30,3,0.3,0.1,0,0.8,0.2,100,100,1
"n30_ad3_c3",30,3,0.3,0.1,0,0.8,0.4,100,100,1
"n30_ad3_c3",30,3,0.3,0.1,0,0.8,0.6,100,100,1
"n30_ad3_c3",30,3,0.3,0.1,0,0.8,0.8,100,94,0.94
"n30_ad3_c3",30,3,0.3,0.1,0,0.8,1,100,46,0.46
"n30_ad3_c3",30,3,0.3,0.1,0,1,0.2,100,100,1
"n30_ad3_c3",30,3,0.3,0.1,0,1,0.4,100,100,1
"n30_ad3_c3",30,3,0.3,0.1,0,1,0.6,100,98,0.98
"n30_ad3_c3",30,3,0.3,0.1,0,1,0.8,100,87,0.87
"n30_ad3_c3",30,3,0.3,0.1,0,1,1,100,0,0
"n30_ad3_c3",30,3,0.3,0.1,1,0.2,0.2,100,100,1
"n30_ad3_c3",30,3,0.3,0.1,1,0.2,0.4,100,100,1
"n30_ad3_c3",30,3,0.3,0.1,1,0.2,0.6,100,100,1
"n30_ad3_c3",30,3,0.3,0.1,1,0.2,0.8,100,100,1
"n30_ad3_c3",30,3,0.3,0.1,1,0.2,1,100,100,1
"n30_ad3_c3",30,3,0.3,0.1,1,0.4,0.2,100,100,1
"n30_ad3_c3",30,3,0.3,0.1,1,0.4,0.4,100,100,1
"n30_ad3_c3",30,3,0.3,0.1,1,0.4,0.6,100,100,1
"n30_ad3_c3",30,3,0.3,0.1,1,0.4,0.8,100,100,1
"n30_ad3_c3",30,3,0.3,0.1,1,0.4,1,100,89,0.89
"n30_ad3_c3",30,3,0.3,0.1,1,0.6,0.2,100,100,1
"n30_ad3_c3",30,3,0.3,0.1,1,0.6,0.4,100,100,1
"n30_ad3_c3",30,3,0.3,0.1,1,0.6,0.6,100,100,1
"n30_ad3_c3",30,3,0.3,0.1,1,0.6,0.8,100,98,0.98
"n30_ad3_c3",30,3,0.3,0.1,1,0.6,1,100,64,0.64
"n30_ad3_c3",30,3,0.3,0.1,1,0.8,0.2,100,100,1
"n30_ad3_c3",30,3,0.3,0.1,1,0.8,0.4,100,100,1
"n30_ad3_c3",30,3,0.3,0.1,1,0.8,0.6,100,99,0.99
"n30_ad3_c3",30,3,0.3,0.1,1,0.8,0.8,100,94,0.94
"n30_ad3_c3",30,3,0.3,0.1,1,0.8,1,100,42,0.42
"n30_ad3_c3",30,3,0.3,0.1,1,1,0.2,100,100,1
"n30_ad3_c3",30,3,0.3,0.1,1,1,0.4,100,100,1
"n30_ad3_c3",30,3,0.3,0.1,1,1,0.6,100,100,1
"n30_ad3_c3",30,3,0.3,0.1,1,1,0.8,100,91,0.91
"n30_ad3_c3",30,3,0.3,0.1,1,1,1,100,0,0
"n30_ad3_c3",30,3,0.3,0.1,2,0.2,0.2,100,100,1
"n30_ad3_c3",30,3,0.3,0.1,2,0.2,0.4,100,100,1
"n30_ad3_c3",30,3,0.3,0.1,2,0.2,0.6,100,100,1
"n30_ad3_c3",30,3,0.3,0.1,2,0.2,0.8,100,100,1
"n30_ad3_c3",30,3,0.3,0.1,2,0.2,1,100,100,1
"n30_ad3_c3",30,3,0.3,0.1,2,0.4,0.2,100,100,1
"n30_ad3_c3",30,3,0.3,0.1,2,0.4,0.4,100,100,1
"n30_ad3_c3",30,3,0.3,0.1,2,0.4,0.6,100,100,1
"n30_ad3_c3",30,3,0.3,0.1,2,0.4,0.8,100,99,0.99
"n30_ad3_c3",30,3,0.3,0.1,2,0.4,1,100,90,0.9
"n30_ad3_c3",30,3,0.3,0.1,2,0.6,0.2,100,100,1
"n30_ad3_c3",30,3,0.3,0.1,2,0.6,0.4,100,100,1
"n30_ad3_c3",30,3,0.3,0.1,2,0.6,0.6,100,100,1
"n30_ad3_c3",30,3,0.3,0.1,2,0.6,0.8,100,99,0.99
"n30_ad3_c3",30,3,0.3,0.1,2,0.6,1,100,84,0.84
"n30_ad3_c3",30,3,0.3,0.1,2,0.8,0.2,100,100,1
"n30_ad3_c3",30,3,0.3,0.1,2,0.8,0.4,100,100,1
"n30_ad3_c3",30,3,0.3,0.1,2,0.8,0.6,100,100,1
"n30_ad3_c3",30,3,0.3,0.1,2,0.8,0.8,100,97,0.97
"n30_ad3_c3",30,3,0.3,0.1,2,0.8,1,100,43,0.43
"n30_ad3_c3",30,3,0.3,0.1,2,1,0.2,100,100,1
"n30_ad3_c3",30,3,0.3,0.1,2,1,0.4,100,100,1
"n30_ad3_c3",30,3,0.3,0.1,2,1,0.6,100,100,1
"n30_ad3_c3",30,3,0.3,0.1,2,1,0.8,100,89,0.89
"n30_ad3_c3",30,3,0.3,0.1,2,1,1,100,0,0
"n30_ad3_c3",30,3,0.3,0.1,4,0.2,0.2,100,100,1
"n30_ad3_c3",30,3,0.3,0.1,4,0.2,0.4,100,100,1
"n30_ad3_c3",30,3,0.3,0.1,4,0.2,0.6,100,100,1
"n30_ad3_c3",30,3,0.3,0.1,4,0.2,0.8,100,100,1
"n30_ad3_c3",30,3,0.3,0.1,4,0.2,1,100,99,0.99
"n30_ad3_c3",30,3,0.3,0.1,4,0.4,0.2,100,100,1
"n30_ad3_c3",30,3,0.3,0.1,4,0.4,0.4,100,100,1
"n30_ad3_c3",30,3,0.3,0.1,4,0.4,0.6,100,100,1
"n30_ad3_c3",30,3,0.3,0.1,4,0.4,0.8,100,100,1
"n30_ad3_c3",30,3,0.3,0.1,4,0.4,1,100,97,0.97
"n30_ad3_c3",30,3,0.3,0.1,4,0.6,0.2,100,100,1
"n30_ad3_c3",30,3,0.3,0.1,4,0.6,0.4,100,100,1
"n30_ad3_c3",30,3,0.3,0.1,4,0.6,0.6,100,100,1
"n30_ad3_c3",30,3,0.3,0.1,4,0.6,0.8,100,100,1
"n30_ad3_c3",30,3,0.3,0.1,4,0.6,1,100,83,0.83
"n30_ad3_c3",30,3,0.3,0.1,4,0.8,0.2,100,100,1
"n30_ad3_c3",30,3,0.3,0.1,4,0.8,0.4,100,100,1
"n30_ad3_c3",30,3,0.3,0.1,4,0.8,0.6,100,100,1
"n30_ad3_c3",30,3,0.3,0.1,4,0.8,0.8,100,94,0.94
"n30_ad3_c3",30,3,0.3,0.1,4,0.8,1,100,60,0.6
"n30_ad3_c3",30,3,0.3,0.1,4,1,0.2,100,100,1
"n30_ad3_c3",30,3,0.3,0.1,4,1,0.4,100,100,1
"n30_ad3_c3",30,3,0.3,0.1,4,1,0.6,100,97,0.97
"n30_ad3_c3",30,3,0.3,0.1,4,1,0.8,100,76,0.76
"n30_ad3_c3",30,3,0.3,0.1,4,1,1,100,0,0
"n30_ad3_c3",30,3,0.3,0.1,8,0.2,0.2,100,100,1
"n30_ad3_c3",30,3,0.3,0.1,8,0.2,0.4,100,100,1
"n30_ad3_c3",30,3,0.3,0.1,8,0.2,0.6,100,100,1
"n30_ad3_c3",30,3,0.3,0.1,8,0.2,0.8,100,100,1
"n30_ad3_c3",30,3,0.3,0.1,8,0.2,1,100,100,1
"n30_ad3_c3",30,3,0.3,0.1,8,0.4,0.2,100,100,1
"n30_ad3_c3",30,3,0.3,0.1,8,0.4,0.4,100,100,1
"n30_ad3_c3",30,3,0.3,0.1,8,0.4,0.6,100,100,1
"n30_ad3_c3",30,3,0.3,0.1,8,0.4,0.8,100,100,1
"n30_ad3_c3",30,3,0.3,0.1,8,0.4,1,100,96,0.96
"n30_ad3_c3",30,3,0.3,0.1,8,0.6,0.2,100,100,1
"n30_ad3_c3",30,3,0.3,0.1,8,0.6,0.4,100,100,1
"n30_ad3_c3",30,3,0.3,0.1,8,0.6,0.6,100,100,1
"n30_ad3_c3",30,3,0.3,0.1,8,0.6,0.8,100,100,1
"n30_ad3_c3",30,3,0.3,0.1,8,0.6,1,100,89,0.89
"n30_ad3_c3",30,3,0.3,0.1,8,0.8,0.2,100,100,1
"n30_ad3_c3",30,3,0.3,0.1,8,0.8,0.4,100,100,1
"n30_ad3_c3",30,3,0.3,0.1,8,0.8,0.6,100,99,0.99
"n30_ad3_c3",30,3,0.3,0.1,8,0.8,0.8,100,93,0.93
"n30_ad3_c3",30,3,0.3,0.1,8,0.8,1,100,71,0.71
"n30_ad3_c3",30,3,0.3,0.1,8,1,0.2,100,100,1
"n30_ad3_c3",30,3,0.3,0.1,8,1,0.4,100,100,1
"n30_ad3_c3",30,3,0.3,0.1,8,1,0.6,100,95,0.95
"n30_ad3_c3",30,3,0.3,0.1,8,1,0.8,100,76,0.76
"n30_ad3_c3",30,3,0.3,0.1,8,1,1,100,0,0
"n30_ad3_c5",30,3,0.5,0.01,0,0.2,0.2,100,100,1
"n30_ad3_c5",30,3,0.5,0.01,0,0.2,0.4,100,100,1
"n30_ad3_c5",30,3,0.5,0.01,0,0.2,0.6,100,100,1
"n30_ad3_c5",30,3,0.5,0.01,0,0.2,0.8,100,98,0.98
"n30_ad3_c5",30,3,0.5,0.01,0,0.2,1,100,70,0.7
"n30_ad3_c5",30,3,0.5,0.01,0,0.4,0.2,100,100,1
"n30_ad3_c5",30,3,0.5,0.01,0,0.4,0.4,100,100,1
"n30_ad3_c5",30,3,0.5,0.01,0,0.4,0.6,100,99,0.99
"n30_ad3_c5",30,3,0.5,0.01,0,0.4,0.8,100,97,0.97
"n30_ad3_c5",30,3,0.5,0.01,0,0.4,1,100,46,0.46
"n30_ad3_c5",30,3,0.5,0.01,0,0.6,0.2,100,100,1
"n30_ad3_c5",30,3,0.5,0.01,0,0.6,0.4,100,100,1
"n30_ad3_c5",30,3,0.5,0.01,0,0.6,0.6,100,100,1
"n30_ad3_c5",30,3,0.5,0.01,0,0.6,0.8,100,98,0.98
"n30_ad3_c5",30,3,0.5,0.01,0,0.6,1,100,26,0.26
"n30_ad3_c5",30,3,0.5,0.01,0,0.8,0.2,100,100,1
"n30_ad3_c5",30,3,0.5,0.01,0,0.8,0.4,100,100,1
"n30_ad3_c5",30,3,0.5,0.01,0,0.8,0.6,100,100,1
"n30_ad3_c5",30,3,0.5,0.01,0,0.8,0.8,100,94,0.94
"n30_ad3_c5",30,3,0.5,0.01,0,0.8,1,100,18,0.18
"n30_ad3_c5",30,3,0.5,0.01,0,1,0.2,100,100,1
"n30_ad3_c5",30,3,0.5,0.01,0,1,0.4,100,100,1
"n30_ad3_c5",30,3,0.5,0.01,0,1,0.6,100,99,0.99
"n30_ad3_c5",30,3,0.5,0.01,0,1,0.8,100,95,0.95
"n30_ad3_c5",30,3,0.5,0.01,0,1,1,100,0,0
"n30_ad3_c5",30,3,0.5,0.01,1,0.2,0.2,100,100,1
"n30_ad3_c5",30,3,0.5,0.01,1,0.2,0.4,100,100,1
"n30_ad3_c5",30,3,0.5,0.01,1,0.2,0.6,100,100,1
"n30_ad3_c5",30,3,0.5,0.01,1,0.2,0.8,100,97,0.97
"n30_ad3_c5",30,3,0.5,0.01,1,0.2,1,100,84,0.84
"n30_ad3_c5",30,3,0.5,0.01,1,0.4,0.2,100,100,1
"n30_ad3_c5",30,3,0.5,0.01,1,0.4,0.4,100,100,1
"n30_ad3_c5",30,3,0.5,0.01,1,0.4,0.6,100,100,1
"n30_ad3_c5",30,3,0.5,0.01,1,0.4,0.8,100,94,0.94
"n30_ad3_c5",30,3,0.5,0.01,1,0.4,1,100,55,0.55
"n30_ad3_c5",30,3,0.5,0.01,1,0.6,0.2,100,100,1
"n30_ad3_c5",30,3,0.5,0.01,1,0.6,0.4,100,100,1
"n30_ad3_c5",30,3,0.5,0.01,1,0.6,0.6,100,100,1
"n30_ad3_c5",30,3,0.5,0.01,1,0.6,0.8,100,98,0.98
"n30_ad3_c5",30,3,0.5,0.01,1,0.6,1,100,31,0.31
"n30_ad3_c5",30,3,0.5,0.01,1,0.8,0.2,100,100,1
"n30_ad3_c5",30,3,0.5,0.01,1,0.8,0.4,100,100,1
"n30_ad3_c5",30,3,0.5,0.01,1,0.8,0.6,100,100,1
"n30_ad3_c5",30,3,0.5,0.01,1,0.8,0.8,100,91,0.91
"n30_ad3_c5",30,3,0.5,0.01,1,0.8,1,100,17,0.17
"n30_ad3_c5",30,3,0.5,0.01,1,1,0.2,100,100,1
"n30_ad3_c5",30,3,0.5,0.01,1,1,0.4,100,100,1
"n30_ad3_c5",30,3,0.5,0.01,1,1,0.6,100,100,1
"n30_ad3_c5",30,3,0.5,0.01,1,1,0.8,100,93,0.93
"n30_ad3_c5",30,3,0.5,0.01,1,1,1,100,0,0
"n30_ad3_c5",30,3,0.5,0.01,2,0.2,0.2,100,100,1
"n30_ad3_c5",30,3,0.5,0.01,2,0.2,0.4,100,100,1
"n30_ad3_c5",30,3,0.5,0.01,2,0.2,0.6,100,100,1
"n30_ad3_c5",30,3,0.5,0.01,2,0.2,0.8,100,100,1
"n30_ad3_c5",30,3,0.5,0.01,2,0.2,1,100,84,0.84
"n30_ad3_c5",30,3,0.5,0.01,2,0.4,0.2,100,100,1
"n30_ad3_c5",30,3,0.5,0.01,2,0.4,0.4,100,100,1
"n30_ad3_c5",30,3,0.5,0.01,2,0.4,0.6,100,99,0.99
"n30_ad3_c5",30,3,0.5,0.01,2,0.4,0.8,100,99,0.99
"n30_ad3_c5",30,3,0.5,0.01,2,0.4,1,100,61,0.61
"n30_ad3_c5",30,3,0.5,0.01,2,0.6,0.2,100,100,1
"n30_ad3_c5",30,3,0.5,0.01,2,0.6,0.4,100,100,1
"n30_ad3_c5",30,3,0.5,0.01,2,0.6,0.6,100,100,1
"n30_ad3_c5",30,3,0.5,0.01,2,0.6,0.8,100,100,1
"n30_ad3_c5",30,3,0.5,0.01,2,0.6,1,100,49,0.49
"n30_ad3_c5",30,3,0.5,0.01,2,0.8,0.2,100,100,1
"n30_ad3_c5",30,3,0.5,0.01,2,0.8,0.4,100,100,1
"n30_ad3_c5",30,3,0.5,0.01,2,0.8,0.6,100,100,1
"n30_ad3_c5",30,3,0.5,0.01,2,0.8,0.8,100,94,0.94
"n30_ad3_c5",30,3,0.5,0.01,2,0.8,1,100,38,0.38
"n30_ad3_c5",30,3,0.5,0.01,2,1,0.2,100,100,1
"n30_ad3_c5",30,3,0.5,0.01,2,1,0.4,100,100,1
"n30_ad3_c5",30,3,0.5,0.01,2,1,0.6,100,99,0.99
"n30_ad3_c5",30,3,0.5,0.01,2,1,0.8,100,86,0.86
"n30_ad3_c5",30,3,0.5,0.01,2,1,1,100,0,0
"n30_ad3_c5",30,3,0.5,0.01,4,0.2,0.2,100,100,1
"n30_ad3_c5",30,3,0.5,0.01,4,0.2,0.4,100,100,1
"n30_ad3_c5",30,3,0.5,0.01,4,0.2,0.6,100,100,1
"n30_ad3_c5",30,3,0.5,0.01,4,0.2,0.8,100,100,1
"n30_ad3_c5",30,3,0.5,0.01,4,0.2,1,100,93,0.93
"n30_ad3_c5",30,3,0.5,0.01,4,0.4,0.2,100,100,1
"n30_ad3_c5",30,3,0.5,0.01,4,0.4,0.4,100,100,1
"n30_ad3_c5",30,3,0.5,0.01,4,0.4,0.6,100,100,1
"n30_ad3_c5",30,3,0.5,0.01,4,0.4,0.8,100,100,1
"n30_ad3_c5",30,3,0.5,0.01,4,0.4,1,100,87,0.87
"n30_ad3_c5",30,3,0.5,0.01,4,0.6,0.2,100,100,1
"n30_ad3_c5",30,3,0.5,0.01,4,0.6,0.4,100,100,1
"n30_ad3_c5",30,3,0.5,0.01,4,0.6,0.6,100,100,1
"n30_ad3_c5",30,3,0.5,0.01,4,0.6,0.8,100,99,0.99
"n30_ad3_c5",30,3,0.5,0.01,4,0.6,1,100,79,0.79
"n30_ad3_c5",30,3,0.5,0.01,4,0.8,0.2,100,100,1
"n30_ad3_c5",30,3,0.5,0.01,4,0.8,0.4,100,100,1
"n30_ad3_c5",30,3,0.5,0.01,4,0.8,0.6,100,99,0.99
"n30_ad3_c5",30,3,0.5,0.01,4,0.8,0.8,100,89,0.89
"n30_ad3_c5",30,3,0.5,0.01,4,0.8,1,100,57,0.57
"n30_ad3_c5",30,3,0.5,0.01,4,1,0.2,100,100,1
"n30_ad3_c5",30,3,0.5,0.01,4,1,0.4,100,100,1
"n30_ad3_c5",30,3,0.5,0.01,4,1,0.6,100,99,0.99
"n30_ad3_c5",30,3,0.5,0.01,4,1,0.8,100,81,0.81
"n30_ad3_c5",30,3,0.5,0.01,4,1,1,100,0,0
"n30_ad3_c5",30,3,0.5,0.01,8,0.2,0.2,100,100,1
"n30_ad3_c5",30,3,0.5,0.01,8,0.2,0.4,100,100,1
"n30_ad3_c5",30,3,0.5,0.01,8,0.2,0.6,100,100,1
"n30_ad3_c5",30,3,0.5,0.01,8,0.2,0.8,100,100,1
"n30_ad3_c5",30,3,0.5,0.01,8,0.2,1,100,94,0.94
"n30_ad3_c5",30,3,0.5,0.01,8,0.4,0.2,100,100,1
"n30_ad3_c5",30,3,0.5,0.01,8,0.4,0.4,100,100,1
"n30_ad3_c5",30,3,0.5,0.01,8,0.4,0.6,100,100,1
"n30_ad3_c5",30,3,0.5,0.01,8,0.4,0.8,100,100,1
"n30_ad3_c5",30,3,0.5,0.01,8,0.4,1,100,92,0.92
"n30_ad3_c5",30,3,0.5,0.01,8,0.6,0.2,100,100,1
"n30_ad3_c5",30,3,0.5,0.01,8,0.6,0.4,100,100,1
"n30_ad3_c5",30,3,0.5,0.01,8,0.6,0.6,100,100,1
"n30_ad3_c5",30,3,0.5,0.01,8,0.6,0.8,100,99,0.99
"n30_ad3_c5",30,3,0.5,0.01,8,0.6,1,100,74,0.74
"n30_ad3_c5",30,3,0.5,0.01,8,0.8,0.2,100,100,1
"n30_ad3_c5",30,3,0.5,0.01,8,0.8,0.4,100,100,1
"n30_ad3_c5",30,3,0.5,0.01,8,0.8,0.6,100,97,0.97
"n30_ad3_c5",30,3,0.5,0.01,8,0.8,0.8,100,92,0.92
"n30_ad3_c5",30,3,0.5,0.01,8,0.8,1,100,53,0.53
"n30_ad3_c5",30,3,0.5,0.01,8,1,0.2,100,100,1
"n30_ad3_c5",30,3,0.5,0.01,8,1,0.4,100,100,1
"n30_ad3_c5",30,3,0.5,0.01,8,1,0.6,100,99,0.99
"n30_ad3_c5",30,3,0.5,0.01,8,1,0.8,100,77,0.77
"n30_ad3_c5",30,3,0.5,0.01,8,1,1,100,0,0
"n30_ad3_c5",30,3,0.5,0.05,0,0.2,0.2,100,100,1
"n30_ad3_c5",30,3,0.5,0.05,0,0.2,0.4,100,100,1
"n30_ad3_c5",30,3,0.5,0.05,0,0.2,0.6,100,100,1
"n30_ad3_c5",30,3,0.5,0.05,0,0.2,0.8,100,100,1
"n30_ad3_c5",30,3,0.5,0.05,0,0.2,1,100,88,0.88
"n30_ad3_c5",30,3,0.5,0.05,0,0.4,0.2,100,100,1
"n30_ad3_c5",30,3,0.5,0.05,0,0.4,0.4,100,100,1
"n30_ad3_c5",30,3,0.5,0.05,0,0.4,0.6,100,100,1
"n30_ad3_c5",30,3,0.5,0.05,0,0.4,0.8,100,99,0.99
"n30_ad3_c5",30,3,0.5,0.05,0,0.4,1,100,74,0.74
"n30_ad3_c5",30,3,0.5,0.05,0,0.6,0.2,100,100,1
"n30_ad3_c5",30,3,0.5,0.05,0,0.6,0.4,100,100,1
"n30_ad3_c5",30,3,0.5,0.05,0,0.6,0.6,100,100,1
"n30_ad3_c5",30,3,0.5,0.05,0,0.6,0.8,100,96,0.96
"n30_ad3_c5",30,3,0.5,0.05,0,0.6,1,100,41,0.41
"n30_ad3_c5",30,3,0.5,0.05,0,0.8,0.2,100,100,1
"n30_ad3_c5",30,3,0.5,0.05,0,0.8,0.4,100,100,1
"n30_ad3_c5",30,3,0.5,0.05,0,0.8,0.6,100,100,1
"n30_ad3_c5",30,3,0.5,0.05,0,0.8,0.8,100,93,0.93
"n30_ad3_c5",30,3,0.5,0.05,0,0.8,1,100,19,0.19
"n30_ad3_c5",30,3,0.5,0.05,0,1,0.2,100,100,1
"n30_ad3_c5",30,3,0.5,0.05,0,1,0.4,100,100,1
"n30_ad3_c5",30,3,0.5,0.05,0,1,0.6,100,99,0.99
"n30_ad3_c5",30,3,0.5,0.05,0,1,0.8,100,88,0.88
"n30_ad3_c5",30,3,0.5,0.05,0,1,1,100,0,0
"n30_ad3_c5",30,3,0.5,0.05,1,0.2,0.2,100,100,1
"n30_ad3_c5",30,3,0.5,0.05,1,0.2,0.4,100,100,1
"n30_ad3_c5",30,3,0.5,0.05,1,0.2,0.6,100,100,1
"n30_ad3_c5",30,3,0.5,0.05,1,0.2,0.8,100,100,1
"n30_ad3_c5",30,3,0.5,0.05,1,0.2,1,100,92,0.92
"n30_ad3_c5",30,3,0.5,0.05,1,0.4,0.2,100,100,1
"n30_ad3_c5",30,3,0.5,0.05,1,0.4,0.4,100,100,1
"n30_ad3_c5",30,3,0.5,0.05,1,0.4,0.6,100,100,1
"n30_ad3_c5",30,3,0.5,0.05,1,0.4,0.8,100,99,0.99
"n30_ad3_c5",30,3,0.5,0.05,1,0.4,1,100,78,0.78
"n30_ad3_c5",30,3,0.5,0.05,1,0.6,0.2,100,100,1
"n30_ad3_c5",30,3,0.5,0.05,1,0.6,0.4,100,100,1
"n30_ad3_c5",30,3,0.5,0.05,1,0.6,0.6,100,100,1
"n30_ad3_c5",30,3,0.5,0.05,1,0.6,0.8,100,97,0.97
"n30_ad3_c5",30,3,0.5,0.05,1,0.6,1,100,47,0.47
"n30_ad3_c5",30,3,0.5,0.05,1,0.8,0.2,100,100,1
"n30_ad3_c5",30,3,0.5,0.05,1,0.8,0.4,100,100,1
"n30_ad3_c5",30,3,0.5,0.05,1,0.8,0.6,100,100,1
"n30_ad3_c5",30,3,0.5,0.05,1,0.8,0.8,100,95,0.95
"n30_ad3_c5",30,3,0.5,0.05,1,0.8,1,100,35,0.35
"n30_ad3_c5",30,3,0.5,0.05,1,1,0.2,100,100,1
"n30_ad3_c5",30,3,0.5,0.05,1,1,0.4,100,100,1
"n30_ad3_c5",30,3,0.5,0.05,1,1,0.6,100,99,0.99
"n30_ad3_c5",30,3,0.5,0.05,1,1,0.8,100,89,0.89
"n30_ad3_c5",30,3,0.5,0.05,1,1,1,100,0,0
"n30_ad3_c5",30,3,0.5,0.05,2,0.2,0.2,100,100,1
"n30_ad3_c5",30,3,0.5,0.05,2,0.2,0.4,100,100,1
"n30_ad3_c5",30,3,0.5,0.05,2,0.2,0.6,100,100,1
"n30_ad3_c5",30,3,0.5,0.05,2,0.2,0.8,100,100,1
"n30_ad3_c5",30,3,0.5,0.05,2,0.2,1,100,95,0.95
"n30_ad3_c5",30,3,0.5,0.05,2,0.4,0.2,100,100,1
"n30_ad3_c5",30,3,0.5,0.05,2,0.4,0.4,100,100,1
"n30_ad3_c5",30,3,0.5,0.05,2,0.4,0.6,100,100,1
"n30_ad3_c5",30,3,0.5,0.05,2,0.4,0.8,100,100,1
"n30_ad3_c5",30,3,0.5,0.05,2,0.4,1,100,90,0.9
"n30_ad3_c5",30,3,0.5,0.05,2,0.6,0.2,100,100,1
"n30_ad3_c5",30,3,0.5,0.05,2,0.6,0.4,100,100,1
"n30_ad3_c5",30,3,0.5,0.05,2,0.6,0.6,100,100,1
"n30_ad3_c5",30,3,0.5,0.05,2,0.6,0.8,100,97,0.97
"n30_ad3_c5",30,3,0.5,0.05,2,0.6,1,100,73,0.73
"n30_ad3_c5",30,3,0.5,0.05,2,0.8,0.2,100,100,1
"n30_ad3_c5",30,3,0.5,0.05,2,0.8,0.4,100,100,1
"n30_ad3_c5",30,3,0.5,0.05,2,0.8,0.6,100,100,1
"n30_ad3_c5",30,3,0.5,0.05,2,0.8,0.8,100,94,0.94
"n30_ad3_c5",30,3,0.5,0.05,2,0.8,1,100,52,0.52
"n30_ad3_c5",30,3,0.5,0.05,2,1,0.2,100,100,1
"n30_ad3_c5",30,3,0.5,0.05,2,1,0.4,100,100,1
"n30_ad3_c5",30,3,0.5,0.05,2,1,0.6,100,94,0.94
"n30_ad3_c5",30,3,0.5,0.05,2,1,0.8,100,80,0.8
"n30_ad3_c5",30,3,0.5,0.05,2,1,1,100,0,0
"n30_ad3_c5",30,3,0.5,0.05,4,0.2,0.2,100,100,1
"n30_ad3_c5",30,3,0.5,0.05,4,0.2,0.4,100,100,1
"n30_ad3_c5",30,3,0.5,0.05,4,0.2,0.6,100,100,1
"n30_ad3_c5",30,3,0.5,0.05,4,0.2,0.8,100,100,1
"n30_ad3_c5",30,3,0.5,0.05,4,0.2,1,100,100,1
"n30_ad3_c5",30,3,0.5,0.05,4,0.4,0.2,100,100,1
"n30_ad3_c5",30,3,0.5,0.05,4,0.4,0.4,100,100,1
"n30_ad3_c5",30,3,0.5,0.05,4,0.4,0.6,100,100,1
"n30_ad3_c5",30,3,0.5,0.05,4,0.4,0.8,100,100,1
"n30_ad3_c5",30,3,0.5,0.05,4,0.4,1,100,97,0.97
"n30_ad3_c5",30,3,0.5,0.05,4,0.6,0.2,100,100,1
"n30_ad3_c5",30,3,0.5,0.05,4,0.6,0.4,100,100,1
"n30_ad3_c5",30,3,0.5,0.05,4,0.6,0.6,100,100,1
"n30_ad3_c5",30,3,0.5,0.05,4,0.6,0.8,100,99,0.99
"n30_ad3_c5",30,3,0.5,0.05,4,0.6,1,100,89,0.89
"n30_ad3_c5",30,3,0.5,0.05,4,0.8,0.2,100,100,1
"n30_ad3_c5",30,3,0.5,0.05,4,0.8,0.4,100,100,1
"n30_ad3_c5",30,3,0.5,0.05,4,0.8,0.6,100,99,0.99
"n30_ad3_c5",30,3,0.5,0.05,4,0.8,0.8,100,91,0.91
"n30_ad3_c5",30,3,0.5,0.05,4,0.8,1,100,66,0.66
"n30_ad3_c5",30,3,0.5,0.05,4,1,0.2,100,100,1
"n30_ad3_c5",30,3,0.5,0.05,4,1,0.4,100,99,0.99
"n30_ad3_c5",30,3,0.5,0.05,4,1,0.6,100,95,0.95
"n30_ad3_c5",30,3,0.5,0.05,4,1,0.8,100,71,0.71
"n30_ad3_c5",30,3,0.5,0.05,4,1,1,100,0,0
"n30_ad3_c5",30,3,0.5,0.05,8,0.2,0.2,100,100,1
"n30_ad3_c5",30,3,0.5,0.05,8,0.2,0.4,100,100,1
"n30_ad3_c5",30,3,0.5,0.05,8,0.2,0.6,100,100,1
"n30_ad3_c5",30,3,0.5,0.05,8,0.2,0.8,100,100,1
"n30_ad3_c5",30,3,0.5,0.05,8,0.2,1,100,100,1
"n30_ad3_c5",30,3,0.5,0.05,8,0.4,0.2,100,100,1
"n30_ad3_c5",30,3,0.5,0.05,8,0.4,0.4,100,100,1
"n30_ad3_c5",30,3,0.5,0.05,8,0.4,0.6,100,100,1
"n30_ad3_c5",30,3,0.5,0.05,8,0.4,0.8,100,100,1
"n30_ad3_c5",30,3,0.5,0.05,8,0.4,1,100,98,0.98
"n30_ad3_c5",30,3,0.5,0.05,8,0.6,0.2,100,100,1
"n30_ad3_c5",30,3,0.5,0.05,8,0.6,0.4,100,100,1
"n30_ad3_c5",30,3,0.5,0.05,8,0.6,0.6,100,100,1
"n30_ad3_c5",30,3,0.5,0.05,8,0.6,0.8,100,99,0.99
"n30_ad3_c5",30,3,0.5,0.05,8,0.6,1,100,94,0.94
"n30_ad3_c5",30,3,0.5,0.05,8,0.8,0.2,100,100,1
"n30_ad3_c5",30,3,0.5,0.05,8,0.8,0.4,100,100,1
"n30_ad3_c5",30,3,0.5,0.05,8,0.8,0.6,100,100,1
"n30_ad3_c5",30,3,0.5,0.05,8,0.8,0.8,100,92,0.92
"n30_ad3_c5",30,3,0.5,0.05,8,0.8,1,100,65,0.65
"n30_ad3_c5",30,3,0.5,0.05,8,1,0.2,100,100,1
"n30_ad3_c5",30,3,0.5,0.05,8,1,0.4,100,96,0.96
"n30_ad3_c5",30,3,0.5,0.05,8,1,0.6,100,87,0.87
"n30_ad3_c5",30,3,0.5,0.05,8,1,0.8,100,64,0.64
"n30_ad3_c5",30,3,0.5,0.05,8,1,1,100,0,0
"n30_ad3_c5",30,3,0.5,0.1,0,0.2,0.2,100,100,1
"n30_ad3_c5",30,3,0.5,0.1,0,0.2,0.4,100,100,1
"n30_ad3_c5",30,3,0.5,0.1,0,0.2,0.6,100,100,1
"n30_ad3_c5",30,3,0.5,0.1,0,0.2,0.8,100,100,1
"n30_ad3_c5",30,3,0.5,0.1,0,0.2,1,100,98,0.98
"n30_ad3_c5",30,3,0.5,0.1,0,0.4,0.2,100,100,1
"n30_ad3_c5",30,3,0.5,0.1,0,0.4,0.4,100,100,1
"n30_ad3_c5",30,3,0.5,0.1,0,0.4,0.6,100,100,1
"n30_ad3_c5",30,3,0.5,0.1,0,0.4,0.8,100,98,0.98
"n30_ad3_c5",30,3,0.5,0.1,0,0.4,1,100,91,0.91
"n30_ad3_c5",30,3,0.5,0.1,0,0.6,0.2,100,100,1
"n30_ad3_c5",30,3,0.5,0.1,0,0.6,0.4,100,100,1
"n30_ad3_c5",30,3,0.5,0.1,0,0.6,0.6,100,100,1
"n30_ad3_c5",30,3,0.5,0.1,0,0.6,0.8,100,95,0.95
"n30_ad3_c5",30,3,0.5,0.1,0,0.6,1,100,68,0.68
"n30_ad3_c5",30,3,0.5,0.1,0,0.8,0.2,100,100,1
"n30_ad3_c5",30,3,0.5,0.1,0,0.8,0.4,100,100,1
"n30_ad3_c5",30,3,0.5,0.1,0,0.8,0.6,100,100,1
"n30_ad3_c5",30,3,0.5,0.1,0,0.8,0.8,100,92,0.92
"n30_ad3_c5",30,3,0.5,0.1,0,0.8,1,100,33,0.33
"n30_ad3_c5",30,3,0.5,0.1,0,1,0.2,100,100,1
"n30_ad3_c5",30,3,0.5,0.1,0,1,0.4,100,100,1
"n30_ad3_c5",30,3,0.5,0.1,0,1,0.6,100,100,1
"n30_ad3_c5",30,3,0.5,0.1,0,1,0.8,100,93,0.93
"n30_ad3_c5",30,3,0.5,0.1,0,1,1,100,0,0
"n30_ad3_c5",30,3,0.5,0.1,1,0.2,0.2,100,100,1
"n30_ad3_c5",30,3,0.5,0.1,1,0.2,0.4,100,100,1
"n30_ad3_c5",30,3,0.5,0.1,1,0.2,0.6,100,100,1
"n30_ad3_c5",30,3,0.5,0.1,1,0.2,0.8,100,100,1
"n30_ad3_c5",30,3,0.5,0.1,1,0.2,1,100,99,0.99
"n30_ad3_c5",30,3,0.5,0.1,1,0.4,0.2,100,100,1
"n30_ad3_c5",30,3,0.5,0.1,1,0.4,0.4,100,100,1
"n30_ad3_c5",30,3,0.5,0.1,1,0.4,0.6,100,100,1
"n30_ad3_c5",30,3,0.5,0.1,1,0.4,0.8,100,99,0.99
"n30_ad3_c5",30,3,0.5,0.1,1,0.4,1,100,86,0.86
"n30_ad3_c5",30,3,0.5,0.1,1,0.6,0.2,100,100,1
"n30_ad3_c5",30,3,0.5,0.1,1,0.6,0.4,100,100,1
"n30_ad3_c5",30,3,0.5,0.1,1,0.6,0.6,100,100,1
"n30_ad3_c5",30,3,0.5,0.1,1,0.6,0.8,100,96,0.96
"n30_ad3_c5",30,3,0.5,0.1,1,0.6,1,100,76,0.76
"n30_ad3_c5",30,3,0.5,0.1,1,0.8,0.2,100,100,1
"n30_ad3_c5",30,3,0.5,0.1,1,0.8,0.4,100,100,1
"n30_ad3_c5",30,3,0.5,0.1,1,0.8,0.6,100,100,1
"n30_ad3_c5",30,3,0.5,0.1,1,0.8,0.8,100,93,0.93
"n30_ad3_c5",30,3,0.5,0.1,1,0.8,1,100,53,0.53
"n30_ad3_c5",30,3,0.5,0.1,1,1,0.2,100,100,1
"n30_ad3_c5",30,3,0.5,0.1,1,1,0.4,100,100,1
"n30_ad3_c5",30,3,0.5,0.1,1,1,0.6,100,94,0.94
"n30_ad3_c5",30,3,0.5,0.1,1,1,0.8,100,81,0.81
"n30_ad3_c5",30,3,0.5,0.1,1,1,1,100,0,0
"n30_ad3_c5",30,3,0.5,0.1,2,0.2,0.2,100,100,1
"n30_ad3_c5",30,3,0.5,0.1,2,0.2,0.4,100,100,1
"n30_ad3_c5",30,3,0.5,0.1,2,0.2,0.6,100,100,1
"n30_ad3_c5",30,3,0.5,0.1,2,0.2,0.8,100,100,1
"n30_ad3_c5",30,3,0.5,0.1,2,0.2,1,100,99,0.99
"n30_ad3_c5",30,3,0.5,0.1,2,0.4,0.2,100,100,1
"n30_ad3_c5",30,3,0.5,0.1,2,0.4,0.4,100,100,1
"n30_ad3_c5",30,3,0.5,0.1,2,0.4,0.6,100,100,1
"n30_ad3_c5",30,3,0.5,0.1,2,0.4,0.8,100,99,0.99
"n30_ad3_c5",30,3,0.5,0.1,2,0.4,1,100,96,0.96
"n30_ad3_c5",30,3,0.5,0.1,2,0.6,0.2,100,100,1
"n30_ad3_c5",30,3,0.5,0.1,2,0.6,0.4,100,100,1
"n30_ad3_c5",30,3,0.5,0.1,2,0.6,0.6,100,100,1
"n30_ad3_c5",30,3,0.5,0.1,2,0.6,0.8,100,100,1
"n30_ad3_c5",30,3,0.5,0.1,2,0.6,1,100,80,0.8
"n30_ad3_c5",30,3,0.5,0.1,2,0.8,0.2,100,100,1
"n30_ad3_c5",30,3,0.5,0.1,2,0.8,0.4,100,100,1
"n30_ad3_c5",30,3,0.5,0.1,2,0.8,0.6,100,100,1
"n30_ad3_c5",30,3,0.5,0.1,2,0.8,0.8,100,92,0.92
"n30_ad3_c5",30,3,0.5,0.1,2,0.8,1,100,64,0.64
"n30_ad3_c5",30,3,0.5,0.1,2,1,0.2,100,100,1
"n30_ad3_c5",30,3,0.5,0.1,2,1,0.4,100,98,0.98
"n30_ad3_c5",30,3,0.5,0.1,2,1,0.6,100,95,0.95
"n30_ad3_c5",30,3,0.5,0.1,2,1,0.8,100,79,0.79
"n30_ad3_c5",30,3,0.5,0.1,2,1,1,100,0,0
"n30_ad3_c5",30,3,0.5,0.1,4,0.2,0.2,100,100,1
"n30_ad3_c5",30,3,0.5,0.1,4,0.2,0.4,100,100,1
"n30_ad3_c5",30,3,0.5,0.1,4,0.2,0.6,100,100,1
"n30_ad3_c5",30,3,0.5,0.1,4,0.2,0.8,100,100,1
"n30_ad3_c5",30,3,0.5,0.1,4,0.2,1,100,100,1
"n30_ad3_c5",30,3,0.5,0.1,4,0.4,0.2,100,100,1
"n30_ad3_c5",30,3,0.5,0.1,4,0.4,0.4,100,100,1
"n30_ad3_c5",30,3,0.5,0.1,4,0.4,0.6,100,100,1
"n30_ad3_c5",30,3,0.5,0.1,4,0.4,0.8,100,100,1
"n30_ad3_c5",30,3,0.5,0.1,4,0.4,1,100,99,0.99
"n30_ad3_c5",30,3,0.5,0.1,4,0.6,0.2,100,100,1
"n30_ad3_c5",30,3,0.5,0.1,4,0.6,0.4,100,100,1
"n30_ad3_c5",30,3,0.5,0.1,4,0.6,0.6,100,100,1
"n30_ad3_c5",30,3,0.5,0.1,4,0.6,0.8,100,99,0.99
"n30_ad3_c5",30,3,0.5,0.1,4,0.6,1,100,91,0.91
"n30_ad3_c5",30,3,0.5,0.1,4,0.8,0.2,100,100,1
"n30_ad3_c5",30,3,0.5,0.1,4,0.8,0.4,100,100,1
"n30_ad3_c5",30,3,0.5,0.1,4,0.8,0.6,100,99,0.99
"n30_ad3_c5",30,3,0.5,0.1,4,0.8,0.8,100,96,0.96
"n30_ad3_c5",30,3,0.5,0.1,4,0.8,1,100,78,0.78
"n30_ad3_c5",30,3,0.5,0.1,4,1,0.2,100,100,1
"n30_ad3_c5",30,3,0.5,0.1,4,1,0.4,100,98,0.98
"n30_ad3_c5",30,3,0.5,0.1,4,1,0.6,100,89,0.89
"n30_ad3_c5",30,3,0.5,0.1,4,1,0.8,100,65,0.65
"n30_ad3_c5",30,3,0.5,0.1,4,1,1,100,0,0
"n30_ad3_c5",30,3,0.5,0.1,8,0.2,0.2,100,100,1
"n30_ad3_c5",30,3,0.5,0.1,8,0.2,0.4,100,100,1
"n30_ad3_c5",30,3,0.5,0.1,8,0.2,0.6,100,100,1
"n30_ad3_c5",30,3,0.5,0.1,8,0.2,0.8,100,100,1
"n30_ad3_c5",30,3,0.5,0.1,8,0.2,1,100,100,1
"n30_ad3_c5",30,3,0.5,0.1,8,0.4,0.2,100,100,1
"n30_ad3_c5",30,3,0.5,0.1,8,0.4,0.4,100,100,1
"n30_ad3_c5",30,3,0.5,0.1,8,0.4,0.6,100,100,1
"n30_ad3_c5",30,3,0.5,0.1,8,0.4,0.8,100,100,1
"n30_ad3_c5",30,3,0.5,0.1,8,0.4,1,100,100,1
"n30_ad3_c5",30,3,0.5,0.1,8,0.6,0.2,100,100,1
"n30_ad3_c5",30,3,0.5,0.1,8,0.6,0.4,100,100,1
"n30_ad3_c5",30,3,0.5,0.1,8,0.6,0.6,100,100,1
"n30_ad3_c5",30,3,0.5,0.1,8,0.6,0.8,100,100,1
"n30_ad3_c5",30,3,0.5,0.1,8,0.6,1,100,94,0.94
"n30_ad3_c5",30,3,0.5,0.1,8,0.8,0.2,100,100,1
"n30_ad3_c5",30,3,0.5,0.1,8,0.8,0.4,100,100,1
"n30_ad3_c5",30,3,0.5,0.1,8,0.8,0.6,100,99,0.99
"n30_ad3_c5",30,3,0.5,0.1,8,0.8,0.8,100,90,0.9
"n30_ad3_c5",30,3,0.5,0.1,8,0.8,1,100,85,0.85
"n30_ad3_c5",30,3,0.5,0.1,8,1,0.2,100,98,0.98
"n30_ad3_c5",30,3,0.5,0.1,8,1,0.4,100,92,0.92
"n30_ad3_c5",30,3,0.5,0.1,8,1,0.6,100,81,0.81
"n30_ad3_c5",30,3,0.5,0.1,8,1,0.8,100,60,0.6
"n30_ad3_c5",30,3,0.5,0.1,8,1,1,100,0,0
"n30_ad6_c1",30,6,0.1,0.01,0,0.2,0.2,100,100,1
"n30_ad6_c1",30,6,0.1,0.01,0,0.2,0.4,100,100,1
"n30_ad6_c1",30,6,0.1,0.01,0,0.2,0.6,100,85,0.85
"n30_ad6_c1",30,6,0.1,0.01,0,0.2,0.8,100,63,0.63
"n30_ad6_c1",30,6,0.1,0.01,0,0.2,1,100,34,0.34
"n30_ad6_c1",30,6,0.1,0.01,0,0.4,0.2,100,100,1
"n30_ad6_c1",30,6,0.1,0.01,0,0.4,0.4,100,100,1
"n30_ad6_c1",30,6,0.1,0.01,0,0.4,0.6,100,71,0.71
"n30_ad6_c1",30,6,0.1,0.01,0,0.4,0.8,100,41,0.41
"n30_ad6_c1",30,6,0.1,0.01,0,0.4,1,100,13,0.13
"n30_ad6_c1",30,6,0.1,0.01,0,0.6,0.2,100,100,1
"n30_ad6_c1",30,6,0.1,0.01,0,0.6,0.4,100,97,0.97
"n30_ad6_c1",30,6,0.1,0.01,0,0.6,0.6,100,78,0.78
"n30_ad6_c1",30,6,0.1,0.01,0,0.6,0.8,100,51,0.51
"n30_ad6_c1",30,6,0.1,0.01,0,0.6,1,100,11,0.11
"n30_ad6_c1",30,6,0.1,0.01,0,0.8,0.2,100,100,1
"n30_ad6_c1",30,6,0.1,0.01,0,0.8,0.4,100,96,0.96
"n30_ad6_c1",30,6,0.1,0.01,0,0.8,0.6,100,76,0.76
"n30_ad6_c1",30,6,0.1,0.01,0,0.8,0.8,100,43,0.43
"n30_ad6_c1",30,6,0.1,0.01,0,0.8,1,100,4,0.04
"n30_ad6_c1",30,6,0.1,0.01,0,1,0.2,100,100,1
"n30_ad6_c1",30,6,0.1,0.01,0,1,0.4,100,97,0.97
"n30_ad6_c1",30,6,0.1,0.01,0,1,0.6,100,76,0.76
"n30_ad6_c1",30,6,0.1,0.01,0,1,0.8,100,32,0.32
"n30_ad6_c1",30,6,0.1,0.01,0,1,1,100,0,0
"n30_ad6_c1",30,6,0.1,0.01,1,0.2,0.2,100,100,1
"n30_ad6_c1",30,6,0.1,0.01,1,0.2,0.4,100,100,1
"n30_ad6_c1",30,6,0.1,0.01,1,0.2,0.6,100,83,0.83
"n30_ad6_c1",30,6,0.1,0.01,1,0.2,0.8,100,56,0.56
"n30_ad6_c1",30,6,0.1,0.01,1,0.2,1,100,27,0.27
"n30_ad6_c1",30,6,0.1,0.01,1,0.4,0.2,100,100,1
"n30_ad6_c1",30,6,0.1,0.01,1,0.4,0.4,100,97,0.97
"n30_ad6_c1",30,6,0.1,0.01,1,0.4,0.6,100,81,0.81
"n30_ad6_c1",30,6,0.1,0.01,1,0.4,0.8,100,54,0.54
"n30_ad6_c1",30,6,0.1,0.01,1,0.4,1,100,5,0.05
"n30_ad6_c1",30,6,0.1,0.01,1,0.6,0.2,100,100,1
"n30_ad6_c1",30,6,0.1,0.01,1,0.6,0.4,100,100,1
"n30_ad6_c1",30,6,0.1,0.01,1,0.6,0.6,100,77,0.77
"n30_ad6_c1",30,6,0.1,0.01,1,0.6,0.8,100,42,0.42
"n30_ad6_c1",30,6,0.1,0.01,1,0.6,1,100,2,0.02
"n30_ad6_c1",30,6,0.1,0.01,1,0.8,0.2,100,100,1
"n30_ad6_c1",30,6,0.1,0.01,1,0.8,0.4,100,94,0.94
"n30_ad6_c1",30,6,0.1,0.01,1,0.8,0.6,100,79,0.79
"n30_ad6_c1",30,6,0.1,0.01,1,0.8,0.8,100,43,0.43
"n30_ad6_c1",30,6,0.1,0.01,1,0.8,1,100,0,0
"n30_ad6_c1",30,6,0.1,0.01,1,1,0.2,100,100,1
"n30_ad6_c1",30,6,0.1,0.01,1,1,0.4,100,96,0.96
"n30_ad6_c1",30,6,0.1,0.01,1,1,0.6,100,66,0.66
"n30_ad6_c1",30,6,0.1,0.01,1,1,0.8,100,35,0.35
"n30_ad6_c1",30,6,0.1,0.01,1,1,1,100,0,0
"n30_ad6_c1",30,6,0.1,0.01,2,0.2,0.2,100,100,1
"n30_ad6_c1",30,6,0.1,0.01,2,0.2,0.4,100,99,0.99
"n30_ad6_c1",30,6,0.1,0.01,2,0.2,0.6,100,85,0.85
"n30_ad6_c1",30,6,0.1,0.01,2,0.2,0.8,100,61,0.61
"n30_ad6_c1",30,6,0.1,0.01,2,0.2,1,100,33,0.33
"n30_ad6_c1",30,6,0.1,0.01,2,0.4,0.2,100,100,1
"n30_ad6_c1",30,6,0.1,0.01,2,0.4,0.4,100,97,0.97
"n30_ad6_c1",30,6,0.1,0.01,2,0.4,0.6,100,82,0.82
"n30_ad6_c1",30,6,0.1,0.01,2,0.4,0.8,100,35,0.35
"n30_ad6_c1",30,6,0.1,0.01,2,0.4,1,100,9,0.09
"n30_ad6_c1",30,6,0.1,0.01,2,0.6,0.2,100,100,1
"n30_ad6_c1",30,6,0.1,0.01,2,0.6,0.4,100,99,0.99
"n30_ad6_c1",30,6,0.1,0.01,2,0.6,0.6,100,77,0.77
"n30_ad6_c1",30,6,0.1,0.01,2,0.6,0.8,100,44,0.44
"n30_ad6_c1",30,6,0.1,0.01,2,0.6,1,100,6,0.06
"n30_ad6_c1",30,6,0.1,0.01,2,0.8,0.2,100,100,1
"n30_ad6_c1",30,6,0.1,0.01,2,0.8,0.4,100,97,0.97
"n30_ad6_c1",30,6,0.1,0.01,2,0.8,0.6,100,75,0.75
"n30_ad6_c1",30,6,0.1,0.01,2,0.8,0.8,100,54,0.54
"n30_ad6_c1",30,6,0.1,0.01,2,0.8,1,100,3,0.03
"n30_ad6_c1",30,6,0.1,0.01,2,1,0.2,100,100,1
"n30_ad6_c1",30,6,0.1,0.01,2,1,0.4,100,96,0.96
"n30_ad6_c1",30,6,0.1,0.01,2,1,0.6,100,69,0.69
"n30_ad6_c1",30,6,0.1,0.01,2,1,0.8,100,43,0.43
"n30_ad6_c1",30,6,0.1,0.01,2,1,1,100,0,0
"n30_ad6_c1",30,6,0.1,0.01,4,0.2,0.2,100,100,1
"n30_ad6_c1",30,6,0.1,0.01,4,0.2,0.4,100,100,1
"n30_ad6_c1",30,6,0.1,0.01,4,0.2,0.6,100,84,0.84
"n30_ad6_c1",30,6,0.1,0.01,4,0.2,0.8,100,56,0.56
"n30_ad6_c1",30,6,0.1,0.01,4,0.2,1,100,18,0.18
"n30_ad6_c1",30,6,0.1,0.01,4,0.4,0.2,100,100,1
"n30_ad6_c1",30,6,0.1,0.01,4,0.4,0.4,100,98,0.98
"n30_ad6_c1",30,6,0.1,0.01,4,0.4,0.6,100,84,0.84
"n30_ad6_c1",30,6,0.1,0.01,4,0.4,0.8,100,46,0.46
"n30_ad6_c1",30,6,0.1,0.01,4,0.4,1,100,6,0.06
"n30_ad6_c1",30,6,0.1,0.01,4,0.6,0.2,100,100,1
"n30_ad6_c1",30,6,0.1,0.01,4,0.6,0.4,100,99,0.99
"n30_ad6_c1",30,6,0.1,0.01,4,0.6,0.6,100,78,0.78
"n30_ad6_c1",30,6,0.1,0.01,4,0.6,0.8,100,42,0.42
"n30_ad6_c1",30,6,0.1,0.01,4,0.6,1,100,4,0.04
"n30_ad6_c1",30,6,0.1,0.01,4,0.8,0.2,100,100,1
"n30_ad6_c1",30,6,0.1,0.01,4,0.8,0.4,100,97,0.97
"n30_ad6_c1",30,6,0.1,0.01,4,0.8,0.6,100,77,0.77
"n30_ad6_c1",30,6,0.1,0.01,4,0.8,0.8,100,40,0.4
"n30_ad6_c1",30,6,0.1,0.01,4,0.8,1,100,1,0.01
"n30_ad6_c1",30,6,0.1,0.01,4,1,0.2,100,100,1
"n30_ad6_c1",30,6,0.1,0.01,4,1,0.4,100,98,0.98
"n30_ad6_c1",30,6,0.1,0.01,4,1,0.6,100,72,0.72
"n30_ad6_c1",30,6,0.1,0.01,4,1,0.8,100,48,0.48
"n30_ad6_c1",30,6,0.1,0.01,4,1,1,100,0,0
"n30_ad6_c1",30,6,0.1,0.01,8,0.2,0.2,100,100,1
"n30_ad6_c1",30,6,0.1,0.01,8,0.2,0.4,100,98,0.98
"n30_ad6_c1",30,6,0.1,0.01,8,0.2,0.6,100,87,0.87
"n30_ad6_c1",30,6,0.1,0.01,8,0.2,0.8,100,51,0.51
"n30_ad6_c1",30,6,0.1,0.01,8,0.2,1,100,20,0.2
"n30_ad6_c1",30,6,0.1,0.01,8,0.4,0.2,100,100,1
"n30_ad6_c1",30,6,0.1,0.01,8,0.4,0.4,100,97,0.97
"n30_ad6_c1",30,6,0.1,0.01,8,0.4,0.6,100,81,0.81
"n30_ad6_c1",30,6,0.1,0.01,8,0.4,0.8,100,37,0.37
"n30_ad6_c1",30,6,0.1,0.01,8,0.4,1,100,8,0.08
"n30_ad6_c1",30,6,0.1,0.01,8,0.6,0.2,100,100,1
"n30_ad6_c1",30,6,0.1,0.01,8,0.6,0.4,100,100,1
"n30_ad6_c1",30,6,0.1,0.01,8,0.6,0.6,100,73,0.73
"n30_ad6_c1",30,6,0.1,0.01,8,0.6,0.8,100,30,0.3
"n30_ad6_c1",30,6,0.1,0.01,8,0.6,1,100,3,0.03
"n30_ad6_c1",30,6,0.1,0.01,8,0.8,0.2,100,100,1
"n30_ad6_c1",30,6,0.1,0.01,8,0.8,0.4,100,97,0.97
"n30_ad6_c1",30,6,0.1,0.01,8,0.8,0.6,100,77,0.77
"n30_ad6_c1",30,6,0.1,0.01,8,0.8,0.8,100,36,0.36
"n30_ad6_c1",30,6,0.1,0.01,8,0.8,1,100,2,0.02
"n30_ad6_c1",30,6,0.1,0.01,8,1,0.2,100,100,1
"n30_ad6_c1",30,6,0.1,0.01,8,1,0.4,100,97,0.97
"n30_ad6_c1",30,6,0.1,0.01,8,1,0.6,100,69,0.69
"n30_ad6_c1",30,6,0.1,0.01,8,1,0.8,100,43,0.43
"n30_ad6_c1",30,6,0.1,0.01,8,1,1,100,0,0
"n30_ad6_c1",30,6,0.1,0.05,0,0.2,0.2,100,100,1
"n30_ad6_c1",30,6,0.1,0.05,0,0.2,0.4,100,100,1
"n30_ad6_c1",30,6,0.1,0.05,0,0.2,0.6,100,92,0.92
"n30_ad6_c1",30,6,0.1,0.05,0,0.2,0.8,100,70,0.7
"n30_ad6_c1",30,6,0.1,0.05,0,0.2,1,100,55,0.55
"n30_ad6_c1",30,6,0.1,0.05,0,0.4,0.2,100,100,1
"n30_ad6_c1",30,6,0.1,0.05,0,0.4,0.4,100,96,0.96
"n30_ad6_c1",30,6,0.1,0.05,0,0.4,0.6,100,77,0.77
"n30_ad6_c1",30,6,0.1,0.05,0,0.4,0.8,100,57,0.57
"n30_ad6_c1",30,6,0.1,0.05,0,0.4,1,100,30,0.3
"n30_ad6_c1",30,6,0.1,0.05,0,0.6,0.2,100,100,1
"n30_ad6_c1",30,6,0.1,0.05,0,0.6,0.4,100,96,0.96
"n30_ad6_c1",30,6,0.1,0.05,0,0.6,0.6,100,78,0.78
"n30_ad6_c1",30,6,0.1,0.05,0,0.6,0.8,100,51,0.51
"n30_ad6_c1",30,6,0.1,0.05,0,0.6,1,100,18,0.18
"n30_ad6_c1",30,6,0.1,0.05,0,0.8,0.2,100,100,1
"n30_ad6_c1",30,6,0.1,0.05,0,0.8,0.4,100,95,0.95
"n30_ad6_c1",30,6,0.1,0.05,0,0.8,0.6,100,72,0.72
"n30_ad6_c1",30,6,0.1,0.05,0,0.8,0.8,100,46,0.46
"n30_ad6_c1",30,6,0.1,0.05,0,0.8,1,100,8,0.08
"n30_ad6_c1",30,6,0.1,0.05,0,1,0.2,100,100,1
"n30_ad6_c1",30,6,0.1,0.05,0,1,0.4,100,95,0.95
"n30_ad6_c1",30,6,0.1,0.05,0,1,0.6,100,67,0.67
"n30_ad6_c1",30,6,0.1,0.05,0,1,0.8,100,31,0.31
"n30_ad6_c1",30,6,0.1,0.05,0,1,1,100,0,0
"n30_ad6_c1",30,6,0.1,0.05,1,0.2,0.2,100,100,1
"n30_ad6_c1",30,6,0.1,0.05,1,0.2,0.4,100,97,0.97
"n30_ad6_c1",30,6,0.1,0.05,1,0.2,0.6,100,94,0.94
"n30_ad6_c1",30,6,0.1,0.05,1,0.2,0.8,100,76,0.76
"n30_ad6_c1",30,6,0.1,0.05,1,0.2,1,100,61,0.61
"n30_ad6_c1",30,6,0.1,0.05,1,0.4,0.2,100,100,1
"n30_ad6_c1",30,6,0.1,0.05,1,0.4,0.4,100,98,0.98
"n30_ad6_c1",30,6,0.1,0.05,1,0.4,0.6,100,78,0.78
"n30_ad6_c1",30,6,0.1,0.05,1,0.4,0.8,100,60,0.6
"n30_ad6_c1",30,6,0.1,0.05,1,0.4,1,100,27,0.27
"n30_ad6_c1",30,6,0.1,0.05,1,0.6,0.2,100,100,1
"n30_ad6_c1",30,6,0.1,0.05,1,0.6,0.4,100,96,0.96
"n30_ad6_c1",30,6,0.1,0.05,1,0.6,0.6,100,71,0.71
"n30_ad6_c1",30,6,0.1,0.05,1,0.6,0.8,100,39,0.39
"n30_ad6_c1",30,6,0.1,0.05,1,0.6,1,100,13,0.13
"n30_ad6_c1",30,6,0.1,0.05,1,0.8,0.2,100,100,1
"n30_ad6_c1",30,6,0.1,0.05,1,0.8,0.4,100,96,0.96
"n30_ad6_c1",30,6,0.1,0.05,1,0.8,0.6,100,67,0.67
"n30_ad6_c1",30,6,0.1,0.05,1,0.8,0.8,100,46,0.46
"n30_ad6_c1",30,6,0.1,0.05,1,0.8,1,100,7,0.07
"n30_ad6_c1",30,6,0.1,0.05,1,1,0.2,100,100,1
"n30_ad6_c1",30,6,0.1,0.05,1,1,0.4,100,94,0.94
"n30_ad6_c1",30,6,0.1,0.05,1,1,0.6,100,69,0.69
"n30_ad6_c1",30,6,0.1,0.05,1,1,0.8,100,38,0.38
"n30_ad6_c1",30,6,0.1,0.05,1,1,1,100,0,0
"n30_ad6_c1",30,6,0.1,0.05,2,0.2,0.2,100,100,1
"n30_ad6_c1",30,6,0.1,0.05,2,0.2,0.4,100,99,0.99
"n30_ad6_c1",30,6,0.1,0.05,2,0.2,0.6,100,92,0.92
"n30_ad6_c1",30,6,0.1,0.05,2,0.2,0.8,100,76,0.76
"n30_ad6_c1",30,6,0.1,0.05,2,0.2,1,100,48,0.48
"n30_ad6_c1",30,6,0.1,0.05,2,0.4,0.2,100,100,1
"n30_ad6_c1",30,6,0.1,0.05,2,0.4,0.4,100,97,0.97
"n30_ad6_c1",30,6,0.1,0.05,2,0.4,0.6,100,81,0.81
"n30_ad6_c1",30,6,0.1,0.05,2,0.4,0.8,100,60,0.6
"n30_ad6_c1",30,6,0.1,0.05,2,0.4,1,100,15,0.15
"n30_ad6_c1",30,6,0.1,0.05,2,0.6,0.2,100,100,1
"n30_ad6_c1",30,6,0.1,0.05,2,0.6,0.4,100,98,0.98
"n30_ad6_c1",30,6,0.1,0.05,2,0.6,0.6,100,69,0.69
"n30_ad6_c1",30,6,0.1,0.05,2,0.6,0.8,100,41,0.41
"n30_ad6_c1",30,6,0.1,0.05,2,0.6,1,100,13,0.13
"n30_ad6_c1",30,6,0.1,0.05,2,0.8,0.2,100,100,1
"n30_ad6_c1",30,6,0.1,0.05,2,0.8,0.4,100,96,0.96
"n30_ad6_c1",30,6,0.1,0.05,2,0.8,0.6,100,81,0.81
"n30_ad6_c1",30,6,0.1,0.05,2,0.8,0.8,100,49,0.49
"n30_ad6_c1",30,6,0.1,0.05,2,0.8,1,100,6,0.06
"n30_ad6_c1",30,6,0.1,0.05,2,1,0.2,100,100,1
"n30_ad6_c1",30,6,0.1,0.05,2,1,0.4,100,92,0.92
"n30_ad6_c1",30,6,0.1,0.05,2,1,0.6,100,72,0.72
"n30_ad6_c1",30,6,0.1,0.05,2,1,0.8,100,42,0.42
"n30_ad6_c1",30,6,0.1,0.05,2,1,1,100,0,0
"n30_ad6_c1",30,6,0.1,0.05,4,0.2,0.2,100,100,1
"n30_ad6_c1",30,6,0.1,0.05,4,0.2,0.4,100,99,0.99
"n30_ad6_c1",30,6,0.1,0.05,4,0.2,0.6,100,89,0.89
"n30_ad6_c1",30,6,0.1,0.05,4,0.2,0.8,100,63,0.63
"n30_ad6_c1",30,6,0.1,0.05,4,0.2,1,100,34,0.34
"n30_ad6_c1",30,6,0.1,0.05,4,0.4,0.2,100,100,1
"n30_ad6_c1",30,6,0.1,0.05,4,0.4,0.4,100,99,0.99
"n30_ad6_c1",30,6,0.1,0.05,4,0.4,0.6,100,80,0.8
"n30_ad6_c1",30,6,0.1,0.05,4,0.4,0.8,100,42,0.42
"n30_ad6_c1",30,6,0.1,0.05,4,0.4,1,100,11,0.11
"n30_ad6_c1",30,6,0.1,0.05,4,0.6,0.2,100,100,1
"n30_ad6_c1",30,6,0.1,0.05,4,0.6,0.4,100,99,0.99
"n30_ad6_c1",30,6,0.1,0.05,4,0.6,0.6,100,74,0.74
"n30_ad6_c1",30,6,0.1,0.05,4,0.6,0.8,100,38,0.38
"n30_ad6_c1",30,6,0.1,0.05,4,0.6,1,100,2,0.02
"n30_ad6_c1",30,6,0.1,0.05,4,0.8,0.2,100,100,1
"n30_ad6_c1",30,6,0.1,0.05,4,0.8,0.4,100,94,0.94
"n30_ad6_c1",30,6,0.1,0.05,4,0.8,0.6,100,76,0.76
"n30_ad6_c1",30,6,0.1,0.05,4,0.8,0.8,100,45,0.45
"n30_ad6_c1",30,6,0.1,0.05,4,0.8,1,100,2,0.02
"n30_ad6_c1",30,6,0.1,0.05,4,1,0.2,100,100,1
"n30_ad6_c1",30,6,0.1,0.05,4,1,0.4,100,91,0.91
"n30_ad6_c1",30,6,0.1,0.05,4,1,0.6,100,73,0.73
"n30_ad6_c1",30,6,0.1,0.05,4,1,0.8,100,32,0.32
"n30_ad6_c1",30,6,0.1,0.05,4,1,1,100,0,0
"n30_ad6_c1",30,6,0.1,0.05,8,0.2,0.2,100,100,1
"n30_ad6_c1",30,6,0.1,0.05,8,0.2,0.4,100,99,0.99
"n30_ad6_c1",30,6,0.1,0.05,8,0.2,0.6,100,91,0.91
"n30_ad6_c1",30,6,0.1,0.05,8,0.2,0.8,100,69,0.69
"n30_ad6_c1",30,6,0.1,0.05,8,0.2,1,100,44,0.44
"n30_ad6_c1",30,6,0.1,0.05,8,0.4,0.2,100,100,1
"n30_ad6_c1",30,6,0.1,0.05,8,0.4,0.4,100,98,0.98
"n30_ad6_c1",30,6,0.1,0.05,8,0.4,0.6,100,73,0.73
"n30_ad6_c1",30,6,0.1,0.05,8,0.4,0.8,100,50,0.5
"n30_ad6_c1",30,6,0.1,0.05,8,0.4,1,100,17,0.17
"n30_ad6_c1",30,6,0.1,0.05,8,0.6,0.2,100,100,1
"n30_ad6_c1",30,6,0.1,0.05,8,0.6,0.4,100,96,0.96
"n30_ad6_c1",30,6,0.1,0.05,8,0.6,0.6,100,80,0.8
"n30_ad6_c1",30,6,0.1,0.05,8,0.6,0.8,100,42,0.42
"n30_ad6_c1",30,6,0.1,0.05,8,0.6,1,100,10,0.1
"n30_ad6_c1",30,6,0.1,0.05,8,0.8,0.2,100,100,1
"n30_ad6_c1",30,6,0.1,0.05,8,0.8,0.4,100,97,0.97
"n30_ad6_c1",30,6,0.1,0.05,8,0.8,0.6,100,79,0.79
"n30_ad6_c1",30,6,0.1,0.05,8,0.8,0.8,100,36,0.36
"n30_ad6_c1",30,6,0.1,0.05,8,0.8,1,100,3,0.03
"n30_ad6_c1",30,6,0.1,0.05,8,1,0.2,100,100,1
"n30_ad6_c1",30,6,0.1,0.05,8,1,0.4,100,97,0.97
"n30_ad6_c1",30,6,0.1,0.05,8,1,0.6,100,70,0.7
"n30_ad6_c1",30,6,0.1,0.05,8,1,0.8,100,39,0.39
"n30_ad6_c1",30,6,0.1,0.05,8,1,1,100,0,0
"n30_ad6_c1",30,6,0.1,0.1,0,0.2,0.2,100,100,1
"n30_ad6_c1",30,6,0.1,0.1,0,0.2,0.4,100,99,0.99
"n30_ad6_c1",30,6,0.1,0.1,0,0.2,0.6,100,96,0.96
"n30_ad6_c1",30,6,0.1,0.1,0,0.2,0.8,100,84,0.84
"n30_ad6_c1",30,6,0.1,0.1,0,0.2,1,100,76,0.76
"n30_ad6_c1",30,6,0.1,0.1,0,0.4,0.2,100,100,1
"n30_ad6_c1",30,6,0.1,0.1,0,0.4,0.4,100,99,0.99
"n30_ad6_c1",30,6,0.1,0.1,0,0.4,0.6,100,94,0.94
"n30_ad6_c1",30,6,0.1,0.1,0,0.4,0.8,100,69,0.69
"n30_ad6_c1",30,6,0.1,0.1,0,0.4,1,100,37,0.37
"n30_ad6_c1",30,6,0.1,0.1,0,0.6,0.2,100,100,1
"n30_ad6_c1",30,6,0.1,0.1,0,0.6,0.4,100,96,0.96
"n30_ad6_c1",30,6,0.1,0.1,0,0.6,0.6,100,74,0.74
"n30_ad6_c1",30,6,0.1,0.1,0,0.6,0.8,100,53,0.53
"n30_ad6_c1",30,6,0.1,0.1,0,0.6,1,100,28,0.28
"n30_ad6_c1",30,6,0.1,0.1,0,0.8,0.2,100,100,1
"n30_ad6_c1",30,6,0.1,0.1,0,0.8,0.4,100,94,0.94
"n30_ad6_c1",30,6,0.1,0.1,0,0.8,0.6,100,66,0.66
"n30_ad6_c1",30,6,0.1,0.1,0,0.8,0.8,100,43,0.43
"n30_ad6_c1",30,6,0.1,0.1,0,0.8,1,100,12,0.12
"n30_ad6_c1",30,6,0.1,0.1,0,1,0.2,100,99,0.99
"n30_ad6_c1",30,6,0.1,0.1,0,1,0.4,100,94,0.94
"n30_ad6_c1",30,6,0.1,0.1,0,1,0.6,100,71,0.71
"n30_ad6_c1",30,6,0.1,0.1,0,1,0.8,100,32,0.32
"n30_ad6_c1",30,6,0.1,0.1,0,1,1,100,0,0
"n30_ad6_c1",30,6,0.1,0.1,1,0.2,0.2,100,100,1
"n30_ad6_c1",30,6,0.1,0.1,1,0.2,0.4,100,100,1
"n30_ad6_c1",30,6,0.1,0.1,1,0.2,0.6,100,91,0.91
"n30_ad6_c1",30,6,0.1,0.1,1,0.2,0.8,100,74,0.74
"n30_ad6_c1",30,6,0.1,0.1,1,0.2,1,100,68,0.68
"n30_ad6_c1",30,6,0.1,0.1,1,0.4,0.2,100,100,1
"n30_ad6_c1",30,6,0.1,0.1,1,0.4,0.4,100,98,0.98
"n30_ad6_c1",30,6,0.1,0.1,1,0.4,0.6,100,82,0.82
"n30_ad6_c1",30,6,0.1,0.1,1,0.4,0.8,100,58,0.58
"n30_ad6_c1",30,6,0.1,0.1,1,0.4,1,100,27,0.27
"n30_ad6_c1",30,6,0.1,0.1,1,0.6,0.2,100,100,1
"n30_ad6_c1",30,6,0.1,0.1,1,0.6,0.4,100,94,0.94
"n30_ad6_c1",30,6,0.1,0.1,1,0.6,0.6,100,82,0.82
"n30_ad6_c1",30,6,0.1,0.1,1,0.6,0.8,100,51,0.51
"n30_ad6_c1",30,6,0.1,0.1,1,0.6,1,100,14,0.14
"n30_ad6_c1",30,6,0.1,0.1,1,0.8,0.2,100,100,1
"n30_ad6_c1",30,6,0.1,0.1,1,0.8,0.4,100,93,0.93
"n30_ad6_c1",30,6,0.1,0.1,1,0.8,0.6,100,77,0.77
"n30_ad6_c1",30,6,0.1,0.1,1,0.8,0.8,100,42,0.42
"n30_ad6_c1",30,6,0.1,0.1,1,0.8,1,100,12,0.12
"n30_ad6_c1",30,6,0.1,0.1,1,1,0.2,100,100,1
"n30_ad6_c1",30,6,0.1,0.1,1,1,0.4,100,91,0.91
"n30_ad6_c1",30,6,0.1,0.1,1,1,0.6,100,69,0.69
"n30_ad6_c1",30,6,0.1,0.1,1,1,0.8,100,25,0.25
"n30_ad6_c1",30,6,0.1,0.1,1,1,1,100,0,0
"n30_ad6_c1",30,6,0.1,0.1,2,0.2,0.2,100,100,1
"n30_ad6_c1",30,6,0.1,0.1,2,0.2,0.4,100,100,1
"n30_ad6_c1",30,6,0.1,0.1,2,0.2,0.6,100,89,0.89
"n30_ad6_c1",30,6,0.1,0.1,2,0.2,0.8,100,77,0.77
"n30_ad6_c1",30,6,0.1,0.1,2,0.2,1,100,60,0.6
"n30_ad6_c1",30,6,0.1,0.1,2,0.4,0.2,100,100,1
"n30_ad6_c1",30,6,0.1,0.1,2,0.4,0.4,100,98,0.98
"n30_ad6_c1",30,6,0.1,0.1,2,0.4,0.6,100,85,0.85
"n30_ad6_c1",30,6,0.1,0.1,2,0.4,0.8,100,53,0.53
"n30_ad6_c1",30,6,0.1,0.1,2,0.4,1,100,23,0.23
"n30_ad6_c1",30,6,0.1,0.1,2,0.6,0.2,100,100,1
"n30_ad6_c1",30,6,0.1,0.1,2,0.6,0.4,100,97,0.97
"n30_ad6_c1",30,6,0.1,0.1,2,0.6,0.6,100,89,0.89
"n30_ad6_c1",30,6,0.1,0.1,2,0.6,0.8,100,43,0.43
"n30_ad6_c1",30,6,0.1,0.1,2,0.6,1,100,14,0.14
"n30_ad6_c1",30,6,0.1,0.1,2,0.8,0.2,100,100,1
"n30_ad6_c1",30,6,0.1,0.1,2,0.8,0.4,100,95,0.95
"n30_ad6_c1",30,6,0.1,0.1,2,0.8,0.6,100,69,0.69
"n30_ad6_c1",30,6,0.1,0.1,2,0.8,0.8,100,48,0.48
"n30_ad6_c1",30,6,0.1,0.1,2,0.8,1,100,7,0.07
"n30_ad6_c1",30,6,0.1,0.1,2,1,0.2,100,100,1
"n30_ad6_c1",30,6,0.1,0.1,2,1,0.4,100,96,0.96
"n30_ad6_c1",30,6,0.1,0.1,2,1,0.6,100,62,0.62
"n30_ad6_c1",30,6,0.1,0.1,2,1,0.8,100,42,0.42
"n30_ad6_c1",30,6,0.1,0.1,2,1,1,100,0,0
"n30_ad6_c1",30,6,0.1,0.1,4,0.2,0.2,100,100,1
"n30_ad6_c1",30,6,0.1,0.1,4,0.2,0.4,100,100,1
"n30_ad6_c1",30,6,0.1,0.1,4,0.2,0.6,100,94,0.94
"n30_ad6_c1",30,6,0.1,0.1,4,0.2,0.8,100,75,0.75
"n30_ad6_c1",30,6,0.1,0.1,4,0.2,1,100,51,0.51
"n30_ad6_c1",30,6,0.1,0.1,4,0.4,0.2,100,100,1
"n30_ad6_c1",30,6,0.1,0.1,4,0.4,0.4,100,98,0.98
"n30_ad6_c1",30,6,0.1,0.1,4,0.4,0.6,100,90,0.9
"n30_ad6_c1",30,6,0.1,0.1,4,0.4,0.8,100,54,0.54
"n30_ad6_c1",30,6,0.1,0.1,4,0.4,1,100,29,0.29
"n30_ad6_c1",30,6,0.1,0.1,4,0.6,0.2,100,100,1
"n30_ad6_c1",30,6,0.1,0.1,4,0.6,0.4,100,98,0.98
"n30_ad6_c1",30,6,0.1,0.1,4,0.6,0.6,100,74,0.74
"n30_ad6_c1",30,6,0.1,0.1,4,0.6,0.8,100,49,0.49
"n30_ad6_c1",30,6,0.1,0.1,4,0.6,1,100,16,0.16
"n30_ad6_c1",30,6,0.1,0.1,4,0.8,0.2,100,100,1
"n30_ad6_c1",30,6,0.1,0.1,4,0.8,0.4,100,93,0.93
"n30_ad6_c1",30,6,0.1,0.1,4,0.8,0.6,100,66,0.66
"n30_ad6_c1",30,6,0.1,0.1,4,0.8,0.8,100,49,0.49
"n30_ad6_c1",30,6,0.1,0.1,4,0.8,1,100,6,0.06
"n30_ad6_c1",30,6,0.1,0.1,4,1,0.2,100,99,0.99
"n30_ad6_c1",30,6,0.1,0.1,4,1,0.4,100,95,0.95
"n30_ad6_c1",30,6,0.1,0.1,4,1,0.6,100,61,0.61
"n30_ad6_c1",30,6,0.1,0.1,4,1,0.8,100,39,0.39
"n30_ad6_c1",30,6,0.1,0.1,4,1,1,100,0,0
"n30_ad6_c1",30,6,0.1,0.1,8,0.2,0.2,100,100,1
"n30_ad6_c1",30,6,0.1,0.1,8,0.2,0.4,100,100,1
"n30_ad6_c1",30,6,0.1,0.1,8,0.2,0.6,100,95,0.95
"n30_ad6_c1",30,6,0.1,0.1,8,0.2,0.8,100,80,0.8
"n30_ad6_c1",30,6,0.1,0.1,8,0.2,1,100,50,0.5
"n30_ad6_c1",30,6,0.1,0.1,8,0.4,0.2,100,100,1
"n30_ad6_c1",30,6,0.1,0.1,8,0.4,0.4,100,97,0.97
"n30_ad6_c1",30,6,0.1,0.1,8,0.4,0.6,100,83,0.83
"n30_ad6_c1",30,6,0.1,0.1,8,0.4,0.8,100,53,0.53
"n30_ad6_c1",30,6,0.1,0.1,8,0.4,1,100,18,0.18
"n30_ad6_c1",30,6,0.1,0.1,8,0.6,0.2,100,100,1
"n30_ad6_c1",30,6,0.1,0.1,8,0.6,0.4,100,93,0.93
"n30_ad6_c1",30,6,0.1,0.1,8,0.6,0.6,100,76,0.76
"n30_ad6_c1",30,6,0.1,0.1,8,0.6,0.8,100,52,0.52
"n30_ad6_c1",30,6,0.1,0.1,8,0.6,1,100,7,0.07
"n30_ad6_c1",30,6,0.1,0.1,8,0.8,0.2,100,100,1
"n30_ad6_c1",30,6,0.1,0.1,8,0.8,0.4,100,94,0.94
"n30_ad6_c1",30,6,0.1,0.1,8,0.8,0.6,100,71,0.71
"n30_ad6_c1",30,6,0.1,0.1,8,0.8,0.8,100,38,0.38
"n30_ad6_c1",30,6,0.1,0.1,8,0.8,1,100,4,0.04
"n30_ad6_c1",30,6,0.1,0.1,8,1,0.2,100,100,1
"n30_ad6_c1",30,6,0.1,0.1,8,1,0.4,100,91,0.91
"n30_ad6_c1",30,6,0.1,0.1,8,1,0.6,100,66,0.66
"n30_ad6_c1",30,6,0.1,0.1,8,1,0.8,100,43,0.43
"n30_ad6_c1",30,6,0.1,0.1,8,1,1,100,0,0
"n30_ad6_c3",30,6,0.3,0.01,0,0.2,0.2,100,100,1
"n30_ad6_c3",30,6,0.3,0.01,0,0.2,0.4,100,100,1
"n30_ad6_c3",30,6,0.3,0.01,0,0.2,0.6,100,94,0.94
"n30_ad6_c3",30,6,0.3,0.01,0,0.2,0.8,100,77,0.77
"n30_ad6_c3",30,6,0.3,0.01,0,0.2,1,100,40,0.4
"n30_ad6_c3",30,6,0.3,0.01,0,0.4,0.2,100,100,1
"n30_ad6_c3",30,6,0.3,0.01,0,0.4,0.4,100,98,0.98
"n30_ad6_c3",30,6,0.3,0.01,0,0.4,0.6,100,99,0.99
"n30_ad6_c3",30,6,0.3,0.01,0,0.4,0.8,100,65,0.65
"n30_ad6_c3",30,6,0.3,0.01,0,0.4,1,100,20,0.2
"n30_ad6_c3",30,6,0.3,0.01,0,0.6,0.2,100,100,1
"n30_ad6_c3",30,6,0.3,0.01,0,0.6,0.4,100,100,1
"n30_ad6_c3",30,6,0.3,0.01,0,0.6,0.6,100,94,0.94
"n30_ad6_c3",30,6,0.3,0.01,0,0.6,0.8,100,67,0.67
"n30_ad6_c3",30,6,0.3,0.01,0,0.6,1,100,5,0.05
"n30_ad6_c3",30,6,0.3,0.01,0,0.8,0.2,100,100,1
"n30_ad6_c3",30,6,0.3,0.01,0,0.8,0.4,100,98,0.98
"n30_ad6_c3",30,6,0.3,0.01,0,0.8,0.6,100,88,0.88
"n30_ad6_c3",30,6,0.3,0.01,0,0.8,0.8,100,52,0.52
"n30_ad6_c3",30,6,0.3,0.01,0,0.8,1,100,3,0.03
"n30_ad6_c3",30,6,0.3,0.01,0,1,0.2,100,100,1
"n30_ad6_c3",30,6,0.3,0.01,0,1,0.4,100,100,1
"n30_ad6_c3",30,6,0.3,0.01,0,1,0.6,100,93,0.93
"n30_ad6_c3",30,6,0.3,0.01,0,1,0.8,100,66,0.66
"n30_ad6_c3",30,6,0.3,0.01,0,1,1,100,0,0
"n30_ad6_c3",30,6,0.3,0.01,1,0.2,0.2,100,100,1
"n30_ad6_c3",30,6,0.3,0.01,1,0.2,0.4,100,100,1
"n30_ad6_c3",30,6,0.3,0.01,1,0.2,0.6,100,94,0.94
"n30_ad6_c3",30,6,0.3,0.01,1,0.2,0.8,100,76,0.76
"n30_ad6_c3",30,6,0.3,0.01,1,0.2,1,100,38,0.38
"n30_ad6_c3",30,6,0.3,0.01,1,0.4,0.2,100,100,1
"n30_ad6_c3",30,6,0.3,0.01,1,0.4,0.4,100,99,0.99
"n30_ad6_c3",30,6,0.3,0.01,1,0.4,0.6,100,93,0.93
"n30_ad6_c3",30,6,0.3,0.01,1,0.4,0.8,100,67,0.67
"n30_ad6_c3",30,6,0.3,0.01,1,0.4,1,100,27,0.27
"n30_ad6_c3",30,6,0.3,0.01,1,0.6,0.2,100,100,1
"n30_ad6_c3",30,6,0.3,0.01,1,0.6,0.4,100,100,1
"n30_ad6_c3",30,6,0.3,0.01,1,0.6,0.6,100,91,0.91
"n30_ad6_c3",30,6,0.3,0.01,1,0.6,0.8,100,57,0.57
"n30_ad6_c3",30,6,0.3,0.01,1,0.6,1,100,11,0.11
"n30_ad6_c3",30,6,0.3,0.01,1,0.8,0.2,100,100,1
"n30_ad6_c3",30,6,0.3,0.01,1,0.8,0.4,100,99,0.99
"n30_ad6_c3",30,6,0.3,0.01,1,0.8,0.6,100,90,0.9
"n30_ad6_c3",30,6,0.3,0.01,1,0.8,0.8,100,64,0.64
"n30_ad6_c3",30,6,0.3,0.01,1,0.8,1,100,5,0.05
"n30_ad6_c3",30,6,0.3,0.01,1,1,0.2,100,100,1
"n30_ad6_c3",30,6,0.3,0.01,1,1,0.4,100,100,1
"n30_ad6_c3",30,6,0.3,0.01,1,1,0.6,100,89,0.89
"n30_ad6_c3",30,6,0.3,0.01,1,1,0.8,100,64,0.64
"n30_ad6_c3",30,6,0.3,0.01,1,1,1,100,0,0
"n30_ad6_c3",30,6,0.3,0.01,2,0.2,0.2,100,100,1
"n30_ad6_c3",30,6,0.3,0.01,2,0.2,0.4,100,100,1
"n30_ad6_c3",30,6,0.3,0.01,2,0.2,0.6,100,94,0.94
"n30_ad6_c3",30,6,0.3,0.01,2,0.2,0.8,100,73,0.73
"n30_ad6_c3",30,6,0.3,0.01,2,0.2,1,100,41,0.41
"n30_ad6_c3",30,6,0.3,0.01,2,0.4,0.2,100,100,1
"n30_ad6_c3",30,6,0.3,0.01,2,0.4,0.4,100,100,1
"n30_ad6_c3",30,6,0.3,0.01,2,0.4,0.6,100,94,0.94
"n30_ad6_c3",30,6,0.3,0.01,2,0.4,0.8,100,69,0.69
"n30_ad6_c3",30,6,0.3,0.01,2,0.4,1,100,25,0.25
"n30_ad6_c3",30,6,0.3,0.01,2,0.6,0.2,100,100,1
"n30_ad6_c3",30,6,0.3,0.01,2,0.6,0.4,100,98,0.98
"n30_ad6_c3",30,6,0.3,0.01,2,0.6,0.6,100,92,0.92
"n30_ad6_c3",30,6,0.3,0.01,2,0.6,0.8,100,70,0.7
"n30_ad6_c3",30,6,0.3,0.01,2,0.6,1,100,19,0.19
"n30_ad6_c3",30,6,0.3,0.01,2,0.8,0.2,100,100,1
"n30_ad6_c3",30,6,0.3,0.01,2,0.8,0.4,100,100,1
"n30_ad6_c3",30,6,0.3,0.01,2,0.8,0.6,100,97,0.97
"n30_ad6_c3",30,6,0.3,0.01,2,0.8,0.8,100,60,0.6
"n30_ad6_c3",30,6,0.3,0.01,2,0.8,1,100,8,0.08
"n30_ad6_c3",30,6,0.3,0.01,2,1,0.2,100,100,1
"n30_ad6_c3",30,6,0.3,0.01,2,1,0.4,100,97,0.97
"n30_ad6_c3",30,6,0.3,0.01,2,1,0.6,100,87,0.87
"n30_ad6_c3",30,6,0.3,0.01,2,1,0.8,100,53,0.53
"n30_ad6_c3",30,6,0.3,0.01,2,1,1,100,0,0
"n30_ad6_c3",30,6,0.3,0.01,4,0.2,0.2,100,100,1
"n30_ad6_c3",30,6,0.3,0.01,4,0.2,0.4,100,99,0.99
"n30_ad6_c3",30,6,0.3,0.01,4,0.2,0.6,100,96,0.96
"n30_ad6_c3",30,6,0.3,0.01,4,0.2,0.8,100,78,0.78
"n30_ad6_c3",30,6,0.3,0.01,4,0.2,1,100,28,0.28
"n30_ad6_c3",30,6,0.3,0.01,4,0.4,0.2,100,100,1
"n30_ad6_c3",30,6,0.3,0.01,4,0.4,0.4,100,100,1
"n30_ad6_c3",30,6,0.3,0.01,4,0.4,0.6,100,98,0.98
"n30_ad6_c3",30,6,0.3,0.01,4,0.4,0.8,100,73,0.73
"n30_ad6_c3",30,6,0.3,0.01,4,0.4,1,100,19,0.19
"n30_ad6_c3",30,6,0.3,0.01,4,0.6,0.2,100,100,1
"n30_ad6_c3",30,6,0.3,0.01,4,0.6,0.4,100,100,1
"n30_ad6_c3",30,6,0.3,0.01,4,0.6,0.6,100,91,0.91
"n30_ad6_c3",30,6,0.3,0.01,4,0.6,0.8,100,67,0.67
"n30_ad6_c3",30,6,0.3,0.01,4,0.6,1,100,15,0.15
"n30_ad6_c3",30,6,0.3,0.01,4,0.8,0.2,100,100,1
"n30_ad6_c3",30,6,0.3,0.01,4,0.8,0.4,100,99,0.99
"n30_ad6_c3",30,6,0.3,0.01,4,0.8,0.6,100,83,0.83
"n30_ad6_c3",30,6,0.3,0.01,4,0.8,0.8,100,61,0.61
"n30_ad6_c3",30,6,0.3,0.01,4,0.8,1,100,11,0.11
"n30_ad6_c3",30,6,0.3,0.01,4,1,0.2,100,100,1
"n30_ad6_c3",30,6,0.3,0.01,4,1,0.4,100,100,1
"n30_ad6_c3",30,6,0.3,0.01,4,1,0.6,100,85,0.85
"n30_ad6_c3",30,6,0.3,0.01,4,1,0.8,100,57,0.57
"n30_ad6_c3",30,6,0.3,0.01,4,1,1,100,0,0
"n30_ad6_c3",30,6,0.3,0.01,8,0.2,0.2,100,100,1
"n30_ad6_c3",30,6,0.3,0.01,8,0.2,0.4,100,100,1
"n30_ad6_c3",30,6,0.3,0.01,8,0.2,0.6,100,91,0.91
"n30_ad6_c3",30,6,0.3,0.01,8,0.2,0.8,100,83,0.83
"n30_ad6_c3",30,6,0.3,0.01,8,0.2,1,100,43,0.43
"n30_ad6_c3",30,6,0.3,0.01,8,0.4,0.2,100,100,1
"n30_ad6_c3",30,6,0.3,0.01,8,0.4,0.4,100,100,1
"n30_ad6_c3",30,6,0.3,0.01,8,0.4,0.6,100,93,0.93
"n30_ad6_c3",30,6,0.3,0.01,8,0.4,0.8,100,67,0.67
"n30_ad6_c3",30,6,0.3,0.01,8,0.4,1,100,32,0.32
"n30_ad6_c3",30,6,0.3,0.01,8,0.6,0.2,100,100,1
"n30_ad6_c3",30,6,0.3,0.01,8,0.6,0.4,100,99,0.99
"n30_ad6_c3",30,6,0.3,0.01,8,0.6,0.6,100,92,0.92
"n30_ad6_c3",30,6,0.3,0.01,8,0.6,0.8,100,63,0.63
"n30_ad6_c3",30,6,0.3,0.01,8,0.6,1,100,22,0.22
"n30_ad6_c3",30,6,0.3,0.01,8,0.8,0.2,100,100,1
"n30_ad6_c3",30,6,0.3,0.01,8,0.8,0.4,100,99,0.99
"n30_ad6_c3",30,6,0.3,0.01,8,0.8,0.6,100,89,0.89
"n30_ad6_c3",30,6,0.3,0.01,8,0.8,0.8,100,63,0.63
"n30_ad6_c3",30,6,0.3,0.01,8,0.8,1,100,11,0.11
"n30_ad6_c3",30,6,0.3,0.01,8,1,0.2,100,100,1
"n30_ad6_c3",30,6,0.3,0.01,8,1,0.4,100,99,0.99
"n30_ad6_c3",30,6,0.3,0.01,8,1,0.6,100,82,0.82
"n30_ad6_c3",30,6,0.3,0.01,8,1,0.8,100,56,0.56
"n30_ad6_c3",30,6,0.3,0.01,8,1,1,100,0,0
"n30_ad6_c3",30,6,0.3,0.05,0,0.2,0.2,100,100,1
"n30_ad6_c3",30,6,0.3,0.05,0,0.2,0.4,100,99,0.99
"n30_ad6_c3",30,6,0.3,0.05,0,0.2,0.6,100,98,0.98
"n30_ad6_c3",30,6,0.3,0.05,0,0.2,0.8,100,91,0.91
"n30_ad6_c3",30,6,0.3,0.05,0,0.2,1,100,70,0.7
"n30_ad6_c3",30,6,0.3,0.05,0,0.4,0.2,100,100,1
"n30_ad6_c3",30,6,0.3,0.05,0,0.4,0.4,100,100,1
"n30_ad6_c3",30,6,0.3,0.05,0,0.4,0.6,100,93,0.93
"n30_ad6_c3",30,6,0.3,0.05,0,0.4,0.8,100,77,0.77
"n30_ad6_c3",30,6,0.3,0.05,0,0.4,1,100,42,0.42
"n30_ad6_c3",30,6,0.3,0.05,0,0.6,0.2,100,100,1
"n30_ad6_c3",30,6,0.3,0.05,0,0.6,0.4,100,98,0.98
"n30_ad6_c3",30,6,0.3,0.05,0,0.6,0.6,100,89,0.89
"n30_ad6_c3",30,6,0.3,0.05,0,0.6,0.8,100,69,0.69
"n30_ad6_c3",30,6,0.3,0.05,0,0.6,1,100,28,0.28
"n30_ad6_c3",30,6,0.3,0.05,0,0.8,0.2,100,100,1
"n30_ad6_c3",30,6,0.3,0.05,0,0.8,0.4,100,100,1
"n30_ad6_c3",30,6,0.3,0.05,0,0.8,0.6,100,88,0.88
"n30_ad6_c3",30,6,0.3,0.05,0,0.8,0.8,100,66,0.66
"n30_ad6_c3",30,6,0.3,0.05,0,0.8,1,100,10,0.1
"n30_ad6_c3",30,6,0.3,0.05,0,1,0.2,100,100,1
"n30_ad6_c3",30,6,0.3,0.05,0,1,0.4,100,97,0.97
"n30_ad6_c3",30,6,0.3,0.05,0,1,0.6,100,83,0.83
"n30_ad6_c3",30,6,0.3,0.05,0,1,0.8,100,62,0.62
"n30_ad6_c3",30,6,0.3,0.05,0,1,1,100,0,0
"n30_ad6_c3",30,6,0.3,0.05,1,0.2,0.2,100,100,1
"n30_ad6_c3",30,6,0.3,0.05,1,0.2,0.4,100,100,1
"n30_ad6_c3",30,6,0.3,0.05,1,0.2,0.6,100,94,0.94
"n30_ad6_c3",30,6,0.3,0.05,1,0.2,0.8,100,85,0.85
"n30_ad6_c3",30,6,0.3,0.05,1,0.2,1,100,62,0.62
"n30_ad6_c3",30,6,0.3,0.05,1,0.4,0.2,100,100,1
"n30_ad6_c3",30,6,0.3,0.05,1,0.4,0.4,100,100,1
"n30_ad6_c3",30,6,0.3,0.05,1,0.4,0.6,100,92,0.92
"n30_ad6_c3",30,6,0.3,0.05,1,0.4,0.8,100,72,0.72
"n30_ad6_c3",30,6,0.3,0.05,1,0.4,1,100,33,0.33
"n30_ad6_c3",30,6,0.3,0.05,1,0.6,0.2,100,100,1
"n30_ad6_c3",30,6,0.3,0.05,1,0.6,0.4,100,98,0.98
"n30_ad6_c3",30,6,0.3,0.05,1,0.6,0.6,100,95,0.95
"n30_ad6_c3",30,6,0.3,0.05,1,0.6,0.8,100,63,0.63
"n30_ad6_c3",30,6,0.3,0.05,1,0.6,1,100,28,0.28
"n30_ad6_c3",30,6,0.3,0.05,1,0.8,0.2,100,100,1
"n30_ad6_c3",30,6,0.3,0.05,1,0.8,0.4,100,99,0.99
"n30_ad6_c3",30,6,0.3,0.05,1,0.8,0.6,100,91,0.91
"n30_ad6_c3",30,6,0.3,0.05,1,0.8,0.8,100,64,0.64
"n30_ad6_c3",30,6,0.3,0.05,1,0.8,1,100,19,0.19
"n30_ad6_c3",30,6,0.3,0.05,1,1,0.2,100,100,1
"n30_ad6_c3",30,6,0.3,0.05,1,1,0.4,100,98,0.98
"n30_ad6_c3",30,6,0.3,0.05,1,1,0.6,100,84,0.84
"n30_ad6_c3",30,6,0.3,0.05,1,1,0.8,100,62,0.62
"n30_ad6_c3",30,6,0.3,0.05,1,1,1,100,0,0
"n30_ad6_c3",30,6,0.3,0.05,2,0.2,0.2,100,100,1
"n30_ad6_c3",30,6,0.3,0.05,2,0.2,0.4,100,100,1
"n30_ad6_c3",30,6,0.3,0.05,2,0.2,0.6,100,98,0.98
"n30_ad6_c3",30,6,0.3,0.05,2,0.2,0.8,100,87,0.87
"n30_ad6_c3",30,6,0.3,0.05,2,0.2,1,100,55,0.55
"n30_ad6_c3",30,6,0.3,0.05,2,0.4,0.2,100,100,1
"n30_ad6_c3",30,6,0.3,0.05,2,0.4,0.4,100,100,1
"n30_ad6_c3",30,6,0.3,0.05,2,0.4,0.6,100,91,0.91
"n30_ad6_c3",30,6,0.3,0.05,2,0.4,0.8,100,78,0.78
"n30_ad6_c3",30,6,0.3,0.05,2,0.4,1,100,37,0.37
"n30_ad6_c3",30,6,0.3,0.05,2,0.6,0.2,100,100,1
"n30_ad6_c3",30,6,0.3,0.05,2,0.6,0.4,100,100,1
"n30_ad6_c3",30,6,0.3,0.05,2,0.6,0.6,100,94,0.94
"n30_ad6_c3",30,6,0.3,0.05,2,0.6,0.8,100,79,0.79
"n30_ad6_c3",30,6,0.3,0.05,2,0.6,1,100,26,0.26
"n30_ad6_c3",30,6,0.3,0.05,2,0.8,0.2,100,100,1
"n30_ad6_c3",30,6,0.3,0.05,2,0.8,0.4,100,99,0.99
"n30_ad6_c3",30,6,0.3,0.05,2,0.8,0.6,100,90,0.9
"n30_ad6_c3",30,6,0.3,0.05,2,0.8,0.8,100,67,0.67
"n30_ad6_c3",30,6,0.3,0.05,2,0.8,1,100,12,0.12
"n30_ad6_c3",30,6,0.3,0.05,2,1,0.2,100,100,1
"n30_ad6_c3",30,6,0.3,0.05,2,1,0.4,100,95,0.95
"n30_ad6_c3",30,6,0.3,0.05,2,1,0.6,100,86,0.86
"n30_ad6_c3",30,6,0.3,0.05,2,1,0.8,100,50,0.5
"n30_ad6_c3",30,6,0.3,0.05,2,1,1,100,0,0
"n30_ad6_c3",30,6,0.3,0.05,4,0.2,0.2,100,100,1
"n30_ad6_c3",30,6,0.3,0.05,4,0.2,0.4,100,100,1
"n30_ad6_c3",30,6,0.3,0.05,4,0.2,0.6,100,98,0.98
"n30_ad6_c3",30,6,0.3,0.05,4,0.2,0.8,100,89,0.89
"n30_ad6_c3",30,6,0.3,0.05,4,0.2,1,100,61,0.61
"n30_ad6_c3",30,6,0.3,0.05,4,0.4,0.2,100,100,1
"n30_ad6_c3",30,6,0.3,0.05,4,0.4,0.4,100,100,1
"n30_ad6_c3",30,6,0.3,0.05,4,0.4,0.6,100,92,0.92
"n30_ad6_c3",30,6,0.3,0.05,4,0.4,0.8,100,70,0.7
"n30_ad6_c3",30,6,0.3,0.05,4,0.4,1,100,44,0.44
"n30_ad6_c3",30,6,0.3,0.05,4,0.6,0.2,100,100,1
"n30_ad6_c3",30,6,0.3,0.05,4,0.6,0.4,100,98,0.98
"n30_ad6_c3",30,6,0.3,0.05,4,0.6,0.6,100,87,0.87
"n30_ad6_c3",30,6,0.3,0.05,4,0.6,0.8,100,70,0.7
"n30_ad6_c3",30,6,0.3,0.05,4,0.6,1,100,31,0.31
"n30_ad6_c3",30,6,0.3,0.05,4,0.8,0.2,100,100,1
"n30_ad6_c3",30,6,0.3,0.05,4,0.8,0.4,100,99,0.99
"n30_ad6_c3",30,6,0.3,0.05,4,0.8,0.6,100,89,0.89
"n30_ad6_c3",30,6,0.3,0.05,4,0.8,0.8,100,60,0.6
"n30_ad6_c3",30,6,0.3,0.05,4,0.8,1,100,16,0.16
"n30_ad6_c3",30,6,0.3,0.05,4,1,0.2,100,100,1
"n30_ad6_c3",30,6,0.3,0.05,4,1,0.4,100,95,0.95
"n30_ad6_c3",30,6,0.3,0.05,4,1,0.6,100,87,0.87
"n30_ad6_c3",30,6,0.3,0.05,4,1,0.8,100,55,0.55
"n30_ad6_c3",30,6,0.3,0.05,4,1,1,100,0,0
"n30_ad6_c3",30,6,0.3,0.05,8,0.2,0.2,100,100,1
"n30_ad6_c3",30,6,0.3,0.05,8,0.2,0.4,100,100,1
"n30_ad6_c3",30,6,0.3,0.05,8,0.2,0.6,100,98,0.98
"n30_ad6_c3",30,6,0.3,0.05,8,0.2,0.8,100,87,0.87
"n30_ad6_c3",30,6,0.3,0.05,8,0.2,1,100,65,0.65
"n30_ad6_c3",30,6,0.3,0.05,8,0.4,0.2,100,100,1
"n30_ad6_c3",30,6,0.3,0.05,8,0.4,0.4,100,99,0.99
"n30_ad6_c3",30,6,0.3,0.05,8,0.4,0.6,100,96,0.96
"n30_ad6_c3",30,6,0.3,0.05,8,0.4,0.8,100,79,0.79
"n30_ad6_c3",30,6,0.3,0.05,8,0.4,1,100,49,0.49
"n30_ad6_c3",30,6,0.3,0.05,8,0.6,0.2,100,100,1
"n30_ad6_c3",30,6,0.3,0.05,8,0.6,0.4,100,98,0.98
"n30_ad6_c3",30,6,0.3,0.05,8,0.6,0.6,100,87,0.87
"n30_ad6_c3",30,6,0.3,0.05,8,0.6,0.8,100,79,0.79
"n30_ad6_c3",30,6,0.3,0.05,8,0.6,1,100,38,0.38
"n30_ad6_c3",30,6,0.3,0.05,8,0.8,0.2,100,100,1
"n30_ad6_c3",30,6,0.3,0.05,8,0.8,0.4,100,97,0.97
"n30_ad6_c3",30,6,0.3,0.05,8,0.8,0.6,100,87,0.87
"n30_ad6_c3",30,6,0.3,0.05,8,0.8,0.8,100,61,0.61
"n30_ad6_c3",30,6,0.3,0.05,8,0.8,1,100,23,0.23
"n30_ad6_c3",30,6,0.3,0.05,8,1,0.2,100,98,0.98
"n30_ad6_c3",30,6,0.3,0.05,8,1,0.4,100,94,0.94
"n30_ad6_c3",30,6,0.3,0.05,8,1,0.6,100,79,0.79
"n30_ad6_c3",30,6,0.3,0.05,8,1,0.8,100,46,0.46
"n30_ad6_c3",30,6,0.3,0.05,8,1,1,100,0,0
"n30_ad6_c3",30,6,0.3,0.1,0,0.2,0.2,100,100,1
"n30_ad6_c3",30,6,0.3,0.1,0,0.2,0.4,100,100,1
"n30_ad6_c3",30,6,0.3,0.1,0,0.2,0.6,100,97,0.97
"n30_ad6_c3",30,6,0.3,0.1,0,0.2,0.8,100,94,0.94
"n30_ad6_c3",30,6,0.3,0.1,0,0.2,1,100,83,0.83
"n30_ad6_c3",30,6,0.3,0.1,0,0.4,0.2,100,100,1
"n30_ad6_c3",30,6,0.3,0.1,0,0.4,0.4,100,100,1
"n30_ad6_c3",30,6,0.3,0.1,0,0.4,0.6,100,96,0.96
"n30_ad6_c3",30,6,0.3,0.1,0,0.4,0.8,100,86,0.86
"n30_ad6_c3",30,6,0.3,0.1,0,0.4,1,100,51,0.51
"n30_ad6_c3",30,6,0.3,0.1,0,0.6,0.2,100,100,1
"n30_ad6_c3",30,6,0.3,0.1,0,0.6,0.4,100,100,1
"n30_ad6_c3",30,6,0.3,0.1,0,0.6,0.6,100,92,0.92
"n30_ad6_c3",30,6,0.3,0.1,0,0.6,0.8,100,71,0.71
"n30_ad6_c3",30,6,0.3,0.1,0,0.6,1,100,26,0.26
"n30_ad6_c3",30,6,0.3,0.1,0,0.8,0.2,100,100,1
"n30_ad6_c3",30,6,0.3,0.1,0,0.8,0.4,100,98,0.98
"n30_ad6_c3",30,6,0.3,0.1,0,0.8,0.6,100,88,0.88
"n30_ad6_c3",30,6,0.3,0.1,0,0.8,0.8,100,70,0.7
"n30_ad6_c3",30,6,0.3,0.1,0,0.8,1,100,20,0.2
"n30_ad6_c3",30,6,0.3,0.1,0,1,0.2,100,99,0.99
"n30_ad6_c3",30,6,0.3,0.1,0,1,0.4,100,96,0.96
"n30_ad6_c3",30,6,0.3,0.1,0,1,0.6,100,82,0.82
"n30_ad6_c3",30,6,0.3,0.1,0,1,0.8,100,55,0.55
"n30_ad6_c3",30,6,0.3,0.1,0,1,1,100,0,0
"n30_ad6_c3",30,6,0.3,0.1,1,0.2,0.2,100,100,1
"n30_ad6_c3",30,6,0.3,0.1,1,0.2,0.4,100,100,1
"n30_ad6_c3",30,6,0.3,0.1,1,0.2,0.6,100,98,0.98
"n30_ad6_c3",30,6,0.3,0.1,1,0.2,0.8,100,93,0.93
"n30_ad6_c3",30,6,0.3,0.1,1,0.2,1,100,78,0.78
"n30_ad6_c3",30,6,0.3,0.1,1,0.4,0.2,100,100,1
"n30_ad6_c3",30,6,0.3,0.1,1,0.4,0.4,100,100,1
"n30_ad6_c3",30,6,0.3,0.1,1,0.4,0.6,100,96,0.96
"n30_ad6_c3",30,6,0.3,0.1,1,0.4,0.8,100,86,0.86
"n30_ad6_c3",30,6,0.3,0.1,1,0.4,1,100,50,0.5
"n30_ad6_c3",30,6,0.3,0.1,1,0.6,0.2,100,100,1
"n30_ad6_c3",30,6,0.3,0.1,1,0.6,0.4,100,100,1
"n30_ad6_c3",30,6,0.3,0.1,1,0.6,0.6,100,90,0.9
"n30_ad6_c3",30,6,0.3,0.1,1,0.6,0.8,100,79,0.79
"n30_ad6_c3",30,6,0.3,0.1,1,0.6,1,100,33,0.33
"n30_ad6_c3",30,6,0.3,0.1,1,0.8,0.2,100,100,1
"n30_ad6_c3",30,6,0.3,0.1,1,0.8,0.4,100,99,0.99
"n30_ad6_c3",30,6,0.3,0.1,1,0.8,0.6,100,81,0.81
"n30_ad6_c3",30,6,0.3,0.1,1,0.8,0.8,100,62,0.62
"n30_ad6_c3",30,6,0.3,0.1,1,0.8,1,100,24,0.24
"n30_ad6_c3",30,6,0.3,0.1,1,1,0.2,100,100,1
"n30_ad6_c3",30,6,0.3,0.1,1,1,0.4,100,94,0.94
"n30_ad6_c3",30,6,0.3,0.1,1,1,0.6,100,85,0.85
"n30_ad6_c3",30,6,0.3,0.1,1,1,0.8,100,50,0.5
"n30_ad6_c3",30,6,0.3,0.1,1,1,1,100,0,0
"n30_ad6_c3",30,6,0.3,0.1,2,0.2,0.2,100,100,1
"n30_ad6_c3",30,6,0.3,0.1,2,0.2,0.4,100,100,1
"n30_ad6_c3",30,6,0.3,0.1,2,0.2,0.6,100,98,0.98
"n30_ad6_c3",30,6,0.3,0.1,2,0.2,0.8,100,89,0.89
"n30_ad6_c3",30,6,0.3,0.1,2,0.2,1,100,66,0.66
"n30_ad6_c3",30,6,0.3,0.1,2,0.4,0.2,100,100,1
"n30_ad6_c3",30,6,0.3,0.1,2,0.4,0.4,100,100,1
"n30_ad6_c3",30,6,0.3,0.1,2,0.4,0.6,100,95,0.95
"n30_ad6_c3",30,6,0.3,0.1,2,0.4,0.8,100,75,0.75
"n30_ad6_c3",30,6,0.3,0.1,2,0.4,1,100,48,0.48
"n30_ad6_c3",30,6,0.3,0.1,2,0.6,0.2,100,100,1
"n30_ad6_c3",30,6,0.3,0.1,2,0.6,0.4,100,99,0.99
"n30_ad6_c3",30,6,0.3,0.1,2,0.6,0.6,100,92,0.92
"n30_ad6_c3",30,6,0.3,0.1,2,0.6,0.8,100,72,0.72
"n30_ad6_c3",30,6,0.3,0.1,2,0.6,1,100,32,0.32
"n30_ad6_c3",30,6,0.3,0.1,2,0.8,0.2,100,100,1
"n30_ad6_c3",30,6,0.3,0.1,2,0.8,0.4,100,98,0.98
"n30_ad6_c3",30,6,0.3,0.1,2,0.8,0.6,100,80,0.8
"n30_ad6_c3",30,6,0.3,0.1,2,0.8,0.8,100,65,0.65
"n30_ad6_c3",30,6,0.3,0.1,2,0.8,1,100,26,0.26
"n30_ad6_c3",30,6,0.3,0.1,2,1,0.2,100,99,0.99
"n30_ad6_c3",30,6,0.3,0.1,2,1,0.4,100,95,0.95
"n30_ad6_c3",30,6,0.3,0.1,2,1,0.6,100,80,0.8
"n30_ad6_c3",30,6,0.3,0.1,2,1,0.8,100,56,0.56
"n30_ad6_c3",30,6,0.3,0.1,2,1,1,100,0,0
"n30_ad6_c3",30,6,0.3,0.1,4,0.2,0.2,100,100,1
"n30_ad6_c3",30,6,0.3,0.1,4,0.2,0.4,100,100,1
"n30_ad6_c3",30,6,0.3,0.1,4,0.2,0.6,100,99,0.99
"n30_ad6_c3",30,6,0.3,0.1,4,0.2,0.8,100,91,0.91
"n30_ad6_c3",30,6,0.3,0.1,4,0.2,1,100,79,0.79
"n30_ad6_c3",30,6,0.3,0.1,4,0.4,0.2,100,100,1
"n30_ad6_c3",30,6,0.3,0.1,4,0.4,0.4,100,100,1
"n30_ad6_c3",30,6,0.3,0.1,4,0.4,0.6,100,94,0.94
"n30_ad6_c3",30,6,0.3,0.1,4,0.4,0.8,100,83,0.83
"n30_ad6_c3",30,6,0.3,0.1,4,0.4,1,100,60,0.6
"n30_ad6_c3",30,6,0.3,0.1,4,0.6,0.2,100,100,1
"n30_ad6_c3",30,6,0.3,0.1,4,0.6,0.4,100,100,1
"n30_ad6_c3",30,6,0.3,0.1,4,0.6,0.6,100,93,0.93
"n30_ad6_c3",30,6,0.3,0.1,4,0.6,0.8,100,75,0.75
"n30_ad6_c3",30,6,0.3,0.1,4,0.6,1,100,38,0.38
"n30_ad6_c3",30,6,0.3,0.1,4,0.8,0.2,100,100,1
"n30_ad6_c3",30,6,0.3,0.1,4,0.8,0.4,100,95,0.95
"n30_ad6_c3",30,6,0.3,0.1,4,0.8,0.6,100,82,0.82
"n30_ad6_c3",30,6,0.3,0.1,4,0.8,0.8,100,65,0.65
"n30_ad6_c3",30,6,0.3,0.1,4,0.8,1,100,28,0.28
"n30_ad6_c3",30,6,0.3,0.1,4,1,0.2,100,100,1
"n30_ad6_c3",30,6,0.3,0.1,4,1,0.4,100,93,0.93
"n30_ad6_c3",30,6,0.3,0.1,4,1,0.6,100,83,0.83
"n30_ad6_c3",30,6,0.3,0.1,4,1,0.8,100,53,0.53
"n30_ad6_c3",30,6,0.3,0.1,4,1,1,100,0,0
"n30_ad6_c3",30,6,0.3,0.1,8,0.2,0.2,100,100,1
"n30_ad6_c3",30,6,0.3,0.1,8,0.2,0.4,100,100,1
"n30_ad6_c3",30,6,0.3,0.1,8,0.2,0.6,100,100,1
"n30_ad6_c3",30,6,0.3,0.1,8,0.2,0.8,100,93,0.93
"n30_ad6_c3",30,6,0.3,0.1,8,0.2,1,100,75,0.75
"n30_ad6_c3",30,6,0.3,0.1,8,0.4,0.2,100,100,1
"n30_ad6_c3",30,6,0.3,0.1,8,0.4,0.4,100,99,0.99
"n30_ad6_c3",30,6,0.3,0.1,8,0.4,0.6,100,95,0.95
"n30_ad6_c3",30,6,0.3,0.1,8,0.4,0.8,100,84,0.84
"n30_ad6_c3",30,6,0.3,0.1,8,0.4,1,100,63,0.63
"n30_ad6_c3",30,6,0.3,0.1,8,0.6,0.2,100,100,1
"n30_ad6_c3",30,6,0.3,0.1,8,0.6,0.4,100,98,0.98
"n30_ad6_c3",30,6,0.3,0.1,8,0.6,0.6,100,93,0.93
"n30_ad6_c3",30,6,0.3,0.1,8,0.6,0.8,100,75,0.75
"n30_ad6_c3",30,6,0.3,0.1,8,0.6,1,100,44,0.44
"n30_ad6_c3",30,6,0.3,0.1,8,0.8,0.2,100,99,0.99
"n30_ad6_c3",30,6,0.3,0.1,8,0.8,0.4,100,99,0.99
"n30_ad6_c3",30,6,0.3,0.1,8,0.8,0.6,100,87,0.87
"n30_ad6_c3",30,6,0.3,0.1,8,0.8,0.8,100,68,0.68
"n30_ad6_c3",30,6,0.3,0.1,8,0.8,1,100,33,0.33
"n30_ad6_c3",30,6,0.3,0.1,8,1,0.2,100,97,0.97
"n30_ad6_c3",30,6,0.3,0.1,8,1,0.4,100,86,0.86
"n30_ad6_c3",30,6,0.3,0.1,8,1,0.6,100,75,0.75
"n30_ad6_c3",30,6,0.3,0.1,8,1,0.8,100,45,0.45
"n30_ad6_c3",30,6,0.3,0.1,8,1,1,100,0,0
"n30_ad6_c5",30,6,0.5,0.01,0,0.2,0.2,100,100,1
"n30_ad6_c5",30,6,0.5,0.01,0,0.2,0.4,100,100,1
"n30_ad6_c5",30,6,0.5,0.01,0,0.2,0.6,100,96,0.96
"n30_ad6_c5",30,6,0.5,0.01,0,0.2,0.8,100,84,0.84
"n30_ad6_c5",30,6,0.5,0.01,0,0.2,1,100,43,0.43
"n30_ad6_c5",30,6,0.5,0.01,0,0.4,0.2,100,100,1
"n30_ad6_c5",30,6,0.5,0.01,0,0.4,0.4,100,100,1
"n30_ad6_c5",30,6,0.5,0.01,0,0.4,0.6,100,96,0.96
"n30_ad6_c5",30,6,0.5,0.01,0,0.4,0.8,100,74,0.74
"n30_ad6_c5",30,6,0.5,0.01,0,0.4,1,100,33,0.33
"n30_ad6_c5",30,6,0.5,0.01,0,0.6,0.2,100,100,1
"n30_ad6_c5",30,6,0.5,0.01,0,0.6,0.4,100,100,1
"n30_ad6_c5",30,6,0.5,0.01,0,0.6,0.6,100,94,0.94
"n30_ad6_c5",30,6,0.5,0.01,0,0.6,0.8,100,66,0.66
"n30_ad6_c5",30,6,0.5,0.01,0,0.6,1,100,21,0.21
"n30_ad6_c5",30,6,0.5,0.01,0,0.8,0.2,100,100,1
"n30_ad6_c5",30,6,0.5,0.01,0,0.8,0.4,100,100,1
"n30_ad6_c5",30,6,0.5,0.01,0,0.8,0.6,100,95,0.95
"n30_ad6_c5",30,6,0.5,0.01,0,0.8,0.8,100,65,0.65
"n30_ad6_c5",30,6,0.5,0.01,0,0.8,1,100,15,0.15
"n30_ad6_c5",30,6,0.5,0.01,0,1,0.2,100,100,1
"n30_ad6_c5",30,6,0.5,0.01,0,1,0.4,100,99,0.99
"n30_ad6_c5",30,6,0.5,0.01,0,1,0.6,100,90,0.9
"n30_ad6_c5",30,6,0.5,0.01,0,1,0.8,100,55,0.55
"n30_ad6_c5",30,6,0.5,0.01,0,1,1,100,0,0
"n30_ad6_c5",30,6,0.5,0.01,1,0.2,0.2,100,100,1
"n30_ad6_c5",30,6,0.5,0.01,1,0.2,0.4,100,100,1
"n30_ad6_c5",30,6,0.5,0.01,1,0.2,0.6,100,97,0.97
"n30_ad6_c5",30,6,0.5,0.01,1,0.2,0.8,100,84,0.84
"n30_ad6_c5",30,6,0.5,0.01,1,0.2,1,100,33,0.33
"n30_ad6_c5",30,6,0.5,0.01,1,0.4,0.2,100,100,1
"n30_ad6_c5",30,6,0.5,0.01,1,0.4,0.4,100,100,1
"n30_ad6_c5",30,6,0.5,0.01,1,0.4,0.6,100,97,0.97
"n30_ad6_c5",30,6,0.5,0.01,1,0.4,0.8,100,67,0.67
"n30_ad6_c5",30,6,0.5,0.01,1,0.4,1,100,23,0.23
"n30_ad6_c5",30,6,0.5,0.01,1,0.6,0.2,100,100,1
"n30_ad6_c5",30,6,0.5,0.01,1,0.6,0.4,100,99,0.99
"n30_ad6_c5",30,6,0.5,0.01,1,0.6,0.6,100,96,0.96
"n30_ad6_c5",30,6,0.5,0.01,1,0.6,0.8,100,73,0.73
"n30_ad6_c5",30,6,0.5,0.01,1,0.6,1,100,15,0.15
"n30_ad6_c5",30,6,0.5,0.01,1,0.8,0.2,100,100,1
"n30_ad6_c5",30,6,0.5,0.01,1,0.8,0.4,100,100,1
"n30_ad6_c5",30,6,0.5,0.01,1,0.8,0.6,100,93,0.93
"n30_ad6_c5",30,6,0.5,0.01,1,0.8,0.8,100,67,0.67
"n30_ad6_c5",30,6,0.5,0.01,1,0.8,1,100,8,0.08
"n30_ad6_c5",30,6,0.5,0.01,1,1,0.2,100,100,1
"n30_ad6_c5",30,6,0.5,0.01,1,1,0.4,100,98,0.98
"n30_ad6_c5",30,6,0.5,0.01,1,1,0.6,100,89,0.89
"n30_ad6_c5",30,6,0.5,0.01,1,1,0.8,100,57,0.57
"n30_ad6_c5",30,6,0.5,0.01,1,1,1,100,0,0
"n30_ad6_c5",30,6,0.5,0.01,2,0.2,0.2,100,100,1
"n30_ad6_c5",30,6,0.5,0.01,2,0.2,0.4,100,100,1
"n30_ad6_c5",30,6,0.5,0.01,2,0.2,0.6,100,99,0.99
"n30_ad6_c5",30,6,0.5,0.01,2,0.2,0.8,100,82,0.82
"n30_ad6_c5",30,6,0.5,0.01,2,0.2,1,100,41,0.41
"n30_ad6_c5",30,6,0.5,0.01,2,0.4,0.2,100,100,1
"n30_ad6_c5",30,6,0.5,0.01,2,0.4,0.4,100,100,1
"n30_ad6_c5",30,6,0.5,0.01,2,0.4,0.6,100,94,0.94
"n30_ad6_c5",30,6,0.5,0.01,2,0.4,0.8,100,76,0.76
"n30_ad6_c5",30,6,0.5,0.01,2,0.4,1,100,34,0.34
"n30_ad6_c5",30,6,0.5,0.01,2,0.6,0.2,100,100,1
"n30_ad6_c5",30,6,0.5,0.01,2,0.6,0.4,100,100,1
"n30_ad6_c5",30,6,0.5,0.01,2,0.6,0.6,100,92,0.92
"n30_ad6_c5",30,6,0.5,0.01,2,0.6,0.8,100,73,0.73
"n30_ad6_c5",30,6,0.5,0.01,2,0.6,1,100,22,0.22
"n30_ad6_c5",30,6,0.5,0.01,2,0.8,0.2,100,100,1
"n30_ad6_c5",30,6,0.5,0.01,2,0.8,0.4,100,99,0.99
"n30_ad6_c5",30,6,0.5,0.01,2,0.8,0.6,100,95,0.95
"n30_ad6_c5",30,6,0.5,0.01,2,0.8,0.8,100,73,0.73
"n30_ad6_c5",30,6,0.5,0.01,2,0.8,1,100,10,0.1
"n30_ad6_c5",30,6,0.5,0.01,2,1,0.2,100,100,1
"n30_ad6_c5",30,6,0.5,0.01,2,1,0.4,100,96,0.96
"n30_ad6_c5",30,6,0.5,0.01,2,1,0.6,100,87,0.87
"n30_ad6_c5",30,6,0.5,0.01,2,1,0.8,100,55,0.55
"n30_ad6_c5",30,6,0.5,0.01,2,1,1,100,0,0
"n30_ad6_c5",30,6,0.5,0.01,4,0.2,0.2,100,100,1
"n30_ad6_c5",30,6,0.5,0.01,4,0.2,0.4,100,100,1
"n30_ad6_c5",30,6,0.5,0.01,4,0.2,0.6,100,94,0.94
"n30_ad6_c5",30,6,0.5,0.01,4,0.2,0.8,100,85,0.85
"n30_ad6_c5",30,6,0.5,0.01,4,0.2,1,100,47,0.47
"n30_ad6_c5",30,6,0.5,0.01,4,0.4,0.2,100,100,1
"n30_ad6_c5",30,6,0.5,0.01,4,0.4,0.4,100,100,1
"n30_ad6_c5",30,6,0.5,0.01,4,0.4,0.6,100,96,0.96
"n30_ad6_c5",30,6,0.5,0.01,4,0.4,0.8,100,83,0.83
"n30_ad6_c5",30,6,0.5,0.01,4,0.4,1,100,37,0.37
"n30_ad6_c5",30,6,0.5,0.01,4,0.6,0.2,100,100,1
"n30_ad6_c5",30,6,0.5,0.01,4,0.6,0.4,100,99,0.99
"n30_ad6_c5",30,6,0.5,0.01,4,0.6,0.6,100,94,0.94
"n30_ad6_c5",30,6,0.5,0.01,4,0.6,0.8,100,73,0.73
"n30_ad6_c5",30,6,0.5,0.01,4,0.6,1,100,31,0.31
"n30_ad6_c5",30,6,0.5,0.01,4,0.8,0.2,100,100,1
"n30_ad6_c5",30,6,0.5,0.01,4,0.8,0.4,100,100,1
"n30_ad6_c5",30,6,0.5,0.01,4,0.8,0.6,100,92,0.92
"n30_ad6_c5",30,6,0.5,0.01,4,0.8,0.8,100,74,0.74
"n30_ad6_c5",30,6,0.5,0.01,4,0.8,1,100,18,0.18
"n30_ad6_c5",30,6,0.5,0.01,4,1,0.2,100,99,0.99
"n30_ad6_c5",30,6,0.5,0.01,4,1,0.4,100,93,0.93
"n30_ad6_c5",30,6,0.5,0.01,4,1,0.6,100,82,0.82
"n30_ad6_c5",30,6,0.5,0.01,4,1,0.8,100,62,0.62
"n30_ad6_c5",30,6,0.5,0.01,4,1,1,100,0,0
"n30_ad6_c5",30,6,0.5,0.01,8,0.2,0.2,100,100,1
"n30_ad6_c5",30,6,0.5,0.01,8,0.2,0.4,100,100,1
"n30_ad6_c5",30,6,0.5,0.01,8,0.2,0.6,100,100,1
"n30_ad6_c5",30,6,0.5,0.01,8,0.2,0.8,100,88,0.88
"n30_ad6_c5",30,6,0.5,0.01,8,0.2,1,100,70,0.7
"n30_ad6_c5",30,6,0.5,0.01,8,0.4,0.2,100,100,1
"n30_ad6_c5",30,6,0.5,0.01,8,0.4,0.4,100,100,1
"n30_ad6_c5",30,6,0.5,0.01,8,0.4,0.6,100,94,0.94
"n30_ad6_c5",30,6,0.5,0.01,8,0.4,0.8,100,78,0.78
"n30_ad6_c5",30,6,0.5,0.01,8,0.4,1,100,59,0.59
"n30_ad6_c5",30,6,0.5,0.01,8,0.6,0.2,100,100,1
"n30_ad6_c5",30,6,0.5,0.01,8,0.6,0.4,100,98,0.98
"n30_ad6_c5",30,6,0.5,0.01,8,0.6,0.6,100,91,0.91
"n30_ad6_c5",30,6,0.5,0.01,8,0.6,0.8,100,80,0.8
"n30_ad6_c5",30,6,0.5,0.01,8,0.6,1,100,53,0.53
"n30_ad6_c5",30,6,0.5,0.01,8,0.8,0.2,100,100,1
"n30_ad6_c5",30,6,0.5,0.01,8,0.8,0.4,100,99,0.99
"n30_ad6_c5",30,6,0.5,0.01,8,0.8,0.6,100,85,0.85
"n30_ad6_c5",30,6,0.5,0.01,8,0.8,0.8,100,67,0.67
"n30_ad6_c5",30,6,0.5,0.01,8,0.8,1,100,35,0.35
"n30_ad6_c5",30,6,0.5,0.01,8,1,0.2,100,99,0.99
"n30_ad6_c5",30,6,0.5,0.01,8,1,0.4,100,95,0.95
"n30_ad6_c5",30,6,0.5,0.01,8,1,0.6,100,83,0.83
"n30_ad6_c5",30,6,0.5,0.01,8,1,0.8,100,55,0.55
"n30_ad6_c5",30,6,0.5,0.01,8,1,1,100,0,0
"n30_ad6_c5",30,6,0.5,0.05,0,0.2,0.2,100,100,1
"n30_ad6_c5",30,6,0.5,0.05,0,0.2,0.4,100,100,1
"n30_ad6_c5",30,6,0.5,0.05,0,0.2,0.6,100,100,1
"n30_ad6_c5",30,6,0.5,0.05,0,0.2,0.8,100,91,0.91
"n30_ad6_c5",30,6,0.5,0.05,0,0.2,1,100,71,0.71
"n30_ad6_c5",30,6,0.5,0.05,0,0.4,0.2,100,100,1
"n30_ad6_c5",30,6,0.5,0.05,0,0.4,0.4,100,100,1
"n30_ad6_c5",30,6,0.5,0.05,0,0.4,0.6,100,95,0.95
"n30_ad6_c5",30,6,0.5,0.05,0,0.4,0.8,100,77,0.77
"n30_ad6_c5",30,6,0.5,0.05,0,0.4,1,100,43,0.43
"n30_ad6_c5",30,6,0.5,0.05,0,0.6,0.2,100,100,1
"n30_ad6_c5",30,6,0.5,0.05,0,0.6,0.4,100,100,1
"n30_ad6_c5",30,6,0.5,0.05,0,0.6,0.6,100,94,0.94
"n30_ad6_c5",30,6,0.5,0.05,0,0.6,0.8,100,73,0.73
"n30_ad6_c5",30,6,0.5,0.05,0,0.6,1,100,27,0.27
"n30_ad6_c5",30,6,0.5,0.05,0,0.8,0.2,100,100,1
"n30_ad6_c5",30,6,0.5,0.05,0,0.8,0.4,100,98,0.98
"n30_ad6_c5",30,6,0.5,0.05,0,0.8,0.6,100,92,0.92
"n30_ad6_c5",30,6,0.5,0.05,0,0.8,0.8,100,64,0.64
"n30_ad6_c5",30,6,0.5,0.05,0,0.8,1,100,15,0.15
"n30_ad6_c5",30,6,0.5,0.05,0,1,0.2,100,100,1
"n30_ad6_c5",30,6,0.5,0.05,0,1,0.4,100,99,0.99
"n30_ad6_c5",30,6,0.5,0.05,0,1,0.6,100,89,0.89
"n30_ad6_c5",30,6,0.5,0.05,0,1,0.8,100,56,0.56
"n30_ad6_c5",30,6,0.5,0.05,0,1,1,100,0,0
"n30_ad6_c5",30,6,0.5,0.05,1,0.2,0.2,100,100,1
"n30_ad6_c5",30,6,0.5,0.05,1,0.2,0.4,100,100,1
"n30_ad6_c5",30,6,0.5,0.05,1,0.2,0.6,100,98,0.98
"n30_ad6_c5",30,6,0.5,0.05,1,0.2,0.8,100,93,0.93
"n30_ad6_c5",30,6,0.5,0.05,1,0.2,1,100,71,0.71
"n30_ad6_c5",30,6,0.5,0.05,1,0.4,0.2,100,100,1
"n30_ad6_c5",30,6,0.5,0.05,1,0.4,0.4,100,100,1
"n30_ad6_c5",30,6,0.5,0.05,1,0.4,0.6,100,98,0.98
"n30_ad6_c5",30,6,0.5,0.05,1,0.4,0.8,100,78,0.78
"n30_ad6_c5",30,6,0.5,0.05,1,0.4,1,100,47,0.47
"n30_ad6_c5",30,6,0.5,0.05,1,0.6,0.2,100,100,1
"n30_ad6_c5",30,6,0.5,0.05,1,0.6,0.4,100,100,1
"n30_ad6_c5",30,6,0.5,0.05,1,0.6,0.6,100,94,0.94
"n30_ad6_c5",30,6,0.5,0.05,1,0.6,0.8,100,77,0.77
"n30_ad6_c5",30,6,0.5,0.05,1,0.6,1,100,27,0.27
"n30_ad6_c5",30,6,0.5,0.05,1,0.8,0.2,100,100,1
"n30_ad6_c5",30,6,0.5,0.05,1,0.8,0.4,100,99,0.99
"n30_ad6_c5",30,6,0.5,0.05,1,0.8,0.6,100,92,0.92
"n30_ad6_c5",30,6,0.5,0.05,1,0.8,0.8,100,65,0.65
"n30_ad6_c5",30,6,0.5,0.05,1,0.8,1,100,14,0.14
"n30_ad6_c5",30,6,0.5,0.05,1,1,0.2,100,100,1
"n30_ad6_c5",30,6,0.5,0.05,1,1,0.4,100,96,0.96
"n30_ad6_c5",30,6,0.5,0.05,1,1,0.6,100,88,0.88
"n30_ad6_c5",30,6,0.5,0.05,1,1,0.8,100,61,0.61
"n30_ad6_c5",30,6,0.5,0.05,1,1,1,100,0,0
"n30_ad6_c5",30,6,0.5,0.05,2,0.2,0.2,100,100,1
"n30_ad6_c5",30,6,0.5,0.05,2,0.2,0.4,100,100,1
"n30_ad6_c5",30,6,0.5,0.05,2,0.2,0.6,100,95,0.95
"n30_ad6_c5",30,6,0.5,0.05,2,0.2,0.8,100,87,0.87
"n30_ad6_c5",30,6,0.5,0.05,2,0.2,1,100,69,0.69
"n30_ad6_c5",30,6,0.5,0.05,2,0.4,0.2,100,100,1
"n30_ad6_c5",30,6,0.5,0.05,2,0.4,0.4,100,99,0.99
"n30_ad6_c5",30,6,0.5,0.05,2,0.4,0.6,100,98,0.98
"n30_ad6_c5",30,6,0.5,0.05,2,0.4,0.8,100,83,0.83
"n30_ad6_c5",30,6,0.5,0.05,2,0.4,1,100,50,0.5
"n30_ad6_c5",30,6,0.5,0.05,2,0.6,0.2,100,100,1
"n30_ad6_c5",30,6,0.5,0.05,2,0.6,0.4,100,98,0.98
"n30_ad6_c5",30,6,0.5,0.05,2,0.6,0.6,100,94,0.94
"n30_ad6_c5",30,6,0.5,0.05,2,0.6,0.8,100,77,0.77
"n30_ad6_c5",30,6,0.5,0.05,2,0.6,1,100,33,0.33
"n30_ad6_c5",30,6,0.5,0.05,2,0.8,0.2,100,100,1
"n30_ad6_c5",30,6,0.5,0.05,2,0.8,0.4,100,97,0.97
"n30_ad6_c5",30,6,0.5,0.05,2,0.8,0.6,100,89,0.89
"n30_ad6_c5",30,6,0.5,0.05,2,0.8,0.8,100,63,0.63
"n30_ad6_c5",30,6,0.5,0.05,2,0.8,1,100,21,0.21
"n30_ad6_c5",30,6,0.5,0.05,2,1,0.2,100,98,0.98
"n30_ad6_c5",30,6,0.5,0.05,2,1,0.4,100,91,0.91
"n30_ad6_c5",30,6,0.5,0.05,2,1,0.6,100,74,0.74
"n30_ad6_c5",30,6,0.5,0.05,2,1,0.8,100,44,0.44
"n30_ad6_c5",30,6,0.5,0.05,2,1,1,100,0,0
"n30_ad6_c5",30,6,0.5,0.05,4,0.2,0.2,100,100,1
"n30_ad6_c5",30,6,0.5,0.05,4,0.2,0.4,100,100,1
"n30_ad6_c5",30,6,0.5,0.05,4,0.2,0.6,100,98,0.98
"n30_ad6_c5",30,6,0.5,0.05,4,0.2,0.8,100,93,0.93
"n30_ad6_c5",30,6,0.5,0.05,4,0.2,1,100,79,0.79
"n30_ad6_c5",30,6,0.5,0.05,4,0.4,0.2,100,100,1
"n30_ad6_c5",30,6,0.5,0.05,4,0.4,0.4,100,100,1
"n30_ad6_c5",30,6,0.5,0.05,4,0.4,0.6,100,98,0.98
"n30_ad6_c5",30,6,0.5,0.05,4,0.4,0.8,100,91,0.91
"n30_ad6_c5",30,6,0.5,0.05,4,0.4,1,100,64,0.64
"n30_ad6_c5",30,6,0.5,0.05,4,0.6,0.2,100,100,1
"n30_ad6_c5",30,6,0.5,0.05,4,0.6,0.4,100,98,0.98
"n30_ad6_c5",30,6,0.5,0.05,4,0.6,0.6,100,92,0.92
"n30_ad6_c5",30,6,0.5,0.05,4,0.6,0.8,100,82,0.82
"n30_ad6_c5",30,6,0.5,0.05,4,0.6,1,100,53,0.53
"n30_ad6_c5",30,6,0.5,0.05,4,0.8,0.2,100,100,1
"n30_ad6_c5",30,6,0.5,0.05,4,0.8,0.4,100,97,0.97
"n30_ad6_c5",30,6,0.5,0.05,4,0.8,0.6,100,86,0.86
"n30_ad6_c5",30,6,0.5,0.05,4,0.8,0.8,100,66,0.66
"n30_ad6_c5",30,6,0.5,0.05,4,0.8,1,100,37,0.37
"n30_ad6_c5",30,6,0.5,0.05,4,1,0.2,100,97,0.97
"n30_ad6_c5",30,6,0.5,0.05,4,1,0.4,100,83,0.83
"n30_ad6_c5",30,6,0.5,0.05,4,1,0.6,100,70,0.7
"n30_ad6_c5",30,6,0.5,0.05,4,1,0.8,100,41,0.41
"n30_ad6_c5",30,6,0.5,0.05,4,1,1,100,0,0
"n30_ad6_c5",30,6,0.5,0.05,8,0.2,0.2,100,100,1
"n30_ad6_c5",30,6,0.5,0.05,8,0.2,0.4,100,100,1
"n30_ad6_c5",30,6,0.5,0.05,8,0.2,0.6,100,98,0.98
"n30_ad6_c5",30,6,0.5,0.05,8,0.2,0.8,100,95,0.95
"n30_ad6_c5",30,6,0.5,0.05,8,0.2,1,100,82,0.82
"n30_ad6_c5",30,6,0.5,0.05,8,0.4,0.2,100,100,1
"n30_ad6_c5",30,6,0.5,0.05,8,0.4,0.4,100,100,1
"n30_ad6_c5",30,6,0.5,0.05,8,0.4,0.6,100,99,0.99
"n30_ad6_c5",30,6,0.5,0.05,8,0.4,0.8,100,90,0.9
"n30_ad6_c5",30,6,0.5,0.05,8,0.4,1,100,73,0.73
"n30_ad6_c5",30,6,0.5,0.05,8,0.6,0.2,100,100,1
"n30_ad6_c5",30,6,0.5,0.05,8,0.6,0.4,100,97,0.97
"n30_ad6_c5",30,6,0.5,0.05,8,0.6,0.6,100,98,0.98
"n30_ad6_c5",30,6,0.5,0.05,8,0.6,0.8,100,85,0.85
"n30_ad6_c5",30,6,0.5,0.05,8,0.6,1,100,64,0.64
"n30_ad6_c5",30,6,0.5,0.05,8,0.8,0.2,100,99,0.99
"n30_ad6_c5",30,6,0.5,0.05,8,0.8,0.4,100,92,0.92
"n30_ad6_c5",30,6,0.5,0.05,8,0.8,0.6,100,81,0.81
"n30_ad6_c5",30,6,0.5,0.05,8,0.8,0.8,100,66,0.66
"n30_ad6_c5",30,6,0.5,0.05,8,0.8,1,100,38,0.38
"n30_ad6_c5",30,6,0.5,0.05,8,1,0.2,100,94,0.94
"n30_ad6_c5",30,6,0.5,0.05,8,1,0.4,100,84,0.84
"n30_ad6_c5",30,6,0.5,0.05,8,1,0.6,100,51,0.51
"n30_ad6_c5",30,6,0.5,0.05,8,1,0.8,100,34,0.34
"n30_ad6_c5",30,6,0.5,0.05,8,1,1,100,0,0
"n30_ad6_c5",30,6,0.5,0.1,0,0.2,0.2,100,100,1
"n30_ad6_c5",30,6,0.5,0.1,0,0.2,0.4,100,100,1
"n30_ad6_c5",30,6,0.5,0.1,0,0.2,0.6,100,99,0.99
"n30_ad6_c5",30,6,0.5,0.1,0,0.2,0.8,100,95,0.95
"n30_ad6_c5",30,6,0.5,0.1,0,0.2,1,100,83,0.83
"n30_ad6_c5",30,6,0.5,0.1,0,0.4,0.2,100,100,1
"n30_ad6_c5",30,6,0.5,0.1,0,0.4,0.4,100,100,1
"n30_ad6_c5",30,6,0.5,0.1,0,0.4,0.6,100,97,0.97
"n30_ad6_c5",30,6,0.5,0.1,0,0.4,0.8,100,80,0.8
"n30_ad6_c5",30,6,0.5,0.1,0,0.4,1,100,57,0.57
"n30_ad6_c5",30,6,0.5,0.1,0,0.6,0.2,100,100,1
"n30_ad6_c5",30,6,0.5,0.1,0,0.6,0.4,100,100,1
"n30_ad6_c5",30,6,0.5,0.1,0,0.6,0.6,100,93,0.93
"n30_ad6_c5",30,6,0.5,0.1,0,0.6,0.8,100,76,0.76
"n30_ad6_c5",30,6,0.5,0.1,0,0.6,1,100,38,0.38
"n30_ad6_c5",30,6,0.5,0.1,0,0.8,0.2,100,100,1
"n30_ad6_c5",30,6,0.5,0.1,0,0.8,0.4,100,99,0.99
"n30_ad6_c5",30,6,0.5,0.1,0,0.8,0.6,100,93,0.93
"n30_ad6_c5",30,6,0.5,0.1,0,0.8,0.8,100,62,0.62
"n30_ad6_c5",30,6,0.5,0.1,0,0.8,1,100,17,0.17
"n30_ad6_c5",30,6,0.5,0.1,0,1,0.2,100,100,1
"n30_ad6_c5",30,6,0.5,0.1,0,1,0.4,100,99,0.99
"n30_ad6_c5",30,6,0.5,0.1,0,1,0.6,100,87,0.87
"n30_ad6_c5",30,6,0.5,0.1,0,1,0.8,100,64,0.64
"n30_ad6_c5",30,6,0.5,0.1,0,1,1,100,0,0
"n30_ad6_c5",30,6,0.5,0.1,1,0.2,0.2,100,100,1
"n30_ad6_c5",30,6,0.5,0.1,1,0.2,0.4,100,100,1
"n30_ad6_c5",30,6,0.5,0.1,1,0.2,0.6,100,100,1
"n30_ad6_c5",30,6,0.5,0.1,1,0.2,0.8,100,89,0.89
"n30_ad6_c5",30,6,0.5,0.1,1,0.2,1,100,73,0.73
"n30_ad6_c5",30,6,0.5,0.1,1,0.4,0.2,100,100,1
"n30_ad6_c5",30,6,0.5,0.1,1,0.4,0.4,100,100,1
"n30_ad6_c5",30,6,0.5,0.1,1,0.4,0.6,100,96,0.96
"n30_ad6_c5",30,6,0.5,0.1,1,0.4,0.8,100,82,0.82
"n30_ad6_c5",30,6,0.5,0.1,1,0.4,1,100,58,0.58
"n30_ad6_c5",30,6,0.5,0.1,1,0.6,0.2,100,100,1
"n30_ad6_c5",30,6,0.5,0.1,1,0.6,0.4,100,100,1
"n30_ad6_c5",30,6,0.5,0.1,1,0.6,0.6,100,96,0.96
"n30_ad6_c5",30,6,0.5,0.1,1,0.6,0.8,100,79,0.79
"n30_ad6_c5",30,6,0.5,0.1,1,0.6,1,100,35,0.35
"n30_ad6_c5",30,6,0.5,0.1,1,0.8,0.2,100,100,1
"n30_ad6_c5",30,6,0.5,0.1,1,0.8,0.4,100,98,0.98
"n30_ad6_c5",30,6,0.5,0.1,1,0.8,0.6,100,95,0.95
"n30_ad6_c5",30,6,0.5,0.1,1,0.8,0.8,100,66,0.66
"n30_ad6_c5",30,6,0.5,0.1,1,0.8,1,100,29,0.29
"n30_ad6_c5",30,6,0.5,0.1,1,1,0.2,100,99,0.99
"n30_ad6_c5",30,6,0.5,0.1,1,1,0.4,100,98,0.98
"n30_ad6_c5",30,6,0.5,0.1,1,1,0.6,100,84,0.84
"n30_ad6_c5",30,6,0.5,0.1,1,1,0.8,100,55,0.55
"n30_ad6_c5",30,6,0.5,0.1,1,1,1,100,0,0
"n30_ad6_c5",30,6,0.5,0.1,2,0.2,0.2,100,100,1
"n30_ad6_c5",30,6,0.5,0.1,2,0.2,0.4,100,100,1
"n30_ad6_c5",30,6,0.5,0.1,2,0.2,0.6,100,98,0.98
"n30_ad6_c5",30,6,0.5,0.1,2,0.2,0.8,100,97,0.97
"n30_ad6_c5",30,6,0.5,0.1,2,0.2,1,100,85,0.85
"n30_ad6_c5",30,6,0.5,0.1,2,0.4,0.2,100,100,1
"n30_ad6_c5",30,6,0.5,0.1,2,0.4,0.4,100,99,0.99
"n30_ad6_c5",30,6,0.5,0.1,2,0.4,0.6,100,97,0.97
"n30_ad6_c5",30,6,0.5,0.1,2,0.4,0.8,100,84,0.84
"n30_ad6_c5",30,6,0.5,0.1,2,0.4,1,100,64,0.64
"n30_ad6_c5",30,6,0.5,0.1,2,0.6,0.2,100,100,1
"n30_ad6_c5",30,6,0.5,0.1,2,0.6,0.4,100,98,0.98
"n30_ad6_c5",30,6,0.5,0.1,2,0.6,0.6,100,94,0.94
"n30_ad6_c5",30,6,0.5,0.1,2,0.6,0.8,100,78,0.78
"n30_ad6_c5",30,6,0.5,0.1,2,0.6,1,100,51,0.51
"n30_ad6_c5",30,6,0.5,0.1,2,0.8,0.2,100,99,0.99
"n30_ad6_c5",30,6,0.5,0.1,2,0.8,0.4,100,98,0.98
"n30_ad6_c5",30,6,0.5,0.1,2,0.8,0.6,100,83,0.83
"n30_ad6_c5",30,6,0.5,0.1,2,0.8,0.8,100,72,0.72
"n30_ad6_c5",30,6,0.5,0.1,2,0.8,1,100,29,0.29
"n30_ad6_c5",30,6,0.5,0.1,2,1,0.2,100,95,0.95
"n30_ad6_c5",30,6,0.5,0.1,2,1,0.4,100,82,0.82
"n30_ad6_c5",30,6,0.5,0.1,2,1,0.6,100,69,0.69
"n30_ad6_c5",30,6,0.5,0.1,2,1,0.8,100,54,0.54
"n30_ad6_c5",30,6,0.5,0.1,2,1,1,100,0,0
"n30_ad6_c5",30,6,0.5,0.1,4,0.2,0.2,100,100,1
"n30_ad6_c5",30,6,0.5,0.1,4,0.2,0.4,100,99,0.99
"n30_ad6_c5",30,6,0.5,0.1,4,0.2,0.6,100,99,0.99
"n30_ad6_c5",30,6,0.5,0.1,4,0.2,0.8,100,93,0.93
"n30_ad6_c5",30,6,0.5,0.1,4,0.2,1,100,85,0.85
"n30_ad6_c5",30,6,0.5,0.1,4,0.4,0.2,100,100,1
"n30_ad6_c5",30,6,0.5,0.1,4,0.4,0.4,100,99,0.99
"n30_ad6_c5",30,6,0.5,0.1,4,0.4,0.6,100,98,0.98
"n30_ad6_c5",30,6,0.5,0.1,4,0.4,0.8,100,91,0.91
"n30_ad6_c5",30,6,0.5,0.1,4,0.4,1,100,75,0.75
"n30_ad6_c5",30,6,0.5,0.1,4,0.6,0.2,100,100,1
"n30_ad6_c5",30,6,0.5,0.1,4,0.6,0.4,100,98,0.98
"n30_ad6_c5",30,6,0.5,0.1,4,0.6,0.6,100,93,0.93
"n30_ad6_c5",30,6,0.5,0.1,4,0.6,0.8,100,83,0.83
"n30_ad6_c5",30,6,0.5,0.1,4,0.6,1,100,69,0.69
"n30_ad6_c5",30,6,0.5,0.1,4,0.8,0.2,100,98,0.98
"n30_ad6_c5",30,6,0.5,0.1,4,0.8,0.4,100,90,0.9
"n30_ad6_c5",30,6,0.5,0.1,4,0.8,0.6,100,87,0.87
"n30_ad6_c5",30,6,0.5,0.1,4,0.8,0.8,100,63,0.63
"n30_ad6_c5",30,6,0.5,0.1,4,0.8,1,100,42,0.42
"n30_ad6_c5",30,6,0.5,0.1,4,1,0.2,100,87,0.87
"n30_ad6_c5",30,6,0.5,0.1,4,1,0.4,100,68,0.68
"n30_ad6_c5",30,6,0.5,0.1,4,1,0.6,100,58,0.58
"n30_ad6_c5",30,6,0.5,0.1,4,1,0.8,100,37,0.37
"n30_ad6_c5",30,6,0.5,0.1,4,1,1,100,0,0
"n30_ad6_c5",30,6,0.5,0.1,8,0.2,0.2,100,100,1
"n30_ad6_c5",30,6,0.5,0.1,8,0.2,0.4,100,100,1
"n30_ad6_c5",30,6,0.5,0.1,8,0.2,0.6,100,99,0.99
"n30_ad6_c5",30,6,0.5,0.1,8,0.2,0.8,100,98,0.98
"n30_ad6_c5",30,6,0.5,0.1,8,0.2,1,100,93,0.93
"n30_ad6_c5",30,6,0.5,0.1,8,0.4,0.2,100,100,1
"n30_ad6_c5",30,6,0.5,0.1,8,0.4,0.4,100,100,1
"n30_ad6_c5",30,6,0.5,0.1,8,0.4,0.6,100,97,0.97
"n30_ad6_c5",30,6,0.5,0.1,8,0.4,0.8,100,95,0.95
"n30_ad6_c5",30,6,0.5,0.1,8,0.4,1,100,84,0.84
"n30_ad6_c5",30,6,0.5,0.1,8,0.6,0.2,100,100,1
"n30_ad6_c5",30,6,0.5,0.1,8,0.6,0.4,100,96,0.96
"n30_ad6_c5",30,6,0.5,0.1,8,0.6,0.6,100,95,0.95
"n30_ad6_c5",30,6,0.5,0.1,8,0.6,0.8,100,91,0.91
"n30_ad6_c5",30,6,0.5,0.1,8,0.6,1,100,68,0.68
"n30_ad6_c5",30,6,0.5,0.1,8,0.8,0.2,100,97,0.97
"n30_ad6_c5",30,6,0.5,0.1,8,0.8,0.4,100,93,0.93
"n30_ad6_c5",30,6,0.5,0.1,8,0.8,0.6,100,83,0.83
"n30_ad6_c5",30,6,0.5,0.1,8,0.8,0.8,100,65,0.65
"n30_ad6_c5",30,6,0.5,0.1,8,0.8,1,100,54,0.54
"n30_ad6_c5",30,6,0.5,0.1,8,1,0.2,100,83,0.83
"n30_ad6_c5",30,6,0.5,0.1,8,1,0.4,100,67,0.67
"n30_ad6_c5",30,6,0.5,0.1,8,1,0.6,100,46,0.46
"n30_ad6_c5",30,6,0.5,0.1,8,1,0.8,100,33,0.33
"n30_ad6_c5",30,6,0.5,0.1,8,1,1,100,0,0
"n60_ad3_c1",60,3,0.1,0.01,0,0.2,0.2,100,100,1
"n60_ad3_c1",60,3,0.1,0.01,0,0.2,0.4,100,100,1
"n60_ad3_c1",60,3,0.1,0.01,0,0.2,0.6,100,100,1
"n60_ad3_c1",60,3,0.1,0.01,0,0.2,0.8,100,99,0.99
"n60_ad3_c1",60,3,0.1,0.01,0,0.2,1,100,73,0.73
"n60_ad3_c1",60,3,0.1,0.01,0,0.4,0.2,100,100,1
"n60_ad3_c1",60,3,0.1,0.01,0,0.4,0.4,100,100,1
"n60_ad3_c1",60,3,0.1,0.01,0,0.4,0.6,100,100,1
"n60_ad3_c1",60,3,0.1,0.01,0,0.4,0.8,100,100,1
"n60_ad3_c1",60,3,0.1,0.01,0,0.4,1,100,47,0.47
"n60_ad3_c1",60,3,0.1,0.01,0,0.6,0.2,100,100,1
"n60_ad3_c1",60,3,0.1,0.01,0,0.6,0.4,100,100,1
"n60_ad3_c1",60,3,0.1,0.01,0,0.6,0.6,100,100,1
"n60_ad3_c1",60,3,0.1,0.01,0,0.6,0.8,100,99,0.99
"n60_ad3_c1",60,3,0.1,0.01,0,0.6,1,100,30,0.3
"n60_ad3_c1",60,3,0.1,0.01,0,0.8,0.2,100,100,1
"n60_ad3_c1",60,3,0.1,0.01,0,0.8,0.4,100,100,1
"n60_ad3_c1",60,3,0.1,0.01,0,0.8,0.6,100,100,1
"n60_ad3_c1",60,3,0.1,0.01,0,0.8,0.8,100,100,1
"n60_ad3_c1",60,3,0.1,0.01,0,0.8,1,100,16,0.16
"n60_ad3_c1",60,3,0.1,0.01,0,1,0.2,100,100,1
"n60_ad3_c1",60,3,0.1,0.01,0,1,0.4,100,100,1
"n60_ad3_c1",60,3,0.1,0.01,0,1,0.6,100,100,1
"n60_ad3_c1",60,3,0.1,0.01,0,1,0.8,100,100,1
"n60_ad3_c1",60,3,0.1,0.01,0,1,1,100,0,0
"n60_ad3_c1",60,3,0.1,0.01,1,0.2,0.2,100,100,1
"n60_ad3_c1",60,3,0.1,0.01,1,0.2,0.4,100,100,1
"n60_ad3_c1",60,3,0.1,0.01,1,0.2,0.6,100,100,1
"n60_ad3_c1",60,3,0.1,0.01,1,0.2,0.8,100,99,0.99
"n60_ad3_c1",60,3,0.1,0.01,1,0.2,1,100,70,0.7
"n60_ad3_c1",60,3,0.1,0.01,1,0.4,0.2,100,100,1
"n60_ad3_c1",60,3,0.1,0.01,1,0.4,0.4,100,100,1
"n60_ad3_c1",60,3,0.1,0.01,1,0.4,0.6,100,100,1
"n60_ad3_c1",60,3,0.1,0.01,1,0.4,0.8,100,100,1
"n60_ad3_c1",60,3,0.1,0.01,1,0.4,1,100,37,0.37
"n60_ad3_c1",60,3,0.1,0.01,1,0.6,0.2,100,100,1
"n60_ad3_c1",60,3,0.1,0.01,1,0.6,0.4,100,100,1
"n60_ad3_c1",60,3,0.1,0.01,1,0.6,0.6,100,100,1
"n60_ad3_c1",60,3,0.1,0.01,1,0.6,0.8,100,99,0.99
"n60_ad3_c1",60,3,0.1,0.01,1,0.6,1,100,26,0.26
"n60_ad3_c1",60,3,0.1,0.01,1,0.8,0.2,100,100,1
"n60_ad3_c1",60,3,0.1,0.01,1,0.8,0.4,100,100,1
"n60_ad3_c1",60,3,0.1,0.01,1,0.8,0.6,100,100,1
"n60_ad3_c1",60,3,0.1,0.01,1,0.8,0.8,100,100,1
"n60_ad3_c1",60,3,0.1,0.01,1,0.8,1,100,11,0.11
"n60_ad3_c1",60,3,0.1,0.01,1,1,0.2,100,100,1
"n60_ad3_c1",60,3,0.1,0.01,1,1,0.4,100,100,1
"n60_ad3_c1",60,3,0.1,0.01,1,1,0.6,100,100,1
"n60_ad3_c1",60,3,0.1,0.01,1,1,0.8,100,100,1
"n60_ad3_c1",60,3,0.1,0.01,1,1,1,100,0,0
"n60_ad3_c1",60,3,0.1,0.01,2,0.2,0.2,100,100,1
"n60_ad3_c1",60,3,0.1,0.01,2,0.2,0.4,100,100,1
"n60_ad3_c1",60,3,0.1,0.01,2,0.2,0.6,100,100,1
"n60_ad3_c1",60,3,0.1,0.01,2,0.2,0.8,100,100,1
"n60_ad3_c1",60,3,0.1,0.01,2,0.2,1,100,70,0.7
"n60_ad3_c1",60,3,0.1,0.01,2,0.4,0.2,100,100,1
"n60_ad3_c1",60,3,0.1,0.01,2,0.4,0.4,100,100,1
"n60_ad3_c1",60,3,0.1,0.01,2,0.4,0.6,100,100,1
"n60_ad3_c1",60,3,0.1,0.01,2,0.4,0.8,100,100,1
"n60_ad3_c1",60,3,0.1,0.01,2,0.4,1,100,49,0.49
"n60_ad3_c1",60,3,0.1,0.01,2,0.6,0.2,100,100,1
"n60_ad3_c1",60,3,0.1,0.01,2,0.6,0.4,100,100,1
"n60_ad3_c1",60,3,0.1,0.01,2,0.6,0.6,100,100,1
"n60_ad3_c1",60,3,0.1,0.01,2,0.6,0.8,100,98,0.98
"n60_ad3_c1",60,3,0.1,0.01,2,0.6,1,100,31,0.31
"n60_ad3_c1",60,3,0.1,0.01,2,0.8,0.2,100,100,1
"n60_ad3_c1",60,3,0.1,0.01,2,0.8,0.4,100,100,1
"n60_ad3_c1",60,3,0.1,0.01,2,0.8,0.6,100,100,1
"n60_ad3_c1",60,3,0.1,0.01,2,0.8,0.8,100,97,0.97
"n60_ad3_c1",60,3,0.1,0.01,2,0.8,1,100,14,0.14
"n60_ad3_c1",60,3,0.1,0.01,2,1,0.2,100,100,1
"n60_ad3_c1",60,3,0.1,0.01,2,1,0.4,100,100,1
"n60_ad3_c1",60,3,0.1,0.01,2,1,0.6,100,100,1
"n60_ad3_c1",60,3,0.1,0.01,2,1,0.8,100,100,1
"n60_ad3_c1",60,3,0.1,0.01,2,1,1,100,0,0
"n60_ad3_c1",60,3,0.1,0.01,4,0.2,0.2,100,100,1
"n60_ad3_c1",60,3,0.1,0.01,4,0.2,0.4,100,100,1
"n60_ad3_c1",60,3,0.1,0.01,4,0.2,0.6,100,100,1
"n60_ad3_c1",60,3,0.1,0.01,4,0.2,0.8,100,100,1
"n60_ad3_c1",60,3,0.1,0.01,4,0.2,1,100,65,0.65
"n60_ad3_c1",60,3,0.1,0.01,4,0.4,0.2,100,100,1
"n60_ad3_c1",60,3,0.1,0.01,4,0.4,0.4,100,100,1
"n60_ad3_c1",60,3,0.1,0.01,4,0.4,0.6,100,100,1
"n60_ad3_c1",60,3,0.1,0.01,4,0.4,0.8,100,99,0.99
"n60_ad3_c1",60,3,0.1,0.01,4,0.4,1,100,45,0.45
"n60_ad3_c1",60,3,0.1,0.01,4,0.6,0.2,100,100,1
"n60_ad3_c1",60,3,0.1,0.01,4,0.6,0.4,100,100,1
"n60_ad3_c1",60,3,0.1,0.01,4,0.6,0.6,100,100,1
"n60_ad3_c1",60,3,0.1,0.01,4,0.6,0.8,100,99,0.99
"n60_ad3_c1",60,3,0.1,0.01,4,0.6,1,100,31,0.31
"n60_ad3_c1",60,3,0.1,0.01,4,0.8,0.2,100,100,1
"n60_ad3_c1",60,3,0.1,0.01,4,0.8,0.4,100,100,1
"n60_ad3_c1",60,3,0.1,0.01,4,0.8,0.6,100,100,1
"n60_ad3_c1",60,3,0.1,0.01,4,0.8,0.8,100,99,0.99
"n60_ad3_c1",60,3,0.1,0.01,4,0.8,1,100,19,0.19
"n60_ad3_c1",60,3,0.1,0.01,4,1,0.2,100,100,1
"n60_ad3_c1",60,3,0.1,0.01,4,1,0.4,100,100,1
"n60_ad3_c1",60,3,0.1,0.01,4,1,0.6,100,100,1
"n60_ad3_c1",60,3,0.1,0.01,4,1,0.8,100,99,0.99
"n60_ad3_c1",60,3,0.1,0.01,4,1,1,100,0,0
"n60_ad3_c1",60,3,0.1,0.01,8,0.2,0.2,100,100,1
"n60_ad3_c1",60,3,0.1,0.01,8,0.2,0.4,100,100,1
"n60_ad3_c1",60,3,0.1,0.01,8,0.2,0.6,100,100,1
"n60_ad3_c1",60,3,0.1,0.01,8,0.2,0.8,100,100,1
"n60_ad3_c1",60,3,0.1,0.01,8,0.2,1,100,67,0.67
"n60_ad3_c1",60,3,0.1,0.01,8,0.4,0.2,100,100,1
"n60_ad3_c1",60,3,0.1,0.01,8,0.4,0.4,100,100,1
"n60_ad3_c1",60,3,0.1,0.01,8,0.4,0.6,100,100,1
"n60_ad3_c1",60,3,0.1,0.01,8,0.4,0.8,100,100,1
"n60_ad3_c1",60,3,0.1,0.01,8,0.4,1,100,45,0.45
"n60_ad3_c1",60,3,0.1,0.01,8,0.6,0.2,100,100,1
"n60_ad3_c1",60,3,0.1,0.01,8,0.6,0.4,100,100,1
"n60_ad3_c1",60,3,0.1,0.01,8,0.6,0.6,100,100,1
"n60_ad3_c1",60,3,0.1,0.01,8,0.6,0.8,100,100,1
"n60_ad3_c1",60,3,0.1,0.01,8,0.6,1,100,36,0.36
"n60_ad3_c1",60,3,0.1,0.01,8,0.8,0.2,100,100,1
"n60_ad3_c1",60,3,0.1,0.01,8,0.8,0.4,100,100,1
"n60_ad3_c1",60,3,0.1,0.01,8,0.8,0.6,100,100,1
"n60_ad3_c1",60,3,0.1,0.01,8,0.8,0.8,100,99,0.99
"n60_ad3_c1",60,3,0.1,0.01,8,0.8,1,100,18,0.18
"n60_ad3_c1",60,3,0.1,0.01,8,1,0.2,100,100,1
"n60_ad3_c1",60,3,0.1,0.01,8,1,0.4,100,100,1
"n60_ad3_c1",60,3,0.1,0.01,8,1,0.6,100,100,1
"n60_ad3_c1",60,3,0.1,0.01,8,1,0.8,100,100,1
"n60_ad3_c1",60,3,0.1,0.01,8,1,1,100,0,0
"n60_ad3_c1",60,3,0.1,0.05,0,0.2,0.2,100,100,1
"n60_ad3_c1",60,3,0.1,0.05,0,0.2,0.4,100,100,1
"n60_ad3_c1",60,3,0.1,0.05,0,0.2,0.6,100,100,1
"n60_ad3_c1",60,3,0.1,0.05,0,0.2,0.8,100,100,1
"n60_ad3_c1",60,3,0.1,0.05,0,0.2,1,100,98,0.98
"n60_ad3_c1",60,3,0.1,0.05,0,0.4,0.2,100,100,1
"n60_ad3_c1",60,3,0.1,0.05,0,0.4,0.4,100,100,1
"n60_ad3_c1",60,3,0.1,0.05,0,0.4,0.6,100,100,1
"n60_ad3_c1",60,3,0.1,0.05,0,0.4,0.8,100,100,1
"n60_ad3_c1",60,3,0.1,0.05,0,0.4,1,100,87,0.87
"n60_ad3_c1",60,3,0.1,0.05,0,0.6,0.2,100,100,1
"n60_ad3_c1",60,3,0.1,0.05,0,0.6,0.4,100,100,1
"n60_ad3_c1",60,3,0.1,0.05,0,0.6,0.6,100,100,1
"n60_ad3_c1",60,3,0.1,0.05,0,0.6,0.8,100,100,1
"n60_ad3_c1",60,3,0.1,0.05,0,0.6,1,100,77,0.77
"n60_ad3_c1",60,3,0.1,0.05,0,0.8,0.2,100,100,1
"n60_ad3_c1",60,3,0.1,0.05,0,0.8,0.4,100,100,1
"n60_ad3_c1",60,3,0.1,0.05,0,0.8,0.6,100,100,1
"n60_ad3_c1",60,3,0.1,0.05,0,0.8,0.8,100,100,1
"n60_ad3_c1",60,3,0.1,0.05,0,0.8,1,100,32,0.32
"n60_ad3_c1",60,3,0.1,0.05,0,1,0.2,100,100,1
"n60_ad3_c1",60,3,0.1,0.05,0,1,0.4,100,100,1
"n60_ad3_c1",60,3,0.1,0.05,0,1,0.6,100,100,1
"n60_ad3_c1",60,3,0.1,0.05,0,1,0.8,100,100,1
"n60_ad3_c1",60,3,0.1,0.05,0,1,1,100,0,0
"n60_ad3_c1",60,3,0.1,0.05,1,0.2,0.2,100,100,1
"n60_ad3_c1",60,3,0.1,0.05,1,0.2,0.4,100,100,1
"n60_ad3_c1",60,3,0.1,0.05,1,0.2,0.6,100,100,1
"n60_ad3_c1",60,3,0.1,0.05,1,0.2,0.8,100,100,1
"n60_ad3_c1",60,3,0.1,0.05,1,0.2,1,100,98,0.98
"n60_ad3_c1",60,3,0.1,0.05,1,0.4,0.2,100,100,1
"n60_ad3_c1",60,3,0.1,0.05,1,0.4,0.4,100,100,1
"n60_ad3_c1",60,3,0.1,0.05,1,0.4,0.6,100,100,1
"n60_ad3_c1",60,3,0.1,0.05,1,0.4,0.8,100,100,1
"n60_ad3_c1",60,3,0.1,0.05,1,0.4,1,100,90,0.9
"n60_ad3_c1",60,3,0.1,0.05,1,0.6,0.2,100,100,1
"n60_ad3_c1",60,3,0.1,0.05,1,0.6,0.4,100,100,1
"n60_ad3_c1",60,3,0.1,0.05,1,0.6,0.6,100,100,1
"n60_ad3_c1",60,3,0.1,0.05,1,0.6,0.8,100,100,1
"n60_ad3_c1",60,3,0.1,0.05,1,0.6,1,100,66,0.66
"n60_ad3_c1",60,3,0.1,0.05,1,0.8,0.2,100,100,1
"n60_ad3_c1",60,3,0.1,0.05,1,0.8,0.4,100,100,1
"n60_ad3_c1",60,3,0.1,0.05,1,0.8,0.6,100,100,1
"n60_ad3_c1",60,3,0.1,0.05,1,0.8,0.8,100,100,1
"n60_ad3_c1",60,3,0.1,0.05,1,0.8,1,100,38,0.38
"n60_ad3_c1",60,3,0.1,0.05,1,1,0.2,100,100,1
"n60_ad3_c1",60,3,0.1,0.05,1,1,0.4,100,100,1
"n60_ad3_c1",60,3,0.1,0.05,1,1,0.6,100,100,1
"n60_ad3_c1",60,3,0.1,0.05,1,1,0.8,100,100,1
"n60_ad3_c1",60,3,0.1,0.05,1,1,1,100,0,0
"n60_ad3_c1",60,3,0.1,0.05,2,0.2,0.2,100,100,1
"n60_ad3_c1",60,3,0.1,0.05,2,0.2,0.4,100,100,1
"n60_ad3_c1",60,3,0.1,0.05,2,0.2,0.6,100,100,1
"n60_ad3_c1",60,3,0.1,0.05,2,0.2,0.8,100,100,1
"n60_ad3_c1",60,3,0.1,0.05,2,0.2,1,100,98,0.98
"n60_ad3_c1",60,3,0.1,0.05,2,0.4,0.2,100,100,1
"n60_ad3_c1",60,3,0.1,0.05,2,0.4,0.4,100,100,1
"n60_ad3_c1",60,3,0.1,0.05,2,0.4,0.6,100,100,1
"n60_ad3_c1",60,3,0.1,0.05,2,0.4,0.8,100,100,1
"n60_ad3_c1",60,3,0.1,0.05,2,0.4,1,100,89,0.89
"n60_ad3_c1",60,3,0.1,0.05,2,0.6,0.2,100,100,1
"n60_ad3_c1",60,3,0.1,0.05,2,0.6,0.4,100,100,1
"n60_ad3_c1",60,3,0.1,0.05,2,0.6,0.6,100,100,1
"n60_ad3_c1",60,3,0.1,0.05,2,0.6,0.8,100,100,1
"n60_ad3_c1",60,3,0.1,0.05,2,0.6,1,100,67,0.67
"n60_ad3_c1",60,3,0.1,0.05,2,0.8,0.2,100,100,1
"n60_ad3_c1",60,3,0.1,0.05,2,0.8,0.4,100,100,1
"n60_ad3_c1",60,3,0.1,0.05,2,0.8,0.6,100,100,1
"n60_ad3_c1",60,3,0.1,0.05,2,0.8,0.8,100,100,1
"n60_ad3_c1",60,3,0.1,0.05,2,0.8,1,100,39,0.39
"n60_ad3_c1",60,3,0.1,0.05,2,1,0.2,100,100,1
"n60_ad3_c1",60,3,0.1,0.05,2,1,0.4,100,100,1
"n60_ad3_c1",60,3,0.1,0.05,2,1,0.6,100,100,1
"n60_ad3_c1",60,3,0.1,0.05,2,1,0.8,100,99,0.99
"n60_ad3_c1",60,3,0.1,0.05,2,1,1,100,0,0
"n60_ad3_c1",60,3,0.1,0.05,4,0.2,0.2,100,100,1
"n60_ad3_c1",60,3,0.1,0.05,4,0.2,0.4,100,100,1
"n60_ad3_c1",60,3,0.1,0.05,4,0.2,0.6,100,100,1
"n60_ad3_c1",60,3,0.1,0.05,4,0.2,0.8,100,100,1
"n60_ad3_c1",60,3,0.1,0.05,4,0.2,1,100,95,0.95
"n60_ad3_c1",60,3,0.1,0.05,4,0.4,0.2,100,100,1
"n60_ad3_c1",60,3,0.1,0.05,4,0.4,0.4,100,100,1
"n60_ad3_c1",60,3,0.1,0.05,4,0.4,0.6,100,100,1
"n60_ad3_c1",60,3,0.1,0.05,4,0.4,0.8,100,100,1
"n60_ad3_c1",60,3,0.1,0.05,4,0.4,1,100,83,0.83
"n60_ad3_c1",60,3,0.1,0.05,4,0.6,0.2,100,100,1
"n60_ad3_c1",60,3,0.1,0.05,4,0.6,0.4,100,100,1
"n60_ad3_c1",60,3,0.1,0.05,4,0.6,0.6,100,100,1
"n60_ad3_c1",60,3,0.1,0.05,4,0.6,0.8,100,100,1
"n60_ad3_c1",60,3,0.1,0.05,4,0.6,1,100,56,0.56
"n60_ad3_c1",60,3,0.1,0.05,4,0.8,0.2,100,100,1
"n60_ad3_c1",60,3,0.1,0.05,4,0.8,0.4,100,100,1
"n60_ad3_c1",60,3,0.1,0.05,4,0.8,0.6,100,100,1
"n60_ad3_c1",60,3,0.1,0.05,4,0.8,0.8,100,100,1
"n60_ad3_c1",60,3,0.1,0.05,4,0.8,1,100,40,0.4
"n60_ad3_c1",60,3,0.1,0.05,4,1,0.2,100,100,1
"n60_ad3_c1",60,3,0.1,0.05,4,1,0.4,100,100,1
"n60_ad3_c1",60,3,0.1,0.05,4,1,0.6,100,100,1
"n60_ad3_c1",60,3,0.1,0.05,4,1,0.8,100,98,0.98
"n60_ad3_c1",60,3,0.1,0.05,4,1,1,100,0,0
"n60_ad3_c1",60,3,0.1,0.05,8,0.2,0.2,100,100,1
"n60_ad3_c1",60,3,0.1,0.05,8,0.2,0.4,100,100,1
"n60_ad3_c1",60,3,0.1,0.05,8,0.2,0.6,100,100,1
"n60_ad3_c1",60,3,0.1,0.05,8,0.2,0.8,100,100,1
"n60_ad3_c1",60,3,0.1,0.05,8,0.2,1,100,95,0.95
"n60_ad3_c1",60,3,0.1,0.05,8,0.4,0.2,100,100,1
"n60_ad3_c1",60,3,0.1,0.05,8,0.4,0.4,100,100,1
"n60_ad3_c1",60,3,0.1,0.05,8,0.4,0.6,100,100,1
"n60_ad3_c1",60,3,0.1,0.05,8,0.4,0.8,100,100,1
"n60_ad3_c1",60,3,0.1,0.05,8,0.4,1,100,85,0.85
"n60_ad3_c1",60,3,0.1,0.05,8,0.6,0.2,100,100,1
"n60_ad3_c1",60,3,0.1,0.05,8,0.6,0.4,100,100,1
"n60_ad3_c1",60,3,0.1,0.05,8,0.6,0.6,100,100,1
"n60_ad3_c1",60,3,0.1,0.05,8,0.6,0.8,100,100,1
"n60_ad3_c1",60,3,0.1,0.05,8,0.6,1,100,72,0.72
"n60_ad3_c1",60,3,0.1,0.05,8,0.8,0.2,100,100,1
"n60_ad3_c1",60,3,0.1,0.05,8,0.8,0.4,100,100,1
"n60_ad3_c1",60,3,0.1,0.05,8,0.8,0.6,100,100,1
"n60_ad3_c1",60,3,0.1,0.05,8,0.8,0.8,100,100,1
"n60_ad3_c1",60,3,0.1,0.05,8,0.8,1,100,41,0.41
"n60_ad3_c1",60,3,0.1,0.05,8,1,0.2,100,100,1
"n60_ad3_c1",60,3,0.1,0.05,8,1,0.4,100,100,1
"n60_ad3_c1",60,3,0.1,0.05,8,1,0.6,100,100,1
"n60_ad3_c1",60,3,0.1,0.05,8,1,0.8,100,97,0.97
"n60_ad3_c1",60,3,0.1,0.05,8,1,1,100,0,0
"n60_ad3_c1",60,3,0.1,0.1,0,0.2,0.2,100,100,1
"n60_ad3_c1",60,3,0.1,0.1,0,0.2,0.4,100,100,1
"n60_ad3_c1",60,3,0.1,0.1,0,0.2,0.6,100,100,1
"n60_ad3_c1",60,3,0.1,0.1,0,0.2,0.8,100,100,1
"n60_ad3_c1",60,3,0.1,0.1,0,0.2,1,100,100,1
"n60_ad3_c1",60,3,0.1,0.1,0,0.4,0.2,100,100,1
"n60_ad3_c1",60,3,0.1,0.1,0,0.4,0.4,100,100,1
"n60_ad3_c1",60,3,0.1,0.1,0,0.4,0.6,100,100,1
"n60_ad3_c1",60,3,0.1,0.1,0,0.4,0.8,100,100,1
"n60_ad3_c1",60,3,0.1,0.1,0,0.4,1,100,98,0.98
"n60_ad3_c1",60,3,0.1,0.1,0,0.6,0.2,100,100,1
"n60_ad3_c1",60,3,0.1,0.1,0,0.6,0.4,100,100,1
"n60_ad3_c1",60,3,0.1,0.1,0,0.6,0.6,100,100,1
"n60_ad3_c1",60,3,0.1,0.1,0,0.6,0.8,100,100,1
"n60_ad3_c1",60,3,0.1,0.1,0,0.6,1,100,85,0.85
"n60_ad3_c1",60,3,0.1,0.1,0,0.8,0.2,100,100,1
"n60_ad3_c1",60,3,0.1,0.1,0,0.8,0.4,100,100,1
"n60_ad3_c1",60,3,0.1,0.1,0,0.8,0.6,100,100,1
"n60_ad3_c1",60,3,0.1,0.1,0,0.8,0.8,100,100,1
"n60_ad3_c1",60,3,0.1,0.1,0,0.8,1,100,59,0.59
"n60_ad3_c1",60,3,0.1,0.1,0,1,0.2,100,100,1
"n60_ad3_c1",60,3,0.1,0.1,0,1,0.4,100,100,1
"n60_ad3_c1",60,3,0.1,0.1,0,1,0.6,100,100,1
"n60_ad3_c1",60,3,0.1,0.1,0,1,0.8,100,100,1
"n60_ad3_c1",60,3,0.1,0.1,0,1,1,100,0,0
"n60_ad3_c1",60,3,0.1,0.1,1,0.2,0.2,100,100,1
"n60_ad3_c1",60,3,0.1,0.1,1,0.2,0.4,100,100,1
"n60_ad3_c1",60,3,0.1,0.1,1,0.2,0.6,100,100,1
"n60_ad3_c1",60,3,0.1,0.1,1,0.2,0.8,100,100,1
"n60_ad3_c1",60,3,0.1,0.1,1,0.2,1,100,100,1
"n60_ad3_c1",60,3,0.1,0.1,1,0.4,0.2,100,100,1
"n60_ad3_c1",60,3,0.1,0.1,1,0.4,0.4,100,100,1
"n60_ad3_c1",60,3,0.1,0.1,1,0.4,0.6,100,100,1
"n60_ad3_c1",60,3,0.1,0.1,1,0.4,0.8,100,100,1
"n60_ad3_c1",60,3,0.1,0.1,1,0.4,1,100,99,0.99
"n60_ad3_c1",60,3,0.1,0.1,1,0.6,0.2,100,100,1
"n60_ad3_c1",60,3,0.1,0.1,1,0.6,0.4,100,100,1
"n60_ad3_c1",60,3,0.1,0.1,1,0.6,0.6,100,100,1
"n60_ad3_c1",60,3,0.1,0.1,1,0.6,0.8,100,100,1
"n60_ad3_c1",60,3,0.1,0.1,1,0.6,1,100,86,0.86
"n60_ad3_c1",60,3,0.1,0.1,1,0.8,0.2,100,100,1
"n60_ad3_c1",60,3,0.1,0.1,1,0.8,0.4,100,100,1
"n60_ad3_c1",60,3,0.1,0.1,1,0.8,0.6,100,100,1
"n60_ad3_c1",60,3,0.1,0.1,1,0.8,0.8,100,100,1
"n60_ad3_c1",60,3,0.1,0.1,1,0.8,1,100,57,0.57
"n60_ad3_c1",60,3,0.1,0.1,1,1,0.2,100,100,1
"n60_ad3_c1",60,3,0.1,0.1,1,1,0.4,100,100,1
"n60_ad3_c1",60,3,0.1,0.1,1,1,0.6,100,100,1
"n60_ad3_c1",60,3,0.1,0.1,1,1,0.8,100,98,0.98
"n60_ad3_c1",60,3,0.1,0.1,1,1,1,100,0,0
"n60_ad3_c1",60,3,0.1,0.1,2,0.2,0.2,100,100,1
"n60_ad3_c1",60,3,0.1,0.1,2,0.2,0.4,100,100,1
"n60_ad3_c1",60,3,0.1,0.1,2,0.2,0.6,100,100,1
"n60_ad3_c1",60,3,0.1,0.1,2,0.2,0.8,100,100,1
"n60_ad3_c1",60,3,0.1,0.1,2,0.2,1,100,100,1
"n60_ad3_c1",60,3,0.1,0.1,2,0.4,0.2,100,100,1
"n60_ad3_c1",60,3,0.1,0.1,2,0.4,0.4,100,100,1
"n60_ad3_c1",60,3,0.1,0.1,2,0.4,0.6,100,100,1
"n60_ad3_c1",60,3,0.1,0.1,2,0.4,0.8,100,100,1
"n60_ad3_c1",60,3,0.1,0.1,2,0.4,1,100,98,0.98
"n60_ad3_c1",60,3,0.1,0.1,2,0.6,0.2,100,100,1
"n60_ad3_c1",60,3,0.1,0.1,2,0.6,0.4,100,100,1
"n60_ad3_c1",60,3,0.1,0.1,2,0.6,0.6,100,100,1
"n60_ad3_c1",60,3,0.1,0.1,2,0.6,0.8,100,100,1
"n60_ad3_c1",60,3,0.1,0.1,2,0.6,1,100,82,0.82
"n60_ad3_c1",60,3,0.1,0.1,2,0.8,0.2,100,100,1
"n60_ad3_c1",60,3,0.1,0.1,2,0.8,0.4,100,100,1
"n60_ad3_c1",60,3,0.1,0.1,2,0.8,0.6,100,100,1
"n60_ad3_c1",60,3,0.1,0.1,2,0.8,0.8,100,99,0.99
"n60_ad3_c1",60,3,0.1,0.1,2,0.8,1,100,65,0.65
"n60_ad3_c1",60,3,0.1,0.1,2,1,0.2,100,100,1
"n60_ad3_c1",60,3,0.1,0.1,2,1,0.4,100,100,1
"n60_ad3_c1",60,3,0.1,0.1,2,1,0.6,100,100,1
"n60_ad3_c1",60,3,0.1,0.1,2,1,0.8,100,96,0.96
"n60_ad3_c1",60,3,0.1,0.1,2,1,1,100,0,0
"n60_ad3_c1",60,3,0.1,0.1,4,0.2,0.2,100,100,1
"n60_ad3_c1",60,3,0.1,0.1,4,0.2,0.4,100,100,1
"n60_ad3_c1",60,3,0.1,0.1,4,0.2,0.6,100,100,1
"n60_ad3_c1",60,3,0.1,0.1,4,0.2,0.8,100,100,1
"n60_ad3_c1",60,3,0.1,0.1,4,0.2,1,100,100,1
"n60_ad3_c1",60,3,0.1,0.1,4,0.4,0.2,100,100,1
"n60_ad3_c1",60,3,0.1,0.1,4,0.4,0.4,100,100,1
"n60_ad3_c1",60,3,0.1,0.1,4,0.4,0.6,100,100,1
"n60_ad3_c1",60,3,0.1,0.1,4,0.4,0.8,100,100,1
"n60_ad3_c1",60,3,0.1,0.1,4,0.4,1,100,99,0.99
"n60_ad3_c1",60,3,0.1,0.1,4,0.6,0.2,100,100,1
"n60_ad3_c1",60,3,0.1,0.1,4,0.6,0.4,100,100,1
"n60_ad3_c1",60,3,0.1,0.1,4,0.6,0.6,100,100,1
"n60_ad3_c1",60,3,0.1,0.1,4,0.6,0.8,100,100,1
"n60_ad3_c1",60,3,0.1,0.1,4,0.6,1,100,91,0.91
"n60_ad3_c1",60,3,0.1,0.1,4,0.8,0.2,100,100,1
"n60_ad3_c1",60,3,0.1,0.1,4,0.8,0.4,100,100,1
"n60_ad3_c1",60,3,0.1,0.1,4,0.8,0.6,100,100,1
"n60_ad3_c1",60,3,0.1,0.1,4,0.8,0.8,100,100,1
"n60_ad3_c1",60,3,0.1,0.1,4,0.8,1,100,74,0.74
"n60_ad3_c1",60,3,0.1,0.1,4,1,0.2,100,100,1
"n60_ad3_c1",60,3,0.1,0.1,4,1,0.4,100,100,1
"n60_ad3_c1",60,3,0.1,0.1,4,1,0.6,100,100,1
"n60_ad3_c1",60,3,0.1,0.1,4,1,0.8,100,100,1
"n60_ad3_c1",60,3,0.1,0.1,4,1,1,100,0,0
"n60_ad3_c1",60,3,0.1,0.1,8,0.2,0.2,100,100,1
"n60_ad3_c1",60,3,0.1,0.1,8,0.2,0.4,100,100,1
"n60_ad3_c1",60,3,0.1,0.1,8,0.2,0.6,100,100,1
"n60_ad3_c1",60,3,0.1,0.1,8,0.2,0.8,100,100,1
"n60_ad3_c1",60,3,0.1,0.1,8,0.2,1,100,100,1
"n60_ad3_c1",60,3,0.1,0.1,8,0.4,0.2,100,100,1
"n60_ad3_c1",60,3,0.1,0.1,8,0.4,0.4,100,100,1
"n60_ad3_c1",60,3,0.1,0.1,8,0.4,0.6,100,100,1
"n60_ad3_c1",60,3,0.1,0.1,8,0.4,0.8,100,100,1
"n60_ad3_c1",60,3,0.1,0.1,8,0.4,1,100,99,0.99
"n60_ad3_c1",60,3,0.1,0.1,8,0.6,0.2,100,100,1
"n60_ad3_c1",60,3,0.1,0.1,8,0.6,0.4,100,100,1
"n60_ad3_c1",60,3,0.1,0.1,8,0.6,0.6,100,100,1
"n60_ad3_c1",60,3,0.1,0.1,8,0.6,0.8,100,100,1
"n60_ad3_c1",60,3,0.1,0.1,8,0.6,1,100,92,0.92
"n60_ad3_c1",60,3,0.1,0.1,8,0.8,0.2,100,100,1
"n60_ad3_c1",60,3,0.1,0.1,8,0.8,0.4,100,100,1
"n60_ad3_c1",60,3,0.1,0.1,8,0.8,0.6,100,100,1
"n60_ad3_c1",60,3,0.1,0.1,8,0.8,0.8,100,100,1
"n60_ad3_c1",60,3,0.1,0.1,8,0.8,1,100,72,0.72
"n60_ad3_c1",60,3,0.1,0.1,8,1,0.2,100,100,1
"n60_ad3_c1",60,3,0.1,0.1,8,1,0.4,100,100,1
"n60_ad3_c1",60,3,0.1,0.1,8,1,0.6,100,100,1
"n60_ad3_c1",60,3,0.1,0.1,8,1,0.8,100,99,0.99
"n60_ad3_c1",60,3,0.1,0.1,8,1,1,100,0,0
"n60_ad3_c3",60,3,0.3,0.01,0,0.2,0.2,100,100,1
"n60_ad3_c3",60,3,0.3,0.01,0,0.2,0.4,100,100,1
"n60_ad3_c3",60,3,0.3,0.01,0,0.2,0.6,100,100,1
"n60_ad3_c3",60,3,0.3,0.01,0,0.2,0.8,100,100,1
"n60_ad3_c3",60,3,0.3,0.01,0,0.2,1,100,76,0.76
"n60_ad3_c3",60,3,0.3,0.01,0,0.4,0.2,100,100,1
"n60_ad3_c3",60,3,0.3,0.01,0,0.4,0.4,100,100,1
"n60_ad3_c3",60,3,0.3,0.01,0,0.4,0.6,100,100,1
"n60_ad3_c3",60,3,0.3,0.01,0,0.4,0.8,100,100,1
"n60_ad3_c3",60,3,0.3,0.01,0,0.4,1,100,47,0.47
"n60_ad3_c3",60,3,0.3,0.01,0,0.6,0.2,100,100,1
"n60_ad3_c3",60,3,0.3,0.01,0,0.6,0.4,100,100,1
"n60_ad3_c3",60,3,0.3,0.01,0,0.6,0.6,100,100,1
"n60_ad3_c3",60,3,0.3,0.01,0,0.6,0.8,100,100,1
"n60_ad3_c3",60,3,0.3,0.01,0,0.6,1,100,32,0.32
"n60_ad3_c3",60,3,0.3,0.01,0,0.8,0.2,100,100,1
"n60_ad3_c3",60,3,0.3,0.01,0,0.8,0.4,100,100,1
"n60_ad3_c3",60,3,0.3,0.01,0,0.8,0.6,100,100,1
"n60_ad3_c3",60,3,0.3,0.01,0,0.8,0.8,100,99,0.99
"n60_ad3_c3",60,3,0.3,0.01,0,0.8,1,100,10,0.1
"n60_ad3_c3",60,3,0.3,0.01,0,1,0.2,100,100,1
"n60_ad3_c3",60,3,0.3,0.01,0,1,0.4,100,100,1
"n60_ad3_c3",60,3,0.3,0.01,0,1,0.6,100,100,1
"n60_ad3_c3",60,3,0.3,0.01,0,1,0.8,100,100,1
"n60_ad3_c3",60,3,0.3,0.01,0,1,1,100,0,0
"n60_ad3_c3",60,3,0.3,0.01,1,0.2,0.2,100,100,1
"n60_ad3_c3",60,3,0.3,0.01,1,0.2,0.4,100,100,1
"n60_ad3_c3",60,3,0.3,0.01,1,0.2,0.6,100,100,1
"n60_ad3_c3",60,3,0.3,0.01,1,0.2,0.8,100,100,1
"n60_ad3_c3",60,3,0.3,0.01,1,0.2,1,100,74,0.74
"n60_ad3_c3",60,3,0.3,0.01,1,0.4,0.2,100,100,1
"n60_ad3_c3",60,3,0.3,0.01,1,0.4,0.4,100,100,1
"n60_ad3_c3",60,3,0.3,0.01,1,0.4,0.6,100,100,1
"n60_ad3_c3",60,3,0.3,0.01,1,0.4,0.8,100,100,1
"n60_ad3_c3",60,3,0.3,0.01,1,0.4,1,100,61,0.61
"n60_ad3_c3",60,3,0.3,0.01,1,0.6,0.2,100,100,1
"n60_ad3_c3",60,3,0.3,0.01,1,0.6,0.4,100,100,1
"n60_ad3_c3",60,3,0.3,0.01,1,0.6,0.6,100,100,1
"n60_ad3_c3",60,3,0.3,0.01,1,0.6,0.8,100,100,1
"n60_ad3_c3",60,3,0.3,0.01,1,0.6,1,100,38,0.38
"n60_ad3_c3",60,3,0.3,0.01,1,0.8,0.2,100,100,1
"n60_ad3_c3",60,3,0.3,0.01,1,0.8,0.4,100,100,1
"n60_ad3_c3",60,3,0.3,0.01,1,0.8,0.6,100,100,1
"n60_ad3_c3",60,3,0.3,0.01,1,0.8,0.8,100,100,1
"n60_ad3_c3",60,3,0.3,0.01,1,0.8,1,100,22,0.22
"n60_ad3_c3",60,3,0.3,0.01,1,1,0.2,100,100,1
"n60_ad3_c3",60,3,0.3,0.01,1,1,0.4,100,100,1
"n60_ad3_c3",60,3,0.3,0.01,1,1,0.6,100,100,1
"n60_ad3_c3",60,3,0.3,0.01,1,1,0.8,100,100,1
"n60_ad3_c3",60,3,0.3,0.01,1,1,1,100,0,0
"n60_ad3_c3",60,3,0.3,0.01,2,0.2,0.2,100,100,1
"n60_ad3_c3",60,3,0.3,0.01,2,0.2,0.4,100,100,1
"n60_ad3_c3",60,3,0.3,0.01,2,0.2,0.6,100,100,1
"n60_ad3_c3",60,3,0.3,0.01,2,0.2,0.8,100,100,1
"n60_ad3_c3",60,3,0.3,0.01,2,0.2,1,100,81,0.81
"n60_ad3_c3",60,3,0.3,0.01,2,0.4,0.2,100,100,1
"n60_ad3_c3",60,3,0.3,0.01,2,0.4,0.4,100,100,1
"n60_ad3_c3",60,3,0.3,0.01,2,0.4,0.6,100,100,1
"n60_ad3_c3",60,3,0.3,0.01,2,0.4,0.8,100,100,1
"n60_ad3_c3",60,3,0.3,0.01,2,0.4,1,100,63,0.63
"n60_ad3_c3",60,3,0.3,0.01,2,0.6,0.2,100,100,1
"n60_ad3_c3",60,3,0.3,0.01,2,0.6,0.4,100,100,1
"n60_ad3_c3",60,3,0.3,0.01,2,0.6,0.6,100,100,1
"n60_ad3_c3",60,3,0.3,0.01,2,0.6,0.8,100,100,1
"n60_ad3_c3",60,3,0.3,0.01,2,0.6,1,100,41,0.41
"n60_ad3_c3",60,3,0.3,0.01,2,0.8,0.2,100,100,1
"n60_ad3_c3",60,3,0.3,0.01,2,0.8,0.4,100,100,1
"n60_ad3_c3",60,3,0.3,0.01,2,0.8,0.6,100,100,1
"n60_ad3_c3",60,3,0.3,0.01,2,0.8,0.8,100,99,0.99
"n60_ad3_c3",60,3,0.3,0.01,2,0.8,1,100,35,0.35
"n60_ad3_c3",60,3,0.3,0.01,2,1,0.2,100,100,1
"n60_ad3_c3",60,3,0.3,0.01,2,1,0.4,100,100,1
"n60_ad3_c3",60,3,0.3,0.01,2,1,0.6,100,100,1
"n60_ad3_c3",60,3,0.3,0.01,2,1,0.8,100,100,1
"n60_ad3_c3",60,3,0.3,0.01,2,1,1,100,0,0
"n60_ad3_c3",60,3,0.3,0.01,4,0.2,0.2,100,100,1
"n60_ad3_c3",60,3,0.3,0.01,4,0.2,0.4,100,100,1
"n60_ad3_c3",60,3,0.3,0.01,4,0.2,0.6,100,100,1
"n60_ad3_c3",60,3,0.3,0.01,4,0.2,0.8,100,100,1
"n60_ad3_c3",60,3,0.3,0.01,4,0.2,1,100,94,0.94
"n60_ad3_c3",60,3,0.3,0.01,4,0.4,0.2,100,100,1
"n60_ad3_c3",60,3,0.3,0.01,4,0.4,0.4,100,100,1
"n60_ad3_c3",60,3,0.3,0.01,4,0.4,0.6,100,100,1
"n60_ad3_c3",60,3,0.3,0.01,4,0.4,0.8,100,100,1
"n60_ad3_c3",60,3,0.3,0.01,4,0.4,1,100,87,0.87
"n60_ad3_c3",60,3,0.3,0.01,4,0.6,0.2,100,100,1
"n60_ad3_c3",60,3,0.3,0.01,4,0.6,0.4,100,100,1
"n60_ad3_c3",60,3,0.3,0.01,4,0.6,0.6,100,100,1
"n60_ad3_c3",60,3,0.3,0.01,4,0.6,0.8,100,99,0.99
"n60_ad3_c3",60,3,0.3,0.01,4,0.6,1,100,74,0.74
"n60_ad3_c3",60,3,0.3,0.01,4,0.8,0.2,100,100,1
"n60_ad3_c3",60,3,0.3,0.01,4,0.8,0.4,100,100,1
"n60_ad3_c3",60,3,0.3,0.01,4,0.8,0.6,100,100,1
"n60_ad3_c3",60,3,0.3,0.01,4,0.8,0.8,100,100,1
"n60_ad3_c3",60,3,0.3,0.01,4,0.8,1,100,49,0.49
"n60_ad3_c3",60,3,0.3,0.01,4,1,0.2,100,100,1
"n60_ad3_c3",60,3,0.3,0.01,4,1,0.4,100,100,1
"n60_ad3_c3",60,3,0.3,0.01,4,1,0.6,100,100,1
"n60_ad3_c3",60,3,0.3,0.01,4,1,0.8,100,99,0.99
"n60_ad3_c3",60,3,0.3,0.01,4,1,1,100,0,0
"n60_ad3_c3",60,3,0.3,0.01,8,0.2,0.2,100,100,1
"n60_ad3_c3",60,3,0.3,0.01,8,0.2,0.4,100,100,1
"n60_ad3_c3",60,3,0.3,0.01,8,0.2,0.6,100,100,1
"n60_ad3_c3",60,3,0.3,0.01,8,0.2,0.8,100,100,1
"n60_ad3_c3",60,3,0.3,0.01,8,0.2,1,100,97,0.97
"n60_ad3_c3",60,3,0.3,0.01,8,0.4,0.2,100,100,1
"n60_ad3_c3",60,3,0.3,0.01,8,0.4,0.4,100,100,1
"n60_ad3_c3",60,3,0.3,0.01,8,0.4,0.6,100,100,1
"n60_ad3_c3",60,3,0.3,0.01,8,0.4,0.8,100,100,1
"n60_ad3_c3",60,3,0.3,0.01,8,0.4,1,100,90,0.9
"n60_ad3_c3",60,3,0.3,0.01,8,0.6,0.2,100,100,1
"n60_ad3_c3",60,3,0.3,0.01,8,0.6,0.4,100,100,1
"n60_ad3_c3",60,3,0.3,0.01,8,0.6,0.6,100,100,1
"n60_ad3_c3",60,3,0.3,0.01,8,0.6,0.8,100,100,1
"n60_ad3_c3",60,3,0.3,0.01,8,0.6,1,100,81,0.81
"n60_ad3_c3",60,3,0.3,0.01,8,0.8,0.2,100,100,1
"n60_ad3_c3",60,3,0.3,0.01,8,0.8,0.4,100,100,1
"n60_ad3_c3",60,3,0.3,0.01,8,0.8,0.6,100,100,1
"n60_ad3_c3",60,3,0.3,0.01,8,0.8,0.8,100,100,1
"n60_ad3_c3",60,3,0.3,0.01,8,0.8,1,100,52,0.52
"n60_ad3_c3",60,3,0.3,0.01,8,1,0.2,100,100,1
"n60_ad3_c3",60,3,0.3,0.01,8,1,0.4,100,100,1
"n60_ad3_c3",60,3,0.3,0.01,8,1,0.6,100,100,1
"n60_ad3_c3",60,3,0.3,0.01,8,1,0.8,100,99,0.99
"n60_ad3_c3",60,3,0.3,0.01,8,1,1,100,0,0
"n60_ad3_c3",60,3,0.3,0.05,0,0.2,0.2,100,100,1
"n60_ad3_c3",60,3,0.3,0.05,0,0.2,0.4,100,100,1
"n60_ad3_c3",60,3,0.3,0.05,0,0.2,0.6,100,100,1
"n60_ad3_c3",60,3,0.3,0.05,0,0.2,0.8,100,100,1
"n60_ad3_c3",60,3,0.3,0.05,0,0.2,1,100,99,0.99
"n60_ad3_c3",60,3,0.3,0.05,0,0.4,0.2,100,100,1
"n60_ad3_c3",60,3,0.3,0.05,0,0.4,0.4,100,100,1
"n60_ad3_c3",60,3,0.3,0.05,0,0.4,0.6,100,100,1
"n60_ad3_c3",60,3,0.3,0.05,0,0.4,0.8,100,100,1
"n60_ad3_c3",60,3,0.3,0.05,0,0.4,1,100,89,0.89
"n60_ad3_c3",60,3,0.3,0.05,0,0.6,0.2,100,100,1
"n60_ad3_c3",60,3,0.3,0.05,0,0.6,0.4,100,100,1
"n60_ad3_c3",60,3,0.3,0.05,0,0.6,0.6,100,100,1
"n60_ad3_c3",60,3,0.3,0.05,0,0.6,0.8,100,100,1
"n60_ad3_c3",60,3,0.3,0.05,0,0.6,1,100,67,0.67
"n60_ad3_c3",60,3,0.3,0.05,0,0.8,0.2,100,100,1
"n60_ad3_c3",60,3,0.3,0.05,0,0.8,0.4,100,100,1
"n60_ad3_c3",60,3,0.3,0.05,0,0.8,0.6,100,100,1
"n60_ad3_c3",60,3,0.3,0.05,0,0.8,0.8,100,100,1
"n60_ad3_c3",60,3,0.3,0.05,0,0.8,1,100,41,0.41
"n60_ad3_c3",60,3,0.3,0.05,0,1,0.2,100,100,1
"n60_ad3_c3",60,3,0.3,0.05,0,1,0.4,100,100,1
"n60_ad3_c3",60,3,0.3,0.05,0,1,0.6,100,100,1
"n60_ad3_c3",60,3,0.3,0.05,0,1,0.8,100,99,0.99
"n60_ad3_c3",60,3,0.3,0.05,0,1,1,100,0,0
"n60_ad3_c3",60,3,0.3,0.05,1,0.2,0.2,100,100,1
"n60_ad3_c3",60,3,0.3,0.05,1,0.2,0.4,100,100,1
"n60_ad3_c3",60,3,0.3,0.05,1,0.2,0.6,100,100,1
"n60_ad3_c3",60,3,0.3,0.05,1,0.2,0.8,100,100,1
"n60_ad3_c3",60,3,0.3,0.05,1,0.2,1,100,99,0.99
"n60_ad3_c3",60,3,0.3,0.05,1,0.4,0.2,100,100,1
"n60_ad3_c3",60,3,0.3,0.05,1,0.4,0.4,100,100,1
"n60_ad3_c3",60,3,0.3,0.05,1,0.4,0.6,100,100,1
"n60_ad3_c3",60,3,0.3,0.05,1,0.4,0.8,100,100,1
"n60_ad3_c3",60,3,0.3,0.05,1,0.4,1,100,87,0.87
"n60_ad3_c3",60,3,0.3,0.05,1,0.6,0.2,100,100,1
"n60_ad3_c3",60,3,0.3,0.05,1,0.6,0.4,100,100,1
"n60_ad3_c3",60,3,0.3,0.05,1,0.6,0.6,100,100,1
"n60_ad3_c3",60,3,0.3,0.05,1,0.6,0.8,100,100,1
"n60_ad3_c3",60,3,0.3,0.05,1,0.6,1,100,74,0.74
"n60_ad3_c3",60,3,0.3,0.05,1,0.8,0.2,100,100,1
"n60_ad3_c3",60,3,0.3,0.05,1,0.8,0.4,100,100,1
"n60_ad3_c3",60,3,0.3,0.05,1,0.8,0.6,100,100,1
"n60_ad3_c3",60,3,0.3,0.05,1,0.8,0.8,100,99,0.99
"n60_ad3_c3",60,3,0.3,0.05,1,0.8,1,100,50,0.5
"n60_ad3_c3",60,3,0.3,0.05,1,1,0.2,100,100,1
"n60_ad3_c3",60,3,0.3,0.05,1,1,0.4,100,100,1
"n60_ad3_c3",60,3,0.3,0.05,1,1,0.6,100,100,1
"n60_ad3_c3",60,3,0.3,0.05,1,1,0.8,100,100,1
"n60_ad3_c3",60,3,0.3,0.05,1,1,1,100,0,0
"n60_ad3_c3",60,3,0.3,0.05,2,0.2,0.2,100,100,1
"n60_ad3_c3",60,3,0.3,0.05,2,0.2,0.4,100,100,1
"n60_ad3_c3",60,3,0.3,0.05,2,0.2,0.6,100,100,1
"n60_ad3_c3",60,3,0.3,0.05,2,0.2,0.8,100,100,1
"n60_ad3_c3",60,3,0.3,0.05,2,0.2,1,100,98,0.98
"n60_ad3_c3",60,3,0.3,0.05,2,0.4,0.2,100,100,1
"n60_ad3_c3",60,3,0.3,0.05,2,0.4,0.4,100,100,1
"n60_ad3_c3",60,3,0.3,0.05,2,0.4,0.6,100,100,1
"n60_ad3_c3",60,3,0.3,0.05,2,0.4,0.8,100,100,1
"n60_ad3_c3",60,3,0.3,0.05,2,0.4,1,100,92,0.92
"n60_ad3_c3",60,3,0.3,0.05,2,0.6,0.2,100,100,1
"n60_ad3_c3",60,3,0.3,0.05,2,0.6,0.4,100,100,1
"n60_ad3_c3",60,3,0.3,0.05,2,0.6,0.6,100,100,1
"n60_ad3_c3",60,3,0.3,0.05,2,0.6,0.8,100,100,1
"n60_ad3_c3",60,3,0.3,0.05,2,0.6,1,100,82,0.82
"n60_ad3_c3",60,3,0.3,0.05,2,0.8,0.2,100,100,1
"n60_ad3_c3",60,3,0.3,0.05,2,0.8,0.4,100,100,1
"n60_ad3_c3",60,3,0.3,0.05,2,0.8,0.6,100,100,1
"n60_ad3_c3",60,3,0.3,0.05,2,0.8,0.8,100,99,0.99
"n60_ad3_c3",60,3,0.3,0.05,2,0.8,1,100,66,0.66
"n60_ad3_c3",60,3,0.3,0.05,2,1,0.2,100,100,1
"n60_ad3_c3",60,3,0.3,0.05,2,1,0.4,100,100,1
"n60_ad3_c3",60,3,0.3,0.05,2,1,0.6,100,100,1
"n60_ad3_c3",60,3,0.3,0.05,2,1,0.8,100,99,0.99
"n60_ad3_c3",60,3,0.3,0.05,2,1,1,100,0,0
"n60_ad3_c3",60,3,0.3,0.05,4,0.2,0.2,100,100,1
"n60_ad3_c3",60,3,0.3,0.05,4,0.2,0.4,100,100,1
"n60_ad3_c3",60,3,0.3,0.05,4,0.2,0.6,100,100,1
"n60_ad3_c3",60,3,0.3,0.05,4,0.2,0.8,100,100,1
"n60_ad3_c3",60,3,0.3,0.05,4,0.2,1,100,100,1
"n60_ad3_c3",60,3,0.3,0.05,4,0.4,0.2,100,100,1
"n60_ad3_c3",60,3,0.3,0.05,4,0.4,0.4,100,100,1
"n60_ad3_c3",60,3,0.3,0.05,4,0.4,0.6,100,100,1
"n60_ad3_c3",60,3,0.3,0.05,4,0.4,0.8,100,100,1
"n60_ad3_c3",60,3,0.3,0.05,4,0.4,1,100,99,0.99
"n60_ad3_c3",60,3,0.3,0.05,4,0.6,0.2,100,100,1
"n60_ad3_c3",60,3,0.3,0.05,4,0.6,0.4,100,100,1
"n60_ad3_c3",60,3,0.3,0.05,4,0.6,0.6,100,100,1
"n60_ad3_c3",60,3,0.3,0.05,4,0.6,0.8,100,100,1
"n60_ad3_c3",60,3,0.3,0.05,4,0.6,1,100,97,0.97
"n60_ad3_c3",60,3,0.3,0.05,4,0.8,0.2,100,100,1
"n60_ad3_c3",60,3,0.3,0.05,4,0.8,0.4,100,100,1
"n60_ad3_c3",60,3,0.3,0.05,4,0.8,0.6,100,100,1
"n60_ad3_c3",60,3,0.3,0.05,4,0.8,0.8,100,100,1
"n60_ad3_c3",60,3,0.3,0.05,4,0.8,1,100,68,0.68
"n60_ad3_c3",60,3,0.3,0.05,4,1,0.2,100,100,1
"n60_ad3_c3",60,3,0.3,0.05,4,1,0.4,100,100,1
"n60_ad3_c3",60,3,0.3,0.05,4,1,0.6,100,100,1
"n60_ad3_c3",60,3,0.3,0.05,4,1,0.8,100,100,1
"n60_ad3_c3",60,3,0.3,0.05,4,1,1,100,0,0
"n60_ad3_c3",60,3,0.3,0.05,8,0.2,0.2,100,100,1
"n60_ad3_c3",60,3,0.3,0.05,8,0.2,0.4,100,100,1
"n60_ad3_c3",60,3,0.3,0.05,8,0.2,0.6,100,100,1
"n60_ad3_c3",60,3,0.3,0.05,8,0.2,0.8,100,100,1
"n60_ad3_c3",60,3,0.3,0.05,8,0.2,1,100,99,0.99
"n60_ad3_c3",60,3,0.3,0.05,8,0.4,0.2,100,100,1
"n60_ad3_c3",60,3,0.3,0.05,8,0.4,0.4,100,100,1
"n60_ad3_c3",60,3,0.3,0.05,8,0.4,0.6,100,100,1
"n60_ad3_c3",60,3,0.3,0.05,8,0.4,0.8,100,100,1
"n60_ad3_c3",60,3,0.3,0.05,8,0.4,1,100,99,0.99
"n60_ad3_c3",60,3,0.3,0.05,8,0.6,0.2,100,100,1
"n60_ad3_c3",60,3,0.3,0.05,8,0.6,0.4,100,100,1
"n60_ad3_c3",60,3,0.3,0.05,8,0.6,0.6,100,100,1
"n60_ad3_c3",60,3,0.3,0.05,8,0.6,0.8,100,100,1
"n60_ad3_c3",60,3,0.3,0.05,8,0.6,1,100,93,0.93
"n60_ad3_c3",60,3,0.3,0.05,8,0.8,0.2,100,100,1
"n60_ad3_c3",60,3,0.3,0.05,8,0.8,0.4,100,100,1
"n60_ad3_c3",60,3,0.3,0.05,8,0.8,0.6,100,100,1
"n60_ad3_c3",60,3,0.3,0.05,8,0.8,0.8,100,100,1
"n60_ad3_c3",60,3,0.3,0.05,8,0.8,1,100,78,0.78
"n60_ad3_c3",60,3,0.3,0.05,8,1,0.2,100,100,1
"n60_ad3_c3",60,3,0.3,0.05,8,1,0.4,100,100,1
"n60_ad3_c3",60,3,0.3,0.05,8,1,0.6,100,100,1
"n60_ad3_c3",60,3,0.3,0.05,8,1,0.8,100,96,0.96
"n60_ad3_c3",60,3,0.3,0.05,8,1,1,100,0,0
"n60_ad3_c3",60,3,0.3,0.1,0,0.2,0.2,100,100,1
"n60_ad3_c3",60,3,0.3,0.1,0,0.2,0.4,100,100,1
"n60_ad3_c3",60,3,0.3,0.1,0,0.2,0.6,100,100,1
"n60_ad3_c3",60,3,0.3,0.1,0,0.2,0.8,100,100,1
"n60_ad3_c3",60,3,0.3,0.1,0,0.2,1,100,100,1
"n60_ad3_c3",60,3,0.3,0.1,0,0.4,0.2,100,100,1
"n60_ad3_c3",60,3,0.3,0.1,0,0.4,0.4,100,100,1
"n60_ad3_c3",60,3,0.3,0.1,0,0.4,0.6,100,100,1
"n60_ad3_c3",60,3,0.3,0.1,0,0.4,0.8,100,100,1
"n60_ad3_c3",60,3,0.3,0.1,0,0.4,1,100,97,0.97
"n60_ad3_c3",60,3,0.3,0.1,0,0.6,0.2,100,100,1
"n60_ad3_c3",60,3,0.3,0.1,0,0.6,0.4,100,100,1
"n60_ad3_c3",60,3,0.3,0.1,0,0.6,0.6,100,100,1
"n60_ad3_c3",60,3,0.3,0.1,0,0.6,0.8,100,99,0.99
"n60_ad3_c3",60,3,0.3,0.1,0,0.6,1,100,89,0.89
"n60_ad3_c3",60,3,0.3,0.1,0,0.8,0.2,100,100,1
"n60_ad3_c3",60,3,0.3,0.1,0,0.8,0.4,100,100,1
"n60_ad3_c3",60,3,0.3,0.1,0,0.8,0.6,100,100,1
"n60_ad3_c3",60,3,0.3,0.1,0,0.8,0.8,100,100,1
"n60_ad3_c3",60,3,0.3,0.1,0,0.8,1,100,67,0.67
"n60_ad3_c3",60,3,0.3,0.1,0,1,0.2,100,100,1
"n60_ad3_c3",60,3,0.3,0.1,0,1,0.4,100,100,1
"n60_ad3_c3",60,3,0.3,0.1,0,1,0.6,100,100,1
"n60_ad3_c3",60,3,0.3,0.1,0,1,0.8,100,99,0.99
"n60_ad3_c3",60,3,0.3,0.1,0,1,1,100,0,0
"n60_ad3_c3",60,3,0.3,0.1,1,0.2,0.2,100,100,1
"n60_ad3_c3",60,3,0.3,0.1,1,0.2,0.4,100,100,1
"n60_ad3_c3",60,3,0.3,0.1,1,0.2,0.6,100,100,1
"n60_ad3_c3",60,3,0.3,0.1,1,0.2,0.8,100,100,1
"n60_ad3_c3",60,3,0.3,0.1,1,0.2,1,100,100,1
"n60_ad3_c3",60,3,0.3,0.1,1,0.4,0.2,100,100,1
"n60_ad3_c3",60,3,0.3,0.1,1,0.4,0.4,100,100,1
"n60_ad3_c3",60,3,0.3,0.1,1,0.4,0.6,100,100,1
"n60_ad3_c3",60,3,0.3,0.1,1,0.4,0.8,100,100,1
"n60_ad3_c3",60,3,0.3,0.1,1,0.4,1,100,98,0.98
"n60_ad3_c3",60,3,0.3,0.1,1,0.6,0.2,100,100,1
"n60_ad3_c3",60,3,0.3,0.1,1,0.6,0.4,100,100,1
"n60_ad3_c3",60,3,0.3,0.1,1,0.6,0.6,100,100,1
"n60_ad3_c3",60,3,0.3,0.1,1,0.6,0.8,100,98,0.98
"n60_ad3_c3",60,3,0.3,0.1,1,0.6,1,100,96,0.96
"n60_ad3_c3",60,3,0.3,0.1,1,0.8,0.2,100,100,1
"n60_ad3_c3",60,3,0.3,0.1,1,0.8,0.4,100,100,1
"n60_ad3_c3",60,3,0.3,0.1,1,0.8,0.6,100,100,1
"n60_ad3_c3",60,3,0.3,0.1,1,0.8,0.8,100,100,1
"n60_ad3_c3",60,3,0.3,0.1,1,0.8,1,100,75,0.75
"n60_ad3_c3",60,3,0.3,0.1,1,1,0.2,100,100,1
"n60_ad3_c3",60,3,0.3,0.1,1,1,0.4,100,100,1
"n60_ad3_c3",60,3,0.3,0.1,1,1,0.6,100,100,1
"n60_ad3_c3",60,3,0.3,0.1,1,1,0.8,100,98,0.98
"n60_ad3_c3",60,3,0.3,0.1,1,1,1,100,0,0
"n60_ad3_c3",60,3,0.3,0.1,2,0.2,0.2,100,100,1
"n60_ad3_c3",60,3,0.3,0.1,2,0.2,0.4,100,100,1
"n60_ad3_c3",60,3,0.3,0.1,2,0.2,0.6,100,100,1
"n60_ad3_c3",60,3,0.3,0.1,2,0.2,0.8,100,100,1
"n60_ad3_c3",60,3,0.3,0.1,2,0.2,1,100,100,1
"n60_ad3_c3",60,3,0.3,0.1,2,0.4,0.2,100,100,1
"n60_ad3_c3",60,3,0.3,0.1,2,0.4,0.4,100,100,1
"n60_ad3_c3",60,3,0.3,0.1,2,0.4,0.6,100,100,1
"n60_ad3_c3",60,3,0.3,0.1,2,0.4,0.8,100,100,1
"n60_ad3_c3",60,3,0.3,0.1,2,0.4,1,100,100,1
"n60_ad3_c3",60,3,0.3,0.1,2,0.6,0.2,100,100,1
"n60_ad3_c3",60,3,0.3,0.1,2,0.6,0.4,100,100,1
"n60_ad3_c3",60,3,0.3,0.1,2,0.6,0.6,100,100,1
"n60_ad3_c3",60,3,0.3,0.1,2,0.6,0.8,100,100,1
"n60_ad3_c3",60,3,0.3,0.1,2,0.6,1,100,97,0.97
"n60_ad3_c3",60,3,0.3,0.1,2,0.8,0.2,100,100,1
"n60_ad3_c3",60,3,0.3,0.1,2,0.8,0.4,100,100,1
"n60_ad3_c3",60,3,0.3,0.1,2,0.8,0.6,100,100,1
"n60_ad3_c3",60,3,0.3,0.1,2,0.8,0.8,100,100,1
"n60_ad3_c3",60,3,0.3,0.1,2,0.8,1,100,81,0.81
"n60_ad3_c3",60,3,0.3,0.1,2,1,0.2,100,100,1
"n60_ad3_c3",60,3,0.3,0.1,2,1,0.4,100,100,1
"n60_ad3_c3",60,3,0.3,0.1,2,1,0.6,100,100,1
"n60_ad3_c3",60,3,0.3,0.1,2,1,0.8,100,98,0.98
"n60_ad3_c3",60,3,0.3,0.1,2,1,1,100,0,0
"n60_ad3_c3",60,3,0.3,0.1,4,0.2,0.2,100,100,1
"n60_ad3_c3",60,3,0.3,0.1,4,0.2,0.4,100,100,1
"n60_ad3_c3",60,3,0.3,0.1,4,0.2,0.6,100,100,1
"n60_ad3_c3",60,3,0.3,0.1,4,0.2,0.8,100,100,1
"n60_ad3_c3",60,3,0.3,0.1,4,0.2,1,100,100,1
"n60_ad3_c3",60,3,0.3,0.1,4,0.4,0.2,100,100,1
"n60_ad3_c3",60,3,0.3,0.1,4,0.4,0.4,100,100,1
"n60_ad3_c3",60,3,0.3,0.1,4,0.4,0.6,100,100,1
"n60_ad3_c3",60,3,0.3,0.1,4,0.4,0.8,100,100,1
"n60_ad3_c3",60,3,0.3,0.1,4,0.4,1,100,100,1
"n60_ad3_c3",60,3,0.3,0.1,4,0.6,0.2,100,100,1
"n60_ad3_c3",60,3,0.3,0.1,4,0.6,0.4,100,100,1
"n60_ad3_c3",60,3,0.3,0.1,4,0.6,0.6,100,100,1
"n60_ad3_c3",60,3,0.3,0.1,4,0.6,0.8,100,100,1
"n60_ad3_c3",60,3,0.3,0.1,4,0.6,1,100,97,0.97
"n60_ad3_c3",60,3,0.3,0.1,4,0.8,0.2,100,100,1
"n60_ad3_c3",60,3,0.3,0.1,4,0.8,0.4,100,100,1
"n60_ad3_c3",60,3,0.3,0.1,4,0.8,0.6,100,100,1
"n60_ad3_c3",60,3,0.3,0.1,4,0.8,0.8,100,100,1
"n60_ad3_c3",60,3,0.3,0.1,4,0.8,1,100,84,0.84
"n60_ad3_c3",60,3,0.3,0.1,4,1,0.2,100,100,1
"n60_ad3_c3",60,3,0.3,0.1,4,1,0.4,100,100,1
"n60_ad3_c3",60,3,0.3,0.1,4,1,0.6,100,100,1
"n60_ad3_c3",60,3,0.3,0.1,4,1,0.8,100,94,0.94
"n60_ad3_c3",60,3,0.3,0.1,4,1,1,100,0,0
"n60_ad3_c3",60,3,0.3,0.1,8,0.2,0.2,100,100,1
"n60_ad3_c3",60,3,0.3,0.1,8,0.2,0.4,100,100,1
"n60_ad3_c3",60,3,0.3,0.1,8,0.2,0.6,100,100,1
"n60_ad3_c3",60,3,0.3,0.1,8,0.2,0.8,100,100,1
"n60_ad3_c3",60,3,0.3,0.1,8,0.2,1,100,100,1
"n60_ad3_c3",60,3,0.3,0.1,8,0.4,0.2,100,100,1
"n60_ad3_c3",60,3,0.3,0.1,8,0.4,0.4,100,100,1
"n60_ad3_c3",60,3,0.3,0.1,8,0.4,0.6,100,100,1
"n60_ad3_c3",60,3,0.3,0.1,8,0.4,0.8,100,100,1
"n60_ad3_c3",60,3,0.3,0.1,8,0.4,1,100,100,1
"n60_ad3_c3",60,3,0.3,0.1,8,0.6,0.2,100,100,1
"n60_ad3_c3",60,3,0.3,0.1,8,0.6,0.4,100,100,1
"n60_ad3_c3",60,3,0.3,0.1,8,0.6,0.6,100,100,1
"n60_ad3_c3",60,3,0.3,0.1,8,0.6,0.8,100,100,1
"n60_ad3_c3",60,3,0.3,0.1,8,0.6,1,100,97,0.97
"n60_ad3_c3",60,3,0.3,0.1,8,0.8,0.2,100,100,1
"n60_ad3_c3",60,3,0.3,0.1,8,0.8,0.4,100,100,1
"n60_ad3_c3",60,3,0.3,0.1,8,0.8,0.6,100,100,1
"n60_ad3_c3",60,3,0.3,0.1,8,0.8,0.8,100,100,1
"n60_ad3_c3",60,3,0.3,0.1,8,0.8,1,100,87,0.87
"n60_ad3_c3",60,3,0.3,0.1,8,1,0.2,100,100,1
"n60_ad3_c3",60,3,0.3,0.1,8,1,0.4,100,100,1
"n60_ad3_c3",60,3,0.3,0.1,8,1,0.6,100,100,1
"n60_ad3_c3",60,3,0.3,0.1,8,1,0.8,100,99,0.99
"n60_ad3_c3",60,3,0.3,0.1,8,1,1,100,0,0
"n60_ad3_c5",60,3,0.5,0.01,0,0.2,0.2,100,100,1
"n60_ad3_c5",60,3,0.5,0.01,0,0.2,0.4,100,100,1
"n60_ad3_c5",60,3,0.5,0.01,0,0.2,0.6,100,100,1
"n60_ad3_c5",60,3,0.5,0.01,0,0.2,0.8,100,99,0.99
"n60_ad3_c5",60,3,0.5,0.01,0,0.2,1,100,66,0.66
"n60_ad3_c5",60,3,0.5,0.01,0,0.4,0.2,100,100,1
"n60_ad3_c5",60,3,0.5,0.01,0,0.4,0.4,100,100,1
"n60_ad3_c5",60,3,0.5,0.01,0,0.4,0.6,100,100,1
"n60_ad3_c5",60,3,0.5,0.01,0,0.4,0.8,100,100,1
"n60_ad3_c5",60,3,0.5,0.01,0,0.4,1,100,47,0.47
"n60_ad3_c5",60,3,0.5,0.01,0,0.6,0.2,100,100,1
"n60_ad3_c5",60,3,0.5,0.01,0,0.6,0.4,100,100,1
"n60_ad3_c5",60,3,0.5,0.01,0,0.6,0.6,100,100,1
"n60_ad3_c5",60,3,0.5,0.01,0,0.6,0.8,100,100,1
"n60_ad3_c5",60,3,0.5,0.01,0,0.6,1,100,38,0.38
"n60_ad3_c5",60,3,0.5,0.01,0,0.8,0.2,100,100,1
"n60_ad3_c5",60,3,0.5,0.01,0,0.8,0.4,100,100,1
"n60_ad3_c5",60,3,0.5,0.01,0,0.8,0.6,100,100,1
"n60_ad3_c5",60,3,0.5,0.01,0,0.8,0.8,100,99,0.99
"n60_ad3_c5",60,3,0.5,0.01,0,0.8,1,100,13,0.13
"n60_ad3_c5",60,3,0.5,0.01,0,1,0.2,100,100,1
"n60_ad3_c5",60,3,0.5,0.01,0,1,0.4,100,100,1
"n60_ad3_c5",60,3,0.5,0.01,0,1,0.6,100,100,1
"n60_ad3_c5",60,3,0.5,0.01,0,1,0.8,100,100,1
"n60_ad3_c5",60,3,0.5,0.01,0,1,1,100,0,0
"n60_ad3_c5",60,3,0.5,0.01,1,0.2,0.2,100,100,1
"n60_ad3_c5",60,3,0.5,0.01,1,0.2,0.4,100,100,1
"n60_ad3_c5",60,3,0.5,0.01,1,0.2,0.6,100,100,1
"n60_ad3_c5",60,3,0.5,0.01,1,0.2,0.8,100,100,1
"n60_ad3_c5",60,3,0.5,0.01,1,0.2,1,100,74,0.74
"n60_ad3_c5",60,3,0.5,0.01,1,0.4,0.2,100,100,1
"n60_ad3_c5",60,3,0.5,0.01,1,0.4,0.4,100,100,1
"n60_ad3_c5",60,3,0.5,0.01,1,0.4,0.6,100,100,1
"n60_ad3_c5",60,3,0.5,0.01,1,0.4,0.8,100,100,1
"n60_ad3_c5",60,3,0.5,0.01,1,0.4,1,100,54,0.54
"n60_ad3_c5",60,3,0.5,0.01,1,0.6,0.2,100,100,1
"n60_ad3_c5",60,3,0.5,0.01,1,0.6,0.4,100,100,1
"n60_ad3_c5",60,3,0.5,0.01,1,0.6,0.6,100,100,1
"n60_ad3_c5",60,3,0.5,0.01,1,0.6,0.8,100,100,1
"n60_ad3_c5",60,3,0.5,0.01,1,0.6,1,100,39,0.39
"n60_ad3_c5",60,3,0.5,0.01,1,0.8,0.2,100,100,1
"n60_ad3_c5",60,3,0.5,0.01,1,0.8,0.4,100,100,1
"n60_ad3_c5",60,3,0.5,0.01,1,0.8,0.6,100,100,1
"n60_ad3_c5",60,3,0.5,0.01,1,0.8,0.8,100,100,1
"n60_ad3_c5",60,3,0.5,0.01,1,0.8,1,100,21,0.21
"n60_ad3_c5",60,3,0.5,0.01,1,1,0.2,100,100,1
"n60_ad3_c5",60,3,0.5,0.01,1,1,0.4,100,100,1
"n60_ad3_c5",60,3,0.5,0.01,1,1,0.6,100,100,1
"n60_ad3_c5",60,3,0.5,0.01,1,1,0.8,100,98,0.98
"n60_ad3_c5",60,3,0.5,0.01,1,1,1,100,0,0
"n60_ad3_c5",60,3,0.5,0.01,2,0.2,0.2,100,100,1
"n60_ad3_c5",60,3,0.5,0.01,2,0.2,0.4,100,100,1
"n60_ad3_c5",60,3,0.5,0.01,2,0.2,0.6,100,100,1
"n60_ad3_c5",60,3,0.5,0.01,2,0.2,0.8,100,100,1
"n60_ad3_c5",60,3,0.5,0.01,2,0.2,1,100,82,0.82
"n60_ad3_c5",60,3,0.5,0.01,2,0.4,0.2,100,100,1
"n60_ad3_c5",60,3,0.5,0.01,2,0.4,0.4,100,100,1
"n60_ad3_c5",60,3,0.5,0.01,2,0.4,0.6,100,100,1
"n60_ad3_c5",60,3,0.5,0.01,2,0.4,0.8,100,100,1
"n60_ad3_c5",60,3,0.5,0.01,2,0.4,1,100,72,0.72
"n60_ad3_c5",60,3,0.5,0.01,2,0.6,0.2,100,100,1
"n60_ad3_c5",60,3,0.5,0.01,2,0.6,0.4,100,100,1
"n60_ad3_c5",60,3,0.5,0.01,2,0.6,0.6,100,100,1
"n60_ad3_c5",60,3,0.5,0.01,2,0.6,0.8,100,100,1
"n60_ad3_c5",60,3,0.5,0.01,2,0.6,1,100,63,0.63
"n60_ad3_c5",60,3,0.5,0.01,2,0.8,0.2,100,100,1
"n60_ad3_c5",60,3,0.5,0.01,2,0.8,0.4,100,100,1
"n60_ad3_c5",60,3,0.5,0.01,2,0.8,0.6,100,100,1
"n60_ad3_c5",60,3,0.5,0.01,2,0.8,0.8,100,100,1
"n60_ad3_c5",60,3,0.5,0.01,2,0.8,1,100,53,0.53
"n60_ad3_c5",60,3,0.5,0.01,2,1,0.2,100,100,1
"n60_ad3_c5",60,3,0.5,0.01,2,1,0.4,100,100,1
"n60_ad3_c5",60,3,0.5,0.01,2,1,0.6,100,100,1
"n60_ad3_c5",60,3,0.5,0.01,2,1,0.8,100,98,0.98
"n60_ad3_c5",60,3,0.5,0.01,2,1,1,100,0,0
"n60_ad3_c5",60,3,0.5,0.01,4,0.2,0.2,100,100,1
"n60_ad3_c5",60,3,0.5,0.01,4,0.2,0.4,100,100,1
"n60_ad3_c5",60,3,0.5,0.01,4,0.2,0.6,100,100,1
"n60_ad3_c5",60,3,0.5,0.01,4,0.2,0.8,100,100,1
"n60_ad3_c5",60,3,0.5,0.01,4,0.2,1,100,99,0.99
"n60_ad3_c5",60,3,0.5,0.01,4,0.4,0.2,100,100,1
"n60_ad3_c5",60,3,0.5,0.01,4,0.4,0.4,100,100,1
"n60_ad3_c5",60,3,0.5,0.01,4,0.4,0.6,100,100,1
"n60_ad3_c5",60,3,0.5,0.01,4,0.4,0.8,100,100,1
"n60_ad3_c5",60,3,0.5,0.01,4,0.4,1,100,98,0.98
"n60_ad3_c5",60,3,0.5,0.01,4,0.6,0.2,100,100,1
"n60_ad3_c5",60,3,0.5,0.01,4,0.6,0.4,100,100,1
"n60_ad3_c5",60,3,0.5,0.01,4,0.6,0.6,100,100,1
"n60_ad3_c5",60,3,0.5,0.01,4,0.6,0.8,100,100,1
"n60_ad3_c5",60,3,0.5,0.01,4,0.6,1,100,94,0.94
"n60_ad3_c5",60,3,0.5,0.01,4,0.8,0.2,100,100,1
"n60_ad3_c5",60,3,0.5,0.01,4,0.8,0.4,100,100,1
"n60_ad3_c5",60,3,0.5,0.01,4,0.8,0.6,100,100,1
"n60_ad3_c5",60,3,0.5,0.01,4,0.8,0.8,100,100,1
"n60_ad3_c5",60,3,0.5,0.01,4,0.8,1,100,83,0.83
"n60_ad3_c5",60,3,0.5,0.01,4,1,0.2,100,100,1
"n60_ad3_c5",60,3,0.5,0.01,4,1,0.4,100,100,1
"n60_ad3_c5",60,3,0.5,0.01,4,1,0.6,100,100,1
"n60_ad3_c5",60,3,0.5,0.01,4,1,0.8,100,98,0.98
"n60_ad3_c5",60,3,0.5,0.01,4,1,1,100,0,0
"n60_ad3_c5",60,3,0.5,0.01,8,0.2,0.2,100,100,1
"n60_ad3_c5",60,3,0.5,0.01,8,0.2,0.4,100,100,1
"n60_ad3_c5",60,3,0.5,0.01,8,0.2,0.6,100,100,1
"n60_ad3_c5",60,3,0.5,0.01,8,0.2,0.8,100,100,1
"n60_ad3_c5",60,3,0.5,0.01,8,0.2,1,100,100,1
"n60_ad3_c5",60,3,0.5,0.01,8,0.4,0.2,100,100,1
"n60_ad3_c5",60,3,0.5,0.01,8,0.4,0.4,100,100,1
"n60_ad3_c5",60,3,0.5,0.01,8,0.4,0.6,100,100,1
"n60_ad3_c5",60,3,0.5,0.01,8,0.4,0.8,100,100,1
"n60_ad3_c5",60,3,0.5,0.01,8,0.4,1,100,97,0.97
"n60_ad3_c5",60,3,0.5,0.01,8,0.6,0.2,100,100,1
"n60_ad3_c5",60,3,0.5,0.01,8,0.6,0.4,100,100,1
"n60_ad3_c5",60,3,0.5,0.01,8,0.6,0.6,100,100,1
"n60_ad3_c5",60,3,0.5,0.01,8,0.6,0.8,100,100,1
"n60_ad3_c5",60,3,0.5,0.01,8,0.6,1,100,96,0.96
"n60_ad3_c5",60,3,0.5,0.01,8,0.8,0.2,100,100,1
"n60_ad3_c5",60,3,0.5,0.01,8,0.8,0.4,100,100,1
"n60_ad3_c5",60,3,0.5,0.01,8,0.8,0.6,100,100,1
"n60_ad3_c5",60,3,0.5,0.01,8,0.8,0.8,100,99,0.99
"n60_ad3_c5",60,3,0.5,0.01,8,0.8,1,100,82,0.82
"n60_ad3_c5",60,3,0.5,0.01,8,1,0.2,100,100,1
"n60_ad3_c5",60,3,0.5,0.01,8,1,0.4,100,100,1
"n60_ad3_c5",60,3,0.5,0.01,8,1,0.6,100,100,1
"n60_ad3_c5",60,3,0.5,0.01,8,1,0.8,100,97,0.97
"n60_ad3_c5",60,3,0.5,0.01,8,1,1,100,0,0
"n60_ad3_c5",60,3,0.5,0.05,0,0.2,0.2,100,100,1
"n60_ad3_c5",60,3,0.5,0.05,0,0.2,0.4,100,100,1
"n60_ad3_c5",60,3,0.5,0.05,0,0.2,0.6,100,100,1
"n60_ad3_c5",60,3,0.5,0.05,0,0.2,0.8,100,100,1
"n60_ad3_c5",60,3,0.5,0.05,0,0.2,1,100,98,0.98
"n60_ad3_c5",60,3,0.5,0.05,0,0.4,0.2,100,100,1
"n60_ad3_c5",60,3,0.5,0.05,0,0.4,0.4,100,100,1
"n60_ad3_c5",60,3,0.5,0.05,0,0.4,0.6,100,100,1
"n60_ad3_c5",60,3,0.5,0.05,0,0.4,0.8,100,100,1
"n60_ad3_c5",60,3,0.5,0.05,0,0.4,1,100,89,0.89
"n60_ad3_c5",60,3,0.5,0.05,0,0.6,0.2,100,100,1
"n60_ad3_c5",60,3,0.5,0.05,0,0.6,0.4,100,100,1
"n60_ad3_c5",60,3,0.5,0.05,0,0.6,0.6,100,100,1
"n60_ad3_c5",60,3,0.5,0.05,0,0.6,0.8,100,100,1
"n60_ad3_c5",60,3,0.5,0.05,0,0.6,1,100,71,0.71
"n60_ad3_c5",60,3,0.5,0.05,0,0.8,0.2,100,100,1
"n60_ad3_c5",60,3,0.5,0.05,0,0.8,0.4,100,100,1
"n60_ad3_c5",60,3,0.5,0.05,0,0.8,0.6,100,100,1
"n60_ad3_c5",60,3,0.5,0.05,0,0.8,0.8,100,100,1
"n60_ad3_c5",60,3,0.5,0.05,0,0.8,1,100,47,0.47
"n60_ad3_c5",60,3,0.5,0.05,0,1,0.2,100,100,1
"n60_ad3_c5",60,3,0.5,0.05,0,1,0.4,100,100,1
"n60_ad3_c5",60,3,0.5,0.05,0,1,0.6,100,100,1
"n60_ad3_c5",60,3,0.5,0.05,0,1,0.8,100,100,1
"n60_ad3_c5",60,3,0.5,0.05,0,1,1,100,0,0
"n60_ad3_c5",60,3,0.5,0.05,1,0.2,0.2,100,100,1
"n60_ad3_c5",60,3,0.5,0.05,1,0.2,0.4,100,100,1
"n60_ad3_c5",60,3,0.5,0.05,1,0.2,0.6,100,100,1
"n60_ad3_c5",60,3,0.5,0.05,1,0.2,0.8,100,100,1
"n60_ad3_c5",60,3,0.5,0.05,1,0.2,1,100,99,0.99
"n60_ad3_c5",60,3,0.5,0.05,1,0.4,0.2,100,100,1
"n60_ad3_c5",60,3,0.5,0.05,1,0.4,0.4,100,100,1
"n60_ad3_c5",60,3,0.5,0.05,1,0.4,0.6,100,100,1
"n60_ad3_c5",60,3,0.5,0.05,1,0.4,0.8,100,100,1
"n60_ad3_c5",60,3,0.5,0.05,1,0.4,1,100,88,0.88
"n60_ad3_c5",60,3,0.5,0.05,1,0.6,0.2,100,100,1
"n60_ad3_c5",60,3,0.5,0.05,1,0.6,0.4,100,100,1
"n60_ad3_c5",60,3,0.5,0.05,1,0.6,0.6,100,100,1
"n60_ad3_c5",60,3,0.5,0.05,1,0.6,0.8,100,100,1
"n60_ad3_c5",60,3,0.5,0.05,1,0.6,1,100,81,0.81
"n60_ad3_c5",60,3,0.5,0.05,1,0.8,0.2,100,100,1
"n60_ad3_c5",60,3,0.5,0.05,1,0.8,0.4,100,100,1
"n60_ad3_c5",60,3,0.5,0.05,1,0.8,0.6,100,100,1
"n60_ad3_c5",60,3,0.5,0.05,1,0.8,0.8,100,100,1
"n60_ad3_c5",60,3,0.5,0.05,1,0.8,1,100,52,0.52
"n60_ad3_c5",60,3,0.5,0.05,1,1,0.2,100,100,1
"n60_ad3_c5",60,3,0.5,0.05,1,1,0.4,100,100,1
"n60_ad3_c5",60,3,0.5,0.05,1,1,0.6,100,100,1
"n60_ad3_c5",60,3,0.5,0.05,1,1,0.8,100,100,1
"n60_ad3_c5",60,3,0.5,0.05,1,1,1,100,0,0
"n60_ad3_c5",60,3,0.5,0.05,2,0.2,0.2,100,100,1
"n60_ad3_c5",60,3,0.5,0.05,2,0.2,0.4,100,100,1
"n60_ad3_c5",60,3,0.5,0.05,2,0.2,0.6,100,100,1
"n60_ad3_c5",60,3,0.5,0.05,2,0.2,0.8,100,100,1
"n60_ad3_c5",60,3,0.5,0.05,2,0.2,1,100,100,1
"n60_ad3_c5",60,3,0.5,0.05,2,0.4,0.2,100,100,1
"n60_ad3_c5",60,3,0.5,0.05,2,0.4,0.4,100,100,1
"n60_ad3_c5",60,3,0.5,0.05,2,0.4,0.6,100,100,1
"n60_ad3_c5",60,3,0.5,0.05,2,0.4,0.8,100,100,1
"n60_ad3_c5",60,3,0.5,0.05,2,0.4,1,100,98,0.98
"n60_ad3_c5",60,3,0.5,0.05,2,0.6,0.2,100,100,1
"n60_ad3_c5",60,3,0.5,0.05,2,0.6,0.4,100,100,1
"n60_ad3_c5",60,3,0.5,0.05,2,0.6,0.6,100,100,1
"n60_ad3_c5",60,3,0.5,0.05,2,0.6,0.8,100,100,1
"n60_ad3_c5",60,3,0.5,0.05,2,0.6,1,100,93,0.93
"n60_ad3_c5",60,3,0.5,0.05,2,0.8,0.2,100,100,1
"n60_ad3_c5",60,3,0.5,0.05,2,0.8,0.4,100,100,1
"n60_ad3_c5",60,3,0.5,0.05,2,0.8,0.6,100,100,1
"n60_ad3_c5",60,3,0.5,0.05,2,0.8,0.8,100,100,1
"n60_ad3_c5",60,3,0.5,0.05,2,0.8,1,100,81,0.81
"n60_ad3_c5",60,3,0.5,0.05,2,1,0.2,100,100,1
"n60_ad3_c5",60,3,0.5,0.05,2,1,0.4,100,100,1
"n60_ad3_c5",60,3,0.5,0.05,2,1,0.6,100,100,1
"n60_ad3_c5",60,3,0.5,0.05,2,1,0.8,100,100,1
"n60_ad3_c5",60,3,0.5,0.05,2,1,1,100,0,0
"n60_ad3_c5",60,3,0.5,0.05,4,0.2,0.2,100,100,1
"n60_ad3_c5",60,3,0.5,0.05,4,0.2,0.4,100,100,1
"n60_ad3_c5",60,3,0.5,0.05,4,0.2,0.6,100,100,1
"n60_ad3_c5",60,3,0.5,0.05,4,0.2,0.8,100,100,1
"n60_ad3_c5",60,3,0.5,0.05,4,0.2,1,100,100,1
"n60_ad3_c5",60,3,0.5,0.05,4,0.4,0.2,100,100,1
"n60_ad3_c5",60,3,0.5,0.05,4,0.4,0.4,100,100,1
"n60_ad3_c5",60,3,0.5,0.05,4,0.4,0.6,100,100,1
"n60_ad3_c5",60,3,0.5,0.05,4,0.4,0.8,100,100,1
"n60_ad3_c5",60,3,0.5,0.05,4,0.4,1,100,100,1
"n60_ad3_c5",60,3,0.5,0.05,4,0.6,0.2,100,100,1
"n60_ad3_c5",60,3,0.5,0.05,4,0.6,0.4,100,100,1
"n60_ad3_c5",60,3,0.5,0.05,4,0.6,0.6,100,100,1
"n60_ad3_c5",60,3,0.5,0.05,4,0.6,0.8,100,100,1
"n60_ad3_c5",60,3,0.5,0.05,4,0.6,1,100,96,0.96
"n60_ad3_c5",60,3,0.5,0.05,4,0.8,0.2,100,100,1
"n60_ad3_c5",60,3,0.5,0.05,4,0.8,0.4,100,100,1
"n60_ad3_c5",60,3,0.5,0.05,4,0.8,0.6,100,100,1
"n60_ad3_c5",60,3,0.5,0.05,4,0.8,0.8,100,100,1
"n60_ad3_c5",60,3,0.5,0.05,4,0.8,1,100,87,0.87
"n60_ad3_c5",60,3,0.5,0.05,4,1,0.2,100,100,1
"n60_ad3_c5",60,3,0.5,0.05,4,1,0.4,100,100,1
"n60_ad3_c5",60,3,0.5,0.05,4,1,0.6,100,100,1
"n60_ad3_c5",60,3,0.5,0.05,4,1,0.8,100,100,1
"n60_ad3_c5",60,3,0.5,0.05,4,1,1,100,0,0
"n60_ad3_c5",60,3,0.5,0.05,8,0.2,0.2,100,100,1
"n60_ad3_c5",60,3,0.5,0.05,8,0.2,0.4,100,100,1
"n60_ad3_c5",60,3,0.5,0.05,8,0.2,0.6,100,100,1
"n60_ad3_c5",60,3,0.5,0.05,8,0.2,0.8,100,100,1
"n60_ad3_c5",60,3,0.5,0.05,8,0.2,1,100,100,1
"n60_ad3_c5",60,3,0.5,0.05,8,0.4,0.2,100,100,1
"n60_ad3_c5",60,3,0.5,0.05,8,0.4,0.4,100,100,1
"n60_ad3_c5",60,3,0.5,0.05,8,0.4,0.6,100,100,1
"n60_ad3_c5",60,3,0.5,0.05,8,0.4,0.8,100,100,1
"n60_ad3_c5",60,3,0.5,0.05,8,0.4,1,100,100,1
"n60_ad3_c5",60,3,0.5,0.05,8,0.6,0.2,100,100,1
"n60_ad3_c5",60,3,0.5,0.05,8,0.6,0.4,100,100,1
"n60_ad3_c5",60,3,0.5,0.05,8,0.6,0.6,100,100,1
"n60_ad3_c5",60,3,0.5,0.05,8,0.6,0.8,100,100,1
"n60_ad3_c5",60,3,0.5,0.05,8,0.6,1,100,99,0.99
"n60_ad3_c5",60,3,0.5,0.05,8,0.8,0.2,100,100,1
"n60_ad3_c5",60,3,0.5,0.05,8,0.8,0.4,100,100,1
"n60_ad3_c5",60,3,0.5,0.05,8,0.8,0.6,100,100,1
"n60_ad3_c5",60,3,0.5,0.05,8,0.8,0.8,100,100,1
"n60_ad3_c5",60,3,0.5,0.05,8,0.8,1,100,92,0.92
"n60_ad3_c5",60,3,0.5,0.05,8,1,0.2,100,100,1
"n60_ad3_c5",60,3,0.5,0.05,8,1,0.4,100,100,1
"n60_ad3_c5",60,3,0.5,0.05,8,1,0.6,100,100,1
"n60_ad3_c5",60,3,0.5,0.05,8,1,0.8,100,97,0.97
"n60_ad3_c5",60,3,0.5,0.05,8,1,1,100,0,0
"n60_ad3_c5",60,3,0.5,0.1,0,0.2,0.2,100,100,1
"n60_ad3_c5",60,3,0.5,0.1,0,0.2,0.4,100,100,1
"n60_ad3_c5",60,3,0.5,0.1,0,0.2,0.6,100,100,1
"n60_ad3_c5",60,3,0.5,0.1,0,0.2,0.8,100,100,1
"n60_ad3_c5",60,3,0.5,0.1,0,0.2,1,100,100,1
"n60_ad3_c5",60,3,0.5,0.1,0,0.4,0.2,100,100,1
"n60_ad3_c5",60,3,0.5,0.1,0,0.4,0.4,100,100,1
"n60_ad3_c5",60,3,0.5,0.1,0,0.4,0.6,100,100,1
"n60_ad3_c5",60,3,0.5,0.1,0,0.4,0.8,100,100,1
"n60_ad3_c5",60,3,0.5,0.1,0,0.4,1,100,100,1
"n60_ad3_c5",60,3,0.5,0.1,0,0.6,0.2,100,100,1
"n60_ad3_c5",60,3,0.5,0.1,0,0.6,0.4,100,100,1
"n60_ad3_c5",60,3,0.5,0.1,0,0.6,0.6,100,100,1
"n60_ad3_c5",60,3,0.5,0.1,0,0.6,0.8,100,100,1
"n60_ad3_c5",60,3,0.5,0.1,0,0.6,1,100,90,0.9
"n60_ad3_c5",60,3,0.5,0.1,0,0.8,0.2,100,100,1
"n60_ad3_c5",60,3,0.5,0.1,0,0.8,0.4,100,100,1
"n60_ad3_c5",60,3,0.5,0.1,0,0.8,0.6,100,100,1
"n60_ad3_c5",60,3,0.5,0.1,0,0.8,0.8,100,100,1
"n60_ad3_c5",60,3,0.5,0.1,0,0.8,1,100,69,0.69
"n60_ad3_c5",60,3,0.5,0.1,0,1,0.2,100,100,1
"n60_ad3_c5",60,3,0.5,0.1,0,1,0.4,100,100,1
"n60_ad3_c5",60,3,0.5,0.1,0,1,0.6,100,100,1
"n60_ad3_c5",60,3,0.5,0.1,0,1,0.8,100,99,0.99
"n60_ad3_c5",60,3,0.5,0.1,0,1,1,100,0,0
"n60_ad3_c5",60,3,0.5,0.1,1,0.2,0.2,100,100,1
"n60_ad3_c5",60,3,0.5,0.1,1,0.2,0.4,100,100,1
"n60_ad3_c5",60,3,0.5,0.1,1,0.2,0.6,100,100,1
"n60_ad3_c5",60,3,0.5,0.1,1,0.2,0.8,100,100,1
"n60_ad3_c5",60,3,0.5,0.1,1,0.2,1,100,100,1
"n60_ad3_c5",60,3,0.5,0.1,1,0.4,0.2,100,100,1
"n60_ad3_c5",60,3,0.5,0.1,1,0.4,0.4,100,100,1
"n60_ad3_c5",60,3,0.5,0.1,1,0.4,0.6,100,100,1
"n60_ad3_c5",60,3,0.5,0.1,1,0.4,0.8,100,100,1
"n60_ad3_c5",60,3,0.5,0.1,1,0.4,1,100,97,0.97
"n60_ad3_c5",60,3,0.5,0.1,1,0.6,0.2,100,100,1
"n60_ad3_c5",60,3,0.5,0.1,1,0.6,0.4,100,100,1
"n60_ad3_c5",60,3,0.5,0.1,1,0.6,0.6,100,100,1
"n60_ad3_c5",60,3,0.5,0.1,1,0.6,0.8,100,100,1
"n60_ad3_c5",60,3,0.5,0.1,1,0.6,1,100,93,0.93
"n60_ad3_c5",60,3,0.5,0.1,1,0.8,0.2,100,100,1
"n60_ad3_c5",60,3,0.5,0.1,1,0.8,0.4,100,100,1
"n60_ad3_c5",60,3,0.5,0.1,1,0.8,0.6,100,100,1
"n60_ad3_c5",60,3,0.5,0.1,1,0.8,0.8,100,100,1
"n60_ad3_c5",60,3,0.5,0.1,1,0.8,1,100,78,0.78
"n60_ad3_c5",60,3,0.5,0.1,1,1,0.2,100,100,1
"n60_ad3_c5",60,3,0.5,0.1,1,1,0.4,100,100,1
"n60_ad3_c5",60,3,0.5,0.1,1,1,0.6,100,100,1
"n60_ad3_c5",60,3,0.5,0.1,1,1,0.8,100,97,0.97
"n60_ad3_c5",60,3,0.5,0.1,1,1,1,100,0,0
"n60_ad3_c5",60,3,0.5,0.1,2,0.2,0.2,100,100,1
"n60_ad3_c5",60,3,0.5,0.1,2,0.2,0.4,100,100,1
"n60_ad3_c5",60,3,0.5,0.1,2,0.2,0.6,100,100,1
"n60_ad3_c5",60,3,0.5,0.1,2,0.2,0.8,100,100,1
"n60_ad3_c5",60,3,0.5,0.1,2,0.2,1,100,100,1
"n60_ad3_c5",60,3,0.5,0.1,2,0.4,0.2,100,100,1
"n60_ad3_c5",60,3,0.5,0.1,2,0.4,0.4,100,100,1
"n60_ad3_c5",60,3,0.5,0.1,2,0.4,0.6,100,100,1
"n60_ad3_c5",60,3,0.5,0.1,2,0.4,0.8,100,100,1
"n60_ad3_c5",60,3,0.5,0.1,2,0.4,1,100,100,1
"n60_ad3_c5",60,3,0.5,0.1,2,0.6,0.2,100,100,1
"n60_ad3_c5",60,3,0.5,0.1,2,0.6,0.4,100,100,1
"n60_ad3_c5",60,3,0.5,0.1,2,0.6,0.6,100,100,1
"n60_ad3_c5",60,3,0.5,0.1,2,0.6,0.8,100,100,1
"n60_ad3_c5",60,3,0.5,0.1,2,0.6,1,100,99,0.99
"n60_ad3_c5",60,3,0.5,0.1,2,0.8,0.2,100,100,1
"n60_ad3_c5",60,3,0.5,0.1,2,0.8,0.4,100,100,1
"n60_ad3_c5",60,3,0.5,0.1,2,0.8,0.6,100,100,1
"n60_ad3_c5",60,3,0.5,0.1,2,0.8,0.8,100,100,1
"n60_ad3_c5",60,3,0.5,0.1,2,0.8,1,100,94,0.94
"n60_ad3_c5",60,3,0.5,0.1,2,1,0.2,100,100,1
"n60_ad3_c5",60,3,0.5,0.1,2,1,0.4,100,100,1
"n60_ad3_c5",60,3,0.5,0.1,2,1,0.6,100,99,0.99
"n60_ad3_c5",60,3,0.5,0.1,2,1,0.8,100,94,0.94
"n60_ad3_c5",60,3,0.5,0.1,2,1,1,100,0,0
"n60_ad3_c5",60,3,0.5,0.1,4,0.2,0.2,100,100,1
"n60_ad3_c5",60,3,0.5,0.1,4,0.2,0.4,100,100,1
"n60_ad3_c5",60,3,0.5,0.1,4,0.2,0.6,100,100,1
"n60_ad3_c5",60,3,0.5,0.1,4,0.2,0.8,100,100,1
"n60_ad3_c5",60,3,0.5,0.1,4,0.2,1,100,100,1
"n60_ad3_c5",60,3,0.5,0.1,4,0.4,0.2,100,100,1
"n60_ad3_c5",60,3,0.5,0.1,4,0.4,0.4,100,100,1
"n60_ad3_c5",60,3,0.5,0.1,4,0.4,0.6,100,100,1
"n60_ad3_c5",60,3,0.5,0.1,4,0.4,0.8,100,100,1
"n60_ad3_c5",60,3,0.5,0.1,4,0.4,1,100,100,1
"n60_ad3_c5",60,3,0.5,0.1,4,0.6,0.2,100,100,1
"n60_ad3_c5",60,3,0.5,0.1,4,0.6,0.4,100,100,1
"n60_ad3_c5",60,3,0.5,0.1,4,0.6,0.6,100,100,1
"n60_ad3_c5",60,3,0.5,0.1,4,0.6,0.8,100,100,1
"n60_ad3_c5",60,3,0.5,0.1,4,0.6,1,100,100,1
"n60_ad3_c5",60,3,0.5,0.1,4,0.8,0.2,100,100,1
"n60_ad3_c5",60,3,0.5,0.1,4,0.8,0.4,100,100,1
"n60_ad3_c5",60,3,0.5,0.1,4,0.8,0.6,100,100,1
"n60_ad3_c5",60,3,0.5,0.1,4,0.8,0.8,100,99,0.99
"n60_ad3_c5",60,3,0.5,0.1,4,0.8,1,100,91,0.91
"n60_ad3_c5",60,3,0.5,0.1,4,1,0.2,100,100,1
"n60_ad3_c5",60,3,0.5,0.1,4,1,0.4,100,100,1
"n60_ad3_c5",60,3,0.5,0.1,4,1,0.6,100,98,0.98
"n60_ad3_c5",60,3,0.5,0.1,4,1,0.8,100,97,0.97
"n60_ad3_c5",60,3,0.5,0.1,4,1,1,100,0,0
"n60_ad3_c5",60,3,0.5,0.1,8,0.2,0.2,100,100,1
"n60_ad3_c5",60,3,0.5,0.1,8,0.2,0.4,100,100,1
"n60_ad3_c5",60,3,0.5,0.1,8,0.2,0.6,100,100,1
"n60_ad3_c5",60,3,0.5,0.1,8,0.2,0.8,100,100,1
"n60_ad3_c5",60,3,0.5,0.1,8,0.2,1,100,100,1
"n60_ad3_c5",60,3,0.5,0.1,8,0.4,0.2,100,100,1
"n60_ad3_c5",60,3,0.5,0.1,8,0.4,0.4,100,100,1
"n60_ad3_c5",60,3,0.5,0.1,8,0.4,0.6,100,100,1
"n60_ad3_c5",60,3,0.5,0.1,8,0.4,0.8,100,100,1
"n60_ad3_c5",60,3,0.5,0.1,8,0.4,1,100,100,1
"n60_ad3_c5",60,3,0.5,0.1,8,0.6,0.2,100,100,1
"n60_ad3_c5",60,3,0.5,0.1,8,0.6,0.4,100,100,1
"n60_ad3_c5",60,3,0.5,0.1,8,0.6,0.6,100,100,1
"n60_ad3_c5",60,3,0.5,0.1,8,0.6,0.8,100,100,1
"n60_ad3_c5",60,3,0.5,0.1,8,0.6,1,100,99,0.99
"n60_ad3_c5",60,3,0.5,0.1,8,0.8,0.2,100,100,1
"n60_ad3_c5",60,3,0.5,0.1,8,0.8,0.4,100,100,1
"n60_ad3_c5",60,3,0.5,0.1,8,0.8,0.6,100,100,1
"n60_ad3_c5",60,3,0.5,0.1,8,0.8,0.8,100,99,0.99
"n60_ad3_c5",60,3,0.5,0.1,8,0.8,1,100,92,0.92
"n60_ad3_c5",60,3,0.5,0.1,8,1,0.2,100,100,1
"n60_ad3_c5",60,3,0.5,0.1,8,1,0.4,100,100,1
"n60_ad3_c5",60,3,0.5,0.1,8,1,0.6,100,100,1
"n60_ad3_c5",60,3,0.5,0.1,8,1,0.8,100,94,0.94
"n60_ad3_c5",60,3,0.5,0.1,8,1,1,100,0,0
"n60_ad6_c1",60,6,0.1,0.01,0,0.2,0.2,100,100,1
"n60_ad6_c1",60,6,0.1,0.01,0,0.2,0.4,100,100,1
"n60_ad6_c1",60,6,0.1,0.01,0,0.2,0.6,100,100,1
"n60_ad6_c1",60,6,0.1,0.01,0,0.2,0.8,100,91,0.91
"n60_ad6_c1",60,6,0.1,0.01,0,0.2,1,100,38,0.38
"n60_ad6_c1",60,6,0.1,0.01,0,0.4,0.2,100,100,1
"n60_ad6_c1",60,6,0.1,0.01,0,0.4,0.4,100,100,1
"n60_ad6_c1",60,6,0.1,0.01,0,0.4,0.6,100,99,0.99
"n60_ad6_c1",60,6,0.1,0.01,0,0.4,0.8,100,92,0.92
"n60_ad6_c1",60,6,0.1,0.01,0,0.4,1,100,21,0.21
"n60_ad6_c1",60,6,0.1,0.01,0,0.6,0.2,100,100,1
"n60_ad6_c1",60,6,0.1,0.01,0,0.6,0.4,100,100,1
"n60_ad6_c1",60,6,0.1,0.01,0,0.6,0.6,100,99,0.99
"n60_ad6_c1",60,6,0.1,0.01,0,0.6,0.8,100,90,0.9
"n60_ad6_c1",60,6,0.1,0.01,0,0.6,1,100,14,0.14
"n60_ad6_c1",60,6,0.1,0.01,0,0.8,0.2,100,100,1
"n60_ad6_c1",60,6,0.1,0.01,0,0.8,0.4,100,100,1
"n60_ad6_c1",60,6,0.1,0.01,0,0.8,0.6,100,98,0.98
"n60_ad6_c1",60,6,0.1,0.01,0,0.8,0.8,100,83,0.83
"n60_ad6_c1",60,6,0.1,0.01,0,0.8,1,100,2,0.02
"n60_ad6_c1",60,6,0.1,0.01,0,1,0.2,100,100,1
"n60_ad6_c1",60,6,0.1,0.01,0,1,0.4,100,100,1
"n60_ad6_c1",60,6,0.1,0.01,0,1,0.6,100,99,0.99
"n60_ad6_c1",60,6,0.1,0.01,0,1,0.8,100,82,0.82
"n60_ad6_c1",60,6,0.1,0.01,0,1,1,100,0,0
"n60_ad6_c1",60,6,0.1,0.01,1,0.2,0.2,100,100,1
"n60_ad6_c1",60,6,0.1,0.01,1,0.2,0.4,100,100,1
"n60_ad6_c1",60,6,0.1,0.01,1,0.2,0.6,100,99,0.99
"n60_ad6_c1",60,6,0.1,0.01,1,0.2,0.8,100,86,0.86
"n60_ad6_c1",60,6,0.1,0.01,1,0.2,1,100,30,0.3
"n60_ad6_c1",60,6,0.1,0.01,1,0.4,0.2,100,100,1
"n60_ad6_c1",60,6,0.1,0.01,1,0.4,0.4,100,100,1
"n60_ad6_c1",60,6,0.1,0.01,1,0.4,0.6,100,99,0.99
"n60_ad6_c1",60,6,0.1,0.01,1,0.4,0.8,100,85,0.85
"n60_ad6_c1",60,6,0.1,0.01,1,0.4,1,100,14,0.14
"n60_ad6_c1",60,6,0.1,0.01,1,0.6,0.2,100,100,1
"n60_ad6_c1",60,6,0.1,0.01,1,0.6,0.4,100,100,1
"n60_ad6_c1",60,6,0.1,0.01,1,0.6,0.6,100,97,0.97
"n60_ad6_c1",60,6,0.1,0.01,1,0.6,0.8,100,83,0.83
"n60_ad6_c1",60,6,0.1,0.01,1,0.6,1,100,11,0.11
"n60_ad6_c1",60,6,0.1,0.01,1,0.8,0.2,100,100,1
"n60_ad6_c1",60,6,0.1,0.01,1,0.8,0.4,100,100,1
"n60_ad6_c1",60,6,0.1,0.01,1,0.8,0.6,100,98,0.98
"n60_ad6_c1",60,6,0.1,0.01,1,0.8,0.8,100,76,0.76
"n60_ad6_c1",60,6,0.1,0.01,1,0.8,1,100,3,0.03
"n60_ad6_c1",60,6,0.1,0.01,1,1,0.2,100,100,1
"n60_ad6_c1",60,6,0.1,0.01,1,1,0.4,100,100,1
"n60_ad6_c1",60,6,0.1,0.01,1,1,0.6,100,100,1
"n60_ad6_c1",60,6,0.1,0.01,1,1,0.8,100,86,0.86
"n60_ad6_c1",60,6,0.1,0.01,1,1,1,100,0,0
"n60_ad6_c1",60,6,0.1,0.01,2,0.2,0.2,100,100,1
"n60_ad6_c1",60,6,0.1,0.01,2,0.2,0.4,100,100,1
"n60_ad6_c1",60,6,0.1,0.01,2,0.2,0.6,100,100,1
"n60_ad6_c1",60,6,0.1,0.01,2,0.2,0.8,100,92,0.92
"n60_ad6_c1",60,6,0.1,0.01,2,0.2,1,100,29,0.29
"n60_ad6_c1",60,6,0.1,0.01,2,0.4,0.2,100,100,1
"n60_ad6_c1",60,6,0.1,0.01,2,0.4,0.4,100,100,1
"n60_ad6_c1",60,6,0.1,0.01,2,0.4,0.6,100,99,0.99
"n60_ad6_c1",60,6,0.1,0.01,2,0.4,0.8,100,82,0.82
"n60_ad6_c1",60,6,0.1,0.01,2,0.4,1,100,20,0.2
"n60_ad6_c1",60,6,0.1,0.01,2,0.6,0.2,100,100,1
"n60_ad6_c1",60,6,0.1,0.01,2,0.6,0.4,100,100,1
"n60_ad6_c1",60,6,0.1,0.01,2,0.6,0.6,100,100,1
"n60_ad6_c1",60,6,0.1,0.01,2,0.6,0.8,100,83,0.83
"n60_ad6_c1",60,6,0.1,0.01,2,0.6,1,100,11,0.11
"n60_ad6_c1",60,6,0.1,0.01,2,0.8,0.2,100,100,1
"n60_ad6_c1",60,6,0.1,0.01,2,0.8,0.4,100,100,1
"n60_ad6_c1",60,6,0.1,0.01,2,0.8,0.6,100,98,0.98
"n60_ad6_c1",60,6,0.1,0.01,2,0.8,0.8,100,78,0.78
"n60_ad6_c1",60,6,0.1,0.01,2,0.8,1,100,4,0.04
"n60_ad6_c1",60,6,0.1,0.01,2,1,0.2,100,100,1
"n60_ad6_c1",60,6,0.1,0.01,2,1,0.4,100,100,1
"n60_ad6_c1",60,6,0.1,0.01,2,1,0.6,100,99,0.99
"n60_ad6_c1",60,6,0.1,0.01,2,1,0.8,100,88,0.88
"n60_ad6_c1",60,6,0.1,0.01,2,1,1,100,0,0
"n60_ad6_c1",60,6,0.1,0.01,4,0.2,0.2,100,100,1
"n60_ad6_c1",60,6,0.1,0.01,4,0.2,0.4,100,100,1
"n60_ad6_c1",60,6,0.1,0.01,4,0.2,0.6,100,99,0.99
"n60_ad6_c1",60,6,0.1,0.01,4,0.2,0.8,100,92,0.92
"n60_ad6_c1",60,6,0.1,0.01,4,0.2,1,100,26,0.26
"n60_ad6_c1",60,6,0.1,0.01,4,0.4,0.2,100,100,1
"n60_ad6_c1",60,6,0.1,0.01,4,0.4,0.4,100,100,1
"n60_ad6_c1",60,6,0.1,0.01,4,0.4,0.6,100,99,0.99
"n60_ad6_c1",60,6,0.1,0.01,4,0.4,0.8,100,87,0.87
"n60_ad6_c1",60,6,0.1,0.01,4,0.4,1,100,12,0.12
"n60_ad6_c1",60,6,0.1,0.01,4,0.6,0.2,100,100,1
"n60_ad6_c1",60,6,0.1,0.01,4,0.6,0.4,100,100,1
"n60_ad6_c1",60,6,0.1,0.01,4,0.6,0.6,100,99,0.99
"n60_ad6_c1",60,6,0.1,0.01,4,0.6,0.8,100,84,0.84
"n60_ad6_c1",60,6,0.1,0.01,4,0.6,1,100,10,0.1
"n60_ad6_c1",60,6,0.1,0.01,4,0.8,0.2,100,100,1
"n60_ad6_c1",60,6,0.1,0.01,4,0.8,0.4,100,100,1
"n60_ad6_c1",60,6,0.1,0.01,4,0.8,0.6,100,99,0.99
"n60_ad6_c1",60,6,0.1,0.01,4,0.8,0.8,100,82,0.82
"n60_ad6_c1",60,6,0.1,0.01,4,0.8,1,100,5,0.05
"n60_ad6_c1",60,6,0.1,0.01,4,1,0.2,100,100,1
"n60_ad6_c1",60,6,0.1,0.01,4,1,0.4,100,100,1
"n60_ad6_c1",60,6,0.1,0.01,4,1,0.6,100,100,1
"n60_ad6_c1",60,6,0.1,0.01,4,1,0.8,100,83,0.83
"n60_ad6_c1",60,6,0.1,0.01,4,1,1,100,0,0
"n60_ad6_c1",60,6,0.1,0.01,8,0.2,0.2,100,100,1
"n60_ad6_c1",60,6,0.1,0.01,8,0.2,0.4,100,100,1
"n60_ad6_c1",60,6,0.1,0.01,8,0.2,0.6,100,100,1
"n60_ad6_c1",60,6,0.1,0.01,8,0.2,0.8,100,86,0.86
"n60_ad6_c1",60,6,0.1,0.01,8,0.2,1,100,20,0.2
"n60_ad6_c1",60,6,0.1,0.01,8,0.4,0.2,100,100,1
"n60_ad6_c1",60,6,0.1,0.01,8,0.4,0.4,100,100,1
"n60_ad6_c1",60,6,0.1,0.01,8,0.4,0.6,100,100,1
"n60_ad6_c1",60,6,0.1,0.01,8,0.4,0.8,100,89,0.89
"n60_ad6_c1",60,6,0.1,0.01,8,0.4,1,100,10,0.1
"n60_ad6_c1",60,6,0.1,0.01,8,0.6,0.2,100,100,1
"n60_ad6_c1",60,6,0.1,0.01,8,0.6,0.4,100,100,1
"n60_ad6_c1",60,6,0.1,0.01,8,0.6,0.6,100,99,0.99
"n60_ad6_c1",60,6,0.1,0.01,8,0.6,0.8,100,83,0.83
"n60_ad6_c1",60,6,0.1,0.01,8,0.6,1,100,7,0.07
"n60_ad6_c1",60,6,0.1,0.01,8,0.8,0.2,100,100,1
"n60_ad6_c1",60,6,0.1,0.01,8,0.8,0.4,100,100,1
"n60_ad6_c1",60,6,0.1,0.01,8,0.8,0.6,100,98,0.98
"n60_ad6_c1",60,6,0.1,0.01,8,0.8,0.8,100,83,0.83
"n60_ad6_c1",60,6,0.1,0.01,8,0.8,1,100,3,0.03
"n60_ad6_c1",60,6,0.1,0.01,8,1,0.2,100,100,1
"n60_ad6_c1",60,6,0.1,0.01,8,1,0.4,100,100,1
"n60_ad6_c1",60,6,0.1,0.01,8,1,0.6,100,99,0.99
"n60_ad6_c1",60,6,0.1,0.01,8,1,0.8,100,83,0.83
"n60_ad6_c1",60,6,0.1,0.01,8,1,1,100,0,0
"n60_ad6_c1",60,6,0.1,0.05,0,0.2,0.2,100,100,1
"n60_ad6_c1",60,6,0.1,0.05,0,0.2,0.4,100,100,1
"n60_ad6_c1",60,6,0.1,0.05,0,0.2,0.6,100,99,0.99
"n60_ad6_c1",60,6,0.1,0.05,0,0.2,0.8,100,94,0.94
"n60_ad6_c1",60,6,0.1,0.05,0,0.2,1,100,77,0.77
"n60_ad6_c1",60,6,0.1,0.05,0,0.4,0.2,100,100,1
"n60_ad6_c1",60,6,0.1,0.05,0,0.4,0.4,100,100,1
"n60_ad6_c1",60,6,0.1,0.05,0,0.4,0.6,100,99,0.99
"n60_ad6_c1",60,6,0.1,0.05,0,0.4,0.8,100,89,0.89
"n60_ad6_c1",60,6,0.1,0.05,0,0.4,1,100,49,0.49
"n60_ad6_c1",60,6,0.1,0.05,0,0.6,0.2,100,100,1
"n60_ad6_c1",60,6,0.1,0.05,0,0.6,0.4,100,100,1
"n60_ad6_c1",60,6,0.1,0.05,0,0.6,0.6,100,100,1
"n60_ad6_c1",60,6,0.1,0.05,0,0.6,0.8,100,90,0.9
"n60_ad6_c1",60,6,0.1,0.05,0,0.6,1,100,30,0.3
"n60_ad6_c1",60,6,0.1,0.05,0,0.8,0.2,100,100,1
"n60_ad6_c1",60,6,0.1,0.05,0,0.8,0.4,100,100,1
"n60_ad6_c1",60,6,0.1,0.05,0,0.8,0.6,100,98,0.98
"n60_ad6_c1",60,6,0.1,0.05,0,0.8,0.8,100,81,0.81
"n60_ad6_c1",60,6,0.1,0.05,0,0.8,1,100,21,0.21
"n60_ad6_c1",60,6,0.1,0.05,0,1,0.2,100,100,1
"n60_ad6_c1",60,6,0.1,0.05,0,1,0.4,100,100,1
"n60_ad6_c1",60,6,0.1,0.05,0,1,0.6,100,100,1
"n60_ad6_c1",60,6,0.1,0.05,0,1,0.8,100,80,0.8
"n60_ad6_c1",60,6,0.1,0.05,0,1,1,100,0,0
"n60_ad6_c1",60,6,0.1,0.05,1,0.2,0.2,100,100,1
"n60_ad6_c1",60,6,0.1,0.05,1,0.2,0.4,100,100,1
"n60_ad6_c1",60,6,0.1,0.05,1,0.2,0.6,100,100,1
"n60_ad6_c1",60,6,0.1,0.05,1,0.2,0.8,100,93,0.93
"n60_ad6_c1",60,6,0.1,0.05,1,0.2,1,100,67,0.67
"n60_ad6_c1",60,6,0.1,0.05,1,0.4,0.2,100,100,1
"n60_ad6_c1",60,6,0.1,0.05,1,0.4,0.4,100,100,1
"n60_ad6_c1",60,6,0.1,0.05,1,0.4,0.6,100,100,1
"n60_ad6_c1",60,6,0.1,0.05,1,0.4,0.8,100,85,0.85
"n60_ad6_c1",60,6,0.1,0.05,1,0.4,1,100,35,0.35
"n60_ad6_c1",60,6,0.1,0.05,1,0.6,0.2,100,100,1
"n60_ad6_c1",60,6,0.1,0.05,1,0.6,0.4,100,100,1
"n60_ad6_c1",60,6,0.1,0.05,1,0.6,0.6,100,99,0.99
"n60_ad6_c1",60,6,0.1,0.05,1,0.6,0.8,100,83,0.83
"n60_ad6_c1",60,6,0.1,0.05,1,0.6,1,100,25,0.25
"n60_ad6_c1",60,6,0.1,0.05,1,0.8,0.2,100,100,1
"n60_ad6_c1",60,6,0.1,0.05,1,0.8,0.4,100,100,1
"n60_ad6_c1",60,6,0.1,0.05,1,0.8,0.6,100,98,0.98
"n60_ad6_c1",60,6,0.1,0.05,1,0.8,0.8,100,83,0.83
"n60_ad6_c1",60,6,0.1,0.05,1,0.8,1,100,9,0.09
"n60_ad6_c1",60,6,0.1,0.05,1,1,0.2,100,100,1
"n60_ad6_c1",60,6,0.1,0.05,1,1,0.4,100,100,1
"n60_ad6_c1",60,6,0.1,0.05,1,1,0.6,100,97,0.97
"n60_ad6_c1",60,6,0.1,0.05,1,1,0.8,100,82,0.82
"n60_ad6_c1",60,6,0.1,0.05,1,1,1,100,0,0
"n60_ad6_c1",60,6,0.1,0.05,2,0.2,0.2,100,100,1
"n60_ad6_c1",60,6,0.1,0.05,2,0.2,0.4,100,100,1
"n60_ad6_c1",60,6,0.1,0.05,2,0.2,0.6,100,99,0.99
"n60_ad6_c1",60,6,0.1,0.05,2,0.2,0.8,100,93,0.93
"n60_ad6_c1",60,6,0.1,0.05,2,0.2,1,100,65,0.65
"n60_ad6_c1",60,6,0.1,0.05,2,0.4,0.2,100,100,1
"n60_ad6_c1",60,6,0.1,0.05,2,0.4,0.4,100,100,1
"n60_ad6_c1",60,6,0.1,0.05,2,0.4,0.6,100,100,1
"n60_ad6_c1",60,6,0.1,0.05,2,0.4,0.8,100,88,0.88
"n60_ad6_c1",60,6,0.1,0.05,2,0.4,1,100,34,0.34
"n60_ad6_c1",60,6,0.1,0.05,2,0.6,0.2,100,100,1
"n60_ad6_c1",60,6,0.1,0.05,2,0.6,0.4,100,100,1
"n60_ad6_c1",60,6,0.1,0.05,2,0.6,0.6,100,97,0.97
"n60_ad6_c1",60,6,0.1,0.05,2,0.6,0.8,100,84,0.84
"n60_ad6_c1",60,6,0.1,0.05,2,0.6,1,100,24,0.24
"n60_ad6_c1",60,6,0.1,0.05,2,0.8,0.2,100,100,1
"n60_ad6_c1",60,6,0.1,0.05,2,0.8,0.4,100,100,1
"n60_ad6_c1",60,6,0.1,0.05,2,0.8,0.6,100,99,0.99
"n60_ad6_c1",60,6,0.1,0.05,2,0.8,0.8,100,80,0.8
"n60_ad6_c1",60,6,0.1,0.05,2,0.8,1,100,7,0.07
"n60_ad6_c1",60,6,0.1,0.05,2,1,0.2,100,100,1
"n60_ad6_c1",60,6,0.1,0.05,2,1,0.4,100,100,1
"n60_ad6_c1",60,6,0.1,0.05,2,1,0.6,100,98,0.98
"n60_ad6_c1",60,6,0.1,0.05,2,1,0.8,100,78,0.78
"n60_ad6_c1",60,6,0.1,0.05,2,1,1,100,0,0
"n60_ad6_c1",60,6,0.1,0.05,4,0.2,0.2,100,100,1
"n60_ad6_c1",60,6,0.1,0.05,4,0.2,0.4,100,100,1
"n60_ad6_c1",60,6,0.1,0.05,4,0.2,0.6,100,99,0.99
"n60_ad6_c1",60,6,0.1,0.05,4,0.2,0.8,100,96,0.96
"n60_ad6_c1",60,6,0.1,0.05,4,0.2,1,100,62,0.62
"n60_ad6_c1",60,6,0.1,0.05,4,0.4,0.2,100,100,1
"n60_ad6_c1",60,6,0.1,0.05,4,0.4,0.4,100,100,1
"n60_ad6_c1",60,6,0.1,0.05,4,0.4,0.6,100,100,1
"n60_ad6_c1",60,6,0.1,0.05,4,0.4,0.8,100,92,0.92
"n60_ad6_c1",60,6,0.1,0.05,4,0.4,1,100,37,0.37
"n60_ad6_c1",60,6,0.1,0.05,4,0.6,0.2,100,100,1
"n60_ad6_c1",60,6,0.1,0.05,4,0.6,0.4,100,100,1
"n60_ad6_c1",60,6,0.1,0.05,4,0.6,0.6,100,98,0.98
"n60_ad6_c1",60,6,0.1,0.05,4,0.6,0.8,100,90,0.9
"n60_ad6_c1",60,6,0.1,0.05,4,0.6,1,100,28,0.28
"n60_ad6_c1",60,6,0.1,0.05,4,0.8,0.2,100,100,1
"n60_ad6_c1",60,6,0.1,0.05,4,0.8,0.4,100,100,1
"n60_ad6_c1",60,6,0.1,0.05,4,0.8,0.6,100,98,0.98
"n60_ad6_c1",60,6,0.1,0.05,4,0.8,0.8,100,84,0.84
"n60_ad6_c1",60,6,0.1,0.05,4,0.8,1,100,14,0.14
"n60_ad6_c1",60,6,0.1,0.05,4,1,0.2,100,100,1
"n60_ad6_c1",60,6,0.1,0.05,4,1,0.4,100,100,1
"n60_ad6_c1",60,6,0.1,0.05,4,1,0.6,100,99,0.99
"n60_ad6_c1",60,6,0.1,0.05,4,1,0.8,100,80,0.8
"n60_ad6_c1",60,6,0.1,0.05,4,1,1,100,0,0
"n60_ad6_c1",60,6,0.1,0.05,8,0.2,0.2,100,100,1
"n60_ad6_c1",60,6,0.1,0.05,8,0.2,0.4,100,100,1
"n60_ad6_c1",60,6,0.1,0.05,8,0.2,0.6,100,100,1
"n60_ad6_c1",60,6,0.1,0.05,8,0.2,0.8,100,87,0.87
"n60_ad6_c1",60,6,0.1,0.05,8,0.2,1,100,52,0.52
"n60_ad6_c1",60,6,0.1,0.05,8,0.4,0.2,100,100,1
"n60_ad6_c1",60,6,0.1,0.05,8,0.4,0.4,100,100,1
"n60_ad6_c1",60,6,0.1,0.05,8,0.4,0.6,100,100,1
"n60_ad6_c1",60,6,0.1,0.05,8,0.4,0.8,100,89,0.89
"n60_ad6_c1",60,6,0.1,0.05,8,0.4,1,100,36,0.36
"n60_ad6_c1",60,6,0.1,0.05,8,0.6,0.2,100,100,1
"n60_ad6_c1",60,6,0.1,0.05,8,0.6,0.4,100,100,1
"n60_ad6_c1",60,6,0.1,0.05,8,0.6,0.6,100,97,0.97
"n60_ad6_c1",60,6,0.1,0.05,8,0.6,0.8,100,86,0.86
"n60_ad6_c1",60,6,0.1,0.05,8,0.6,1,100,20,0.2
"n60_ad6_c1",60,6,0.1,0.05,8,0.8,0.2,100,100,1
"n60_ad6_c1",60,6,0.1,0.05,8,0.8,0.4,100,100,1
"n60_ad6_c1",60,6,0.1,0.05,8,0.8,0.6,100,100,1
"n60_ad6_c1",60,6,0.1,0.05,8,0.8,0.8,100,82,0.82
"n60_ad6_c1",60,6,0.1,0.05,8,0.8,1,100,12,0.12
"n60_ad6_c1",60,6,0.1,0.05,8,1,0.2,100,100,1
"n60_ad6_c1",60,6,0.1,0.05,8,1,0.4,100,100,1
"n60_ad6_c1",60,6,0.1,0.05,8,1,0.6,100,98,0.98
"n60_ad6_c1",60,6,0.1,0.05,8,1,0.8,100,79,0.79
"n60_ad6_c1",60,6,0.1,0.05,8,1,1,100,0,0
"n60_ad6_c1",60,6,0.1,0.1,0,0.2,0.2,100,100,1
"n60_ad6_c1",60,6,0.1,0.1,0,0.2,0.4,100,100,1
"n60_ad6_c1",60,6,0.1,0.1,0,0.2,0.6,100,100,1
"n60_ad6_c1",60,6,0.1,0.1,0,0.2,0.8,100,98,0.98
"n60_ad6_c1",60,6,0.1,0.1,0,0.2,1,100,96,0.96
"n60_ad6_c1",60,6,0.1,0.1,0,0.4,0.2,100,100,1
"n60_ad6_c1",60,6,0.1,0.1,0,0.4,0.4,100,100,1
"n60_ad6_c1",60,6,0.1,0.1,0,0.4,0.6,100,99,0.99
"n60_ad6_c1",60,6,0.1,0.1,0,0.4,0.8,100,97,0.97
"n60_ad6_c1",60,6,0.1,0.1,0,0.4,1,100,81,0.81
"n60_ad6_c1",60,6,0.1,0.1,0,0.6,0.2,100,100,1
"n60_ad6_c1",60,6,0.1,0.1,0,0.6,0.4,100,100,1
"n60_ad6_c1",60,6,0.1,0.1,0,0.6,0.6,100,100,1
"n60_ad6_c1",60,6,0.1,0.1,0,0.6,0.8,100,94,0.94
"n60_ad6_c1",60,6,0.1,0.1,0,0.6,1,100,46,0.46
"n60_ad6_c1",60,6,0.1,0.1,0,0.8,0.2,100,100,1
"n60_ad6_c1",60,6,0.1,0.1,0,0.8,0.4,100,100,1
"n60_ad6_c1",60,6,0.1,0.1,0,0.8,0.6,100,98,0.98
"n60_ad6_c1",60,6,0.1,0.1,0,0.8,0.8,100,81,0.81
"n60_ad6_c1",60,6,0.1,0.1,0,0.8,1,100,28,0.28
"n60_ad6_c1",60,6,0.1,0.1,0,1,0.2,100,100,1
"n60_ad6_c1",60,6,0.1,0.1,0,1,0.4,100,100,1
"n60_ad6_c1",60,6,0.1,0.1,0,1,0.6,100,94,0.94
"n60_ad6_c1",60,6,0.1,0.1,0,1,0.8,100,73,0.73
"n60_ad6_c1",60,6,0.1,0.1,0,1,1,100,0,0
"n60_ad6_c1",60,6,0.1,0.1,1,0.2,0.2,100,100,1
"n60_ad6_c1",60,6,0.1,0.1,1,0.2,0.4,100,100,1
"n60_ad6_c1",60,6,0.1,0.1,1,0.2,0.6,100,100,1
"n60_ad6_c1",60,6,0.1,0.1,1,0.2,0.8,100,100,1
"n60_ad6_c1",60,6,0.1,0.1,1,0.2,1,100,95,0.95
"n60_ad6_c1",60,6,0.1,0.1,1,0.4,0.2,100,100,1
"n60_ad6_c1",60,6,0.1,0.1,1,0.4,0.4,100,100,1
"n60_ad6_c1",60,6,0.1,0.1,1,0.4,0.6,100,100,1
"n60_ad6_c1",60,6,0.1,0.1,1,0.4,0.8,100,94,0.94
"n60_ad6_c1",60,6,0.1,0.1,1,0.4,1,100,69,0.69
"n60_ad6_c1",60,6,0.1,0.1,1,0.6,0.2,100,100,1
"n60_ad6_c1",60,6,0.1,0.1,1,0.6,0.4,100,100,1
"n60_ad6_c1",60,6,0.1,0.1,1,0.6,0.6,100,99,0.99
"n60_ad6_c1",60,6,0.1,0.1,1,0.6,0.8,100,91,0.91
"n60_ad6_c1",60,6,0.1,0.1,1,0.6,1,100,35,0.35
"n60_ad6_c1",60,6,0.1,0.1,1,0.8,0.2,100,100,1
"n60_ad6_c1",60,6,0.1,0.1,1,0.8,0.4,100,100,1
"n60_ad6_c1",60,6,0.1,0.1,1,0.8,0.6,100,99,0.99
"n60_ad6_c1",60,6,0.1,0.1,1,0.8,0.8,100,83,0.83
"n60_ad6_c1",60,6,0.1,0.1,1,0.8,1,100,23,0.23
"n60_ad6_c1",60,6,0.1,0.1,1,1,0.2,100,100,1
"n60_ad6_c1",60,6,0.1,0.1,1,1,0.4,100,100,1
"n60_ad6_c1",60,6,0.1,0.1,1,1,0.6,100,96,0.96
"n60_ad6_c1",60,6,0.1,0.1,1,1,0.8,100,76,0.76
"n60_ad6_c1",60,6,0.1,0.1,1,1,1,100,0,0
"n60_ad6_c1",60,6,0.1,0.1,2,0.2,0.2,100,100,1
"n60_ad6_c1",60,6,0.1,0.1,2,0.2,0.4,100,100,1
"n60_ad6_c1",60,6,0.1,0.1,2,0.2,0.6,100,100,1
"n60_ad6_c1",60,6,0.1,0.1,2,0.2,0.8,100,100,1
"n60_ad6_c1",60,6,0.1,0.1,2,0.2,1,100,90,0.9
"n60_ad6_c1",60,6,0.1,0.1,2,0.4,0.2,100,100,1
"n60_ad6_c1",60,6,0.1,0.1,2,0.4,0.4,100,100,1
"n60_ad6_c1",60,6,0.1,0.1,2,0.4,0.6,100,99,0.99
"n60_ad6_c1",60,6,0.1,0.1,2,0.4,0.8,100,90,0.9
"n60_ad6_c1",60,6,0.1,0.1,2,0.4,1,100,63,0.63
"n60_ad6_c1",60,6,0.1,0.1,2,0.6,0.2,100,100,1
"n60_ad6_c1",60,6,0.1,0.1,2,0.6,0.4,100,100,1
"n60_ad6_c1",60,6,0.1,0.1,2,0.6,0.6,100,99,0.99
"n60_ad6_c1",60,6,0.1,0.1,2,0.6,0.8,100,92,0.92
"n60_ad6_c1",60,6,0.1,0.1,2,0.6,1,100,44,0.44
"n60_ad6_c1",60,6,0.1,0.1,2,0.8,0.2,100,100,1
"n60_ad6_c1",60,6,0.1,0.1,2,0.8,0.4,100,100,1
"n60_ad6_c1",60,6,0.1,0.1,2,0.8,0.6,100,99,0.99
"n60_ad6_c1",60,6,0.1,0.1,2,0.8,0.8,100,82,0.82
"n60_ad6_c1",60,6,0.1,0.1,2,0.8,1,100,19,0.19
"n60_ad6_c1",60,6,0.1,0.1,2,1,0.2,100,100,1
"n60_ad6_c1",60,6,0.1,0.1,2,1,0.4,100,100,1
"n60_ad6_c1",60,6,0.1,0.1,2,1,0.6,100,96,0.96
"n60_ad6_c1",60,6,0.1,0.1,2,1,0.8,100,77,0.77
"n60_ad6_c1",60,6,0.1,0.1,2,1,1,100,0,0
"n60_ad6_c1",60,6,0.1,0.1,4,0.2,0.2,100,100,1
"n60_ad6_c1",60,6,0.1,0.1,4,0.2,0.4,100,100,1
"n60_ad6_c1",60,6,0.1,0.1,4,0.2,0.6,100,100,1
"n60_ad6_c1",60,6,0.1,0.1,4,0.2,0.8,100,99,0.99
"n60_ad6_c1",60,6,0.1,0.1,4,0.2,1,100,83,0.83
"n60_ad6_c1",60,6,0.1,0.1,4,0.4,0.2,100,100,1
"n60_ad6_c1",60,6,0.1,0.1,4,0.4,0.4,100,100,1
"n60_ad6_c1",60,6,0.1,0.1,4,0.4,0.6,100,100,1
"n60_ad6_c1",60,6,0.1,0.1,4,0.4,0.8,100,94,0.94
"n60_ad6_c1",60,6,0.1,0.1,4,0.4,1,100,59,0.59
"n60_ad6_c1",60,6,0.1,0.1,4,0.6,0.2,100,100,1
"n60_ad6_c1",60,6,0.1,0.1,4,0.6,0.4,100,100,1
"n60_ad6_c1",60,6,0.1,0.1,4,0.6,0.6,100,100,1
"n60_ad6_c1",60,6,0.1,0.1,4,0.6,0.8,100,94,0.94
"n60_ad6_c1",60,6,0.1,0.1,4,0.6,1,100,42,0.42
"n60_ad6_c1",60,6,0.1,0.1,4,0.8,0.2,100,100,1
"n60_ad6_c1",60,6,0.1,0.1,4,0.8,0.4,100,100,1
"n60_ad6_c1",60,6,0.1,0.1,4,0.8,0.6,100,99,0.99
"n60_ad6_c1",60,6,0.1,0.1,4,0.8,0.8,100,88,0.88
"n60_ad6_c1",60,6,0.1,0.1,4,0.8,1,100,25,0.25
"n60_ad6_c1",60,6,0.1,0.1,4,1,0.2,100,100,1
"n60_ad6_c1",60,6,0.1,0.1,4,1,0.4,100,100,1
"n60_ad6_c1",60,6,0.1,0.1,4,1,0.6,100,97,0.97
"n60_ad6_c1",60,6,0.1,0.1,4,1,0.8,100,80,0.8
"n60_ad6_c1",60,6,0.1,0.1,4,1,1,100,0,0
"n60_ad6_c1",60,6,0.1,0.1,8,0.2,0.2,100,100,1
"n60_ad6_c1",60,6,0.1,0.1,8,0.2,0.4,100,100,1
"n60_ad6_c1",60,6,0.1,0.1,8,0.2,0.6,100,100,1
"n60_ad6_c1",60,6,0.1,0.1,8,0.2,0.8,100,98,0.98
"n60_ad6_c1",60,6,0.1,0.1,8,0.2,1,100,78,0.78
"n60_ad6_c1",60,6,0.1,0.1,8,0.4,0.2,100,100,1
"n60_ad6_c1",60,6,0.1,0.1,8,0.4,0.4,100,100,1
"n60_ad6_c1",60,6,0.1,0.1,8,0.4,0.6,100,100,1
"n60_ad6_c1",60,6,0.1,0.1,8,0.4,0.8,100,90,0.9
"n60_ad6_c1",60,6,0.1,0.1,8,0.4,1,100,61,0.61
"n60_ad6_c1",60,6,0.1,0.1,8,0.6,0.2,100,100,1
"n60_ad6_c1",60,6,0.1,0.1,8,0.6,0.4,100,100,1
"n60_ad6_c1",60,6,0.1,0.1,8,0.6,0.6,100,97,0.97
"n60_ad6_c1",60,6,0.1,0.1,8,0.6,0.8,100,94,0.94
"n60_ad6_c1",60,6,0.1,0.1,8,0.6,1,100,53,0.53
"n60_ad6_c1",60,6,0.1,0.1,8,0.8,0.2,100,100,1
"n60_ad6_c1",60,6,0.1,0.1,8,0.8,0.4,100,99,0.99
"n60_ad6_c1",60,6,0.1,0.1,8,0.8,0.6,100,97,0.97
"n60_ad6_c1",60,6,0.1,0.1,8,0.8,0.8,100,87,0.87
"n60_ad6_c1",60,6,0.1,0.1,8,0.8,1,100,24,0.24
"n60_ad6_c1",60,6,0.1,0.1,8,1,0.2,100,100,1
"n60_ad6_c1",60,6,0.1,0.1,8,1,0.4,100,100,1
"n60_ad6_c1",60,6,0.1,0.1,8,1,0.6,100,97,0.97
"n60_ad6_c1",60,6,0.1,0.1,8,1,0.8,100,78,0.78
"n60_ad6_c1",60,6,0.1,0.1,8,1,1,100,0,0
"n60_ad6_c3",60,6,0.3,0.01,0,0.2,0.2,100,100,1
"n60_ad6_c3",60,6,0.3,0.01,0,0.2,0.4,100,100,1
"n60_ad6_c3",60,6,0.3,0.01,0,0.2,0.6,100,100,1
"n60_ad6_c3",60,6,0.3,0.01,0,0.2,0.8,100,94,0.94
"n60_ad6_c3",60,6,0.3,0.01,0,0.2,1,100,47,0.47
"n60_ad6_c3",60,6,0.3,0.01,0,0.4,0.2,100,100,1
"n60_ad6_c3",60,6,0.3,0.01,0,0.4,0.4,100,100,1
"n60_ad6_c3",60,6,0.3,0.01,0,0.4,0.6,100,100,1
"n60_ad6_c3",60,6,0.3,0.01,0,0.4,0.8,100,96,0.96
"n60_ad6_c3",60,6,0.3,0.01,0,0.4,1,100,28,0.28
"n60_ad6_c3",60,6,0.3,0.01,0,0.6,0.2,100,100,1
"n60_ad6_c3",60,6,0.3,0.01,0,0.6,0.4,100,100,1
"n60_ad6_c3",60,6,0.3,0.01,0,0.6,0.6,100,100,1
"n60_ad6_c3",60,6,0.3,0.01,0,0.6,0.8,100,89,0.89
"n60_ad6_c3",60,6,0.3,0.01,0,0.6,1,100,18,0.18
"n60_ad6_c3",60,6,0.3,0.01,0,0.8,0.2,100,100,1
"n60_ad6_c3",60,6,0.3,0.01,0,0.8,0.4,100,100,1
"n60_ad6_c3",60,6,0.3,0.01,0,0.8,0.6,100,100,1
"n60_ad6_c3",60,6,0.3,0.01,0,0.8,0.8,100,91,0.91
"n60_ad6_c3",60,6,0.3,0.01,0,0.8,1,100,5,0.05
"n60_ad6_c3",60,6,0.3,0.01,0,1,0.2,100,100,1
"n60_ad6_c3",60,6,0.3,0.01,0,1,0.4,100,100,1
"n60_ad6_c3",60,6,0.3,0.01,0,1,0.6,100,100,1
"n60_ad6_c3",60,6,0.3,0.01,0,1,0.8,100,91,0.91
"n60_ad6_c3",60,6,0.3,0.01,0,1,1,100,0,0
"n60_ad6_c3",60,6,0.3,0.01,1,0.2,0.2,100,100,1
"n60_ad6_c3",60,6,0.3,0.01,1,0.2,0.4,100,100,1
"n60_ad6_c3",60,6,0.3,0.01,1,0.2,0.6,100,100,1
"n60_ad6_c3",60,6,0.3,0.01,1,0.2,0.8,100,96,0.96
"n60_ad6_c3",60,6,0.3,0.01,1,0.2,1,100,42,0.42
"n60_ad6_c3",60,6,0.3,0.01,1,0.4,0.2,100,100,1
"n60_ad6_c3",60,6,0.3,0.01,1,0.4,0.4,100,100,1
"n60_ad6_c3",60,6,0.3,0.01,1,0.4,0.6,100,100,1
"n60_ad6_c3",60,6,0.3,0.01,1,0.4,0.8,100,93,0.93
"n60_ad6_c3",60,6,0.3,0.01,1,0.4,1,100,22,0.22
"n60_ad6_c3",60,6,0.3,0.01,1,0.6,0.2,100,100,1
"n60_ad6_c3",60,6,0.3,0.01,1,0.6,0.4,100,100,1
"n60_ad6_c3",60,6,0.3,0.01,1,0.6,0.6,100,99,0.99
"n60_ad6_c3",60,6,0.3,0.01,1,0.6,0.8,100,92,0.92
"n60_ad6_c3",60,6,0.3,0.01,1,0.6,1,100,21,0.21
"n60_ad6_c3",60,6,0.3,0.01,1,0.8,0.2,100,100,1
"n60_ad6_c3",60,6,0.3,0.01,1,0.8,0.4,100,100,1
"n60_ad6_c3",60,6,0.3,0.01,1,0.8,0.6,100,99,0.99
"n60_ad6_c3",60,6,0.3,0.01,1,0.8,0.8,100,92,0.92
"n60_ad6_c3",60,6,0.3,0.01,1,0.8,1,100,9,0.09
"n60_ad6_c3",60,6,0.3,0.01,1,1,0.2,100,100,1
"n60_ad6_c3",60,6,0.3,0.01,1,1,0.4,100,100,1
"n60_ad6_c3",60,6,0.3,0.01,1,1,0.6,100,100,1
"n60_ad6_c3",60,6,0.3,0.01,1,1,0.8,100,93,0.93
"n60_ad6_c3",60,6,0.3,0.01,1,1,1,100,0,0
"n60_ad6_c3",60,6,0.3,0.01,2,0.2,0.2,100,100,1
"n60_ad6_c3",60,6,0.3,0.01,2,0.2,0.4,100,100,1
"n60_ad6_c3",60,6,0.3,0.01,2,0.2,0.6,100,100,1
"n60_ad6_c3",60,6,0.3,0.01,2,0.2,0.8,100,97,0.97
"n60_ad6_c3",60,6,0.3,0.01,2,0.2,1,100,41,0.41
"n60_ad6_c3",60,6,0.3,0.01,2,0.4,0.2,100,100,1
"n60_ad6_c3",60,6,0.3,0.01,2,0.4,0.4,100,100,1
"n60_ad6_c3",60,6,0.3,0.01,2,0.4,0.6,100,99,0.99
"n60_ad6_c3",60,6,0.3,0.01,2,0.4,0.8,100,93,0.93
"n60_ad6_c3",60,6,0.3,0.01,2,0.4,1,100,33,0.33
"n60_ad6_c3",60,6,0.3,0.01,2,0.6,0.2,100,100,1
"n60_ad6_c3",60,6,0.3,0.01,2,0.6,0.4,100,100,1
"n60_ad6_c3",60,6,0.3,0.01,2,0.6,0.6,100,99,0.99
"n60_ad6_c3",60,6,0.3,0.01,2,0.6,0.8,100,93,0.93
"n60_ad6_c3",60,6,0.3,0.01,2,0.6,1,100,18,0.18
"n60_ad6_c3",60,6,0.3,0.01,2,0.8,0.2,100,100,1
"n60_ad6_c3",60,6,0.3,0.01,2,0.8,0.4,100,100,1
"n60_ad6_c3",60,6,0.3,0.01,2,0.8,0.6,100,100,1
"n60_ad6_c3",60,6,0.3,0.01,2,0.8,0.8,100,91,0.91
"n60_ad6_c3",60,6,0.3,0.01,2,0.8,1,100,9,0.09
"n60_ad6_c3",60,6,0.3,0.01,2,1,0.2,100,100,1
"n60_ad6_c3",60,6,0.3,0.01,2,1,0.4,100,100,1
"n60_ad6_c3",60,6,0.3,0.01,2,1,0.6,100,100,1
"n60_ad6_c3",60,6,0.3,0.01,2,1,0.8,100,86,0.86
"n60_ad6_c3",60,6,0.3,0.01,2,1,1,100,0,0
"n60_ad6_c3",60,6,0.3,0.01,4,0.2,0.2,100,100,1
"n60_ad6_c3",60,6,0.3,0.01,4,0.2,0.4,100,100,1
"n60_ad6_c3",60,6,0.3,0.01,4,0.2,0.6,100,100,1
"n60_ad6_c3",60,6,0.3,0.01,4,0.2,0.8,100,97,0.97
"n60_ad6_c3",60,6,0.3,0.01,4,0.2,1,100,55,0.55
"n60_ad6_c3",60,6,0.3,0.01,4,0.4,0.2,100,100,1
"n60_ad6_c3",60,6,0.3,0.01,4,0.4,0.4,100,100,1
"n60_ad6_c3",60,6,0.3,0.01,4,0.4,0.6,100,100,1
"n60_ad6_c3",60,6,0.3,0.01,4,0.4,0.8,100,93,0.93
"n60_ad6_c3",60,6,0.3,0.01,4,0.4,1,100,42,0.42
"n60_ad6_c3",60,6,0.3,0.01,4,0.6,0.2,100,100,1
"n60_ad6_c3",60,6,0.3,0.01,4,0.6,0.4,100,100,1
"n60_ad6_c3",60,6,0.3,0.01,4,0.6,0.6,100,100,1
"n60_ad6_c3",60,6,0.3,0.01,4,0.6,0.8,100,94,0.94
"n60_ad6_c3",60,6,0.3,0.01,4,0.6,1,100,32,0.32
"n60_ad6_c3",60,6,0.3,0.01,4,0.8,0.2,100,100,1
"n60_ad6_c3",60,6,0.3,0.01,4,0.8,0.4,100,100,1
"n60_ad6_c3",60,6,0.3,0.01,4,0.8,0.6,100,100,1
"n60_ad6_c3",60,6,0.3,0.01,4,0.8,0.8,100,88,0.88
"n60_ad6_c3",60,6,0.3,0.01,4,0.8,1,100,24,0.24
"n60_ad6_c3",60,6,0.3,0.01,4,1,0.2,100,100,1
"n60_ad6_c3",60,6,0.3,0.01,4,1,0.4,100,100,1
"n60_ad6_c3",60,6,0.3,0.01,4,1,0.6,100,100,1
"n60_ad6_c3",60,6,0.3,0.01,4,1,0.8,100,92,0.92
"n60_ad6_c3",60,6,0.3,0.01,4,1,1,100,0,0
"n60_ad6_c3",60,6,0.3,0.01,8,0.2,0.2,100,100,1
"n60_ad6_c3",60,6,0.3,0.01,8,0.2,0.4,100,100,1
"n60_ad6_c3",60,6,0.3,0.01,8,0.2,0.6,100,99,0.99
"n60_ad6_c3",60,6,0.3,0.01,8,0.2,0.8,100,96,0.96
"n60_ad6_c3",60,6,0.3,0.01,8,0.2,1,100,57,0.57
"n60_ad6_c3",60,6,0.3,0.01,8,0.4,0.2,100,100,1
"n60_ad6_c3",60,6,0.3,0.01,8,0.4,0.4,100,100,1
"n60_ad6_c3",60,6,0.3,0.01,8,0.4,0.6,100,100,1
"n60_ad6_c3",60,6,0.3,0.01,8,0.4,0.8,100,96,0.96
"n60_ad6_c3",60,6,0.3,0.01,8,0.4,1,100,42,0.42
"n60_ad6_c3",60,6,0.3,0.01,8,0.6,0.2,100,100,1
"n60_ad6_c3",60,6,0.3,0.01,8,0.6,0.4,100,100,1
"n60_ad6_c3",60,6,0.3,0.01,8,0.6,0.6,100,100,1
"n60_ad6_c3",60,6,0.3,0.01,8,0.6,0.8,100,93,0.93
"n60_ad6_c3",60,6,0.3,0.01,8,0.6,1,100,35,0.35
"n60_ad6_c3",60,6,0.3,0.01,8,0.8,0.2,100,100,1
"n60_ad6_c3",60,6,0.3,0.01,8,0.8,0.4,100,100,1
"n60_ad6_c3",60,6,0.3,0.01,8,0.8,0.6,100,99,0.99
"n60_ad6_c3",60,6,0.3,0.01,8,0.8,0.8,100,92,0.92
"n60_ad6_c3",60,6,0.3,0.01,8,0.8,1,100,22,0.22
"n60_ad6_c3",60,6,0.3,0.01,8,1,0.2,100,100,1
"n60_ad6_c3",60,6,0.3,0.01,8,1,0.4,100,100,1
"n60_ad6_c3",60,6,0.3,0.01,8,1,0.6,100,99,0.99
"n60_ad6_c3",60,6,0.3,0.01,8,1,0.8,100,87,0.87
"n60_ad6_c3",60,6,0.3,0.01,8,1,1,100,0,0
"n60_ad6_c3",60,6,0.3,0.05,0,0.2,0.2,100,100,1
"n60_ad6_c3",60,6,0.3,0.05,0,0.2,0.4,100,100,1
"n60_ad6_c3",60,6,0.3,0.05,0,0.2,0.6,100,100,1
"n60_ad6_c3",60,6,0.3,0.05,0,0.2,0.8,100,97,0.97
"n60_ad6_c3",60,6,0.3,0.05,0,0.2,1,100,90,0.9
"n60_ad6_c3",60,6,0.3,0.05,0,0.4,0.2,100,100,1
"n60_ad6_c3",60,6,0.3,0.05,0,0.4,0.4,100,100,1
"n60_ad6_c3",60,6,0.3,0.05,0,0.4,0.6,100,100,1
"n60_ad6_c3",60,6,0.3,0.05,0,0.4,0.8,100,97,0.97
"n60_ad6_c3",60,6,0.3,0.05,0,0.4,1,100,63,0.63
"n60_ad6_c3",60,6,0.3,0.05,0,0.6,0.2,100,100,1
"n60_ad6_c3",60,6,0.3,0.05,0,0.6,0.4,100,100,1
"n60_ad6_c3",60,6,0.3,0.05,0,0.6,0.6,100,100,1
"n60_ad6_c3",60,6,0.3,0.05,0,0.6,0.8,100,96,0.96
"n60_ad6_c3",60,6,0.3,0.05,0,0.6,1,100,41,0.41
"n60_ad6_c3",60,6,0.3,0.05,0,0.8,0.2,100,100,1
"n60_ad6_c3",60,6,0.3,0.05,0,0.8,0.4,100,100,1
"n60_ad6_c3",60,6,0.3,0.05,0,0.8,0.6,100,100,1
"n60_ad6_c3",60,6,0.3,0.05,0,0.8,0.8,100,93,0.93
"n60_ad6_c3",60,6,0.3,0.05,0,0.8,1,100,19,0.19
"n60_ad6_c3",60,6,0.3,0.05,0,1,0.2,100,100,1
"n60_ad6_c3",60,6,0.3,0.05,0,1,0.4,100,100,1
"n60_ad6_c3",60,6,0.3,0.05,0,1,0.6,100,100,1
"n60_ad6_c3",60,6,0.3,0.05,0,1,0.8,100,89,0.89
"n60_ad6_c3",60,6,0.3,0.05,0,1,1,100,0,0
"n60_ad6_c3",60,6,0.3,0.05,1,0.2,0.2,100,100,1
"n60_ad6_c3",60,6,0.3,0.05,1,0.2,0.4,100,100,1
"n60_ad6_c3",60,6,0.3,0.05,1,0.2,0.6,100,100,1
"n60_ad6_c3",60,6,0.3,0.05,1,0.2,0.8,100,98,0.98
"n60_ad6_c3",60,6,0.3,0.05,1,0.2,1,100,82,0.82
"n60_ad6_c3",60,6,0.3,0.05,1,0.4,0.2,100,100,1
"n60_ad6_c3",60,6,0.3,0.05,1,0.4,0.4,100,100,1
"n60_ad6_c3",60,6,0.3,0.05,1,0.4,0.6,100,100,1
"n60_ad6_c3",60,6,0.3,0.05,1,0.4,0.8,100,91,0.91
"n60_ad6_c3",60,6,0.3,0.05,1,0.4,1,100,56,0.56
"n60_ad6_c3",60,6,0.3,0.05,1,0.6,0.2,100,100,1
"n60_ad6_c3",60,6,0.3,0.05,1,0.6,0.4,100,100,1
"n60_ad6_c3",60,6,0.3,0.05,1,0.6,0.6,100,99,0.99
"n60_ad6_c3",60,6,0.3,0.05,1,0.6,0.8,100,92,0.92
"n60_ad6_c3",60,6,0.3,0.05,1,0.6,1,100,35,0.35
"n60_ad6_c3",60,6,0.3,0.05,1,0.8,0.2,100,100,1
"n60_ad6_c3",60,6,0.3,0.05,1,0.8,0.4,100,100,1
"n60_ad6_c3",60,6,0.3,0.05,1,0.8,0.6,100,99,0.99
"n60_ad6_c3",60,6,0.3,0.05,1,0.8,0.8,100,86,0.86
"n60_ad6_c3",60,6,0.3,0.05,1,0.8,1,100,20,0.2
"n60_ad6_c3",60,6,0.3,0.05,1,1,0.2,100,100,1
"n60_ad6_c3",60,6,0.3,0.05,1,1,0.4,100,100,1
"n60_ad6_c3",60,6,0.3,0.05,1,1,0.6,100,100,1
"n60_ad6_c3",60,6,0.3,0.05,1,1,0.8,100,89,0.89
"n60_ad6_c3",60,6,0.3,0.05,1,1,1,100,0,0
"n60_ad6_c3",60,6,0.3,0.05,2,0.2,0.2,100,100,1
"n60_ad6_c3",60,6,0.3,0.05,2,0.2,0.4,100,100,1
"n60_ad6_c3",60,6,0.3,0.05,2,0.2,0.6,100,100,1
"n60_ad6_c3",60,6,0.3,0.05,2,0.2,0.8,100,98,0.98
"n60_ad6_c3",60,6,0.3,0.05,2,0.2,1,100,79,0.79
"n60_ad6_c3",60,6,0.3,0.05,2,0.4,0.2,100,100,1
"n60_ad6_c3",60,6,0.3,0.05,2,0.4,0.4,100,100,1
"n60_ad6_c3",60,6,0.3,0.05,2,0.4,0.6,100,100,1
"n60_ad6_c3",60,6,0.3,0.05,2,0.4,0.8,100,93,0.93
"n60_ad6_c3",60,6,0.3,0.05,2,0.4,1,100,61,0.61
"n60_ad6_c3",60,6,0.3,0.05,2,0.6,0.2,100,100,1
"n60_ad6_c3",60,6,0.3,0.05,2,0.6,0.4,100,100,1
"n60_ad6_c3",60,6,0.3,0.05,2,0.6,0.6,100,99,0.99
"n60_ad6_c3",60,6,0.3,0.05,2,0.6,0.8,100,90,0.9
"n60_ad6_c3",60,6,0.3,0.05,2,0.6,1,100,56,0.56
"n60_ad6_c3",60,6,0.3,0.05,2,0.8,0.2,100,100,1
"n60_ad6_c3",60,6,0.3,0.05,2,0.8,0.4,100,100,1
"n60_ad6_c3",60,6,0.3,0.05,2,0.8,0.6,100,98,0.98
"n60_ad6_c3",60,6,0.3,0.05,2,0.8,0.8,100,91,0.91
"n60_ad6_c3",60,6,0.3,0.05,2,0.8,1,100,20,0.2
"n60_ad6_c3",60,6,0.3,0.05,2,1,0.2,100,100,1
"n60_ad6_c3",60,6,0.3,0.05,2,1,0.4,100,100,1
"n60_ad6_c3",60,6,0.3,0.05,2,1,0.6,100,99,0.99
"n60_ad6_c3",60,6,0.3,0.05,2,1,0.8,100,87,0.87
"n60_ad6_c3",60,6,0.3,0.05,2,1,1,100,0,0
"n60_ad6_c3",60,6,0.3,0.05,4,0.2,0.2,100,100,1
"n60_ad6_c3",60,6,0.3,0.05,4,0.2,0.4,100,100,1
"n60_ad6_c3",60,6,0.3,0.05,4,0.2,0.6,100,100,1
"n60_ad6_c3",60,6,0.3,0.05,4,0.2,0.8,100,99,0.99
"n60_ad6_c3",60,6,0.3,0.05,4,0.2,1,100,83,0.83
"n60_ad6_c3",60,6,0.3,0.05,4,0.4,0.2,100,100,1
"n60_ad6_c3",60,6,0.3,0.05,4,0.4,0.4,100,100,1
"n60_ad6_c3",60,6,0.3,0.05,4,0.4,0.6,100,100,1
"n60_ad6_c3",60,6,0.3,0.05,4,0.4,0.8,100,98,0.98
"n60_ad6_c3",60,6,0.3,0.05,4,0.4,1,100,75,0.75
"n60_ad6_c3",60,6,0.3,0.05,4,0.6,0.2,100,100,1
"n60_ad6_c3",60,6,0.3,0.05,4,0.6,0.4,100,100,1
"n60_ad6_c3",60,6,0.3,0.05,4,0.6,0.6,100,99,0.99
"n60_ad6_c3",60,6,0.3,0.05,4,0.6,0.8,100,98,0.98
"n60_ad6_c3",60,6,0.3,0.05,4,0.6,1,100,62,0.62
"n60_ad6_c3",60,6,0.3,0.05,4,0.8,0.2,100,100,1
"n60_ad6_c3",60,6,0.3,0.05,4,0.8,0.4,100,100,1
"n60_ad6_c3",60,6,0.3,0.05,4,0.8,0.6,100,100,1
"n60_ad6_c3",60,6,0.3,0.05,4,0.8,0.8,100,91,0.91
"n60_ad6_c3",60,6,0.3,0.05,4,0.8,1,100,38,0.38
"n60_ad6_c3",60,6,0.3,0.05,4,1,0.2,100,100,1
"n60_ad6_c3",60,6,0.3,0.05,4,1,0.4,100,100,1
"n60_ad6_c3",60,6,0.3,0.05,4,1,0.6,100,97,0.97
"n60_ad6_c3",60,6,0.3,0.05,4,1,0.8,100,81,0.81
"n60_ad6_c3",60,6,0.3,0.05,4,1,1,100,0,0
"n60_ad6_c3",60,6,0.3,0.05,8,0.2,0.2,100,100,1
"n60_ad6_c3",60,6,0.3,0.05,8,0.2,0.4,100,100,1
"n60_ad6_c3",60,6,0.3,0.05,8,0.2,0.6,100,100,1
"n60_ad6_c3",60,6,0.3,0.05,8,0.2,0.8,100,99,0.99
"n60_ad6_c3",60,6,0.3,0.05,8,0.2,1,100,84,0.84
"n60_ad6_c3",60,6,0.3,0.05,8,0.4,0.2,100,100,1
"n60_ad6_c3",60,6,0.3,0.05,8,0.4,0.4,100,100,1
"n60_ad6_c3",60,6,0.3,0.05,8,0.4,0.6,100,100,1
"n60_ad6_c3",60,6,0.3,0.05,8,0.4,0.8,100,97,0.97
"n60_ad6_c3",60,6,0.3,0.05,8,0.4,1,100,80,0.8
"n60_ad6_c3",60,6,0.3,0.05,8,0.6,0.2,100,100,1
"n60_ad6_c3",60,6,0.3,0.05,8,0.6,0.4,100,100,1
"n60_ad6_c3",60,6,0.3,0.05,8,0.6,0.6,100,100,1
"n60_ad6_c3",60,6,0.3,0.05,8,0.6,0.8,100,92,0.92
"n60_ad6_c3",60,6,0.3,0.05,8,0.6,1,100,62,0.62
"n60_ad6_c3",60,6,0.3,0.05,8,0.8,0.2,100,100,1
"n60_ad6_c3",60,6,0.3,0.05,8,0.8,0.4,100,100,1
"n60_ad6_c3",60,6,0.3,0.05,8,0.8,0.6,100,100,1
"n60_ad6_c3",60,6,0.3,0.05,8,0.8,0.8,100,94,0.94
"n60_ad6_c3",60,6,0.3,0.05,8,0.8,1,100,39,0.39
"n60_ad6_c3",60,6,0.3,0.05,8,1,0.2,100,100,1
"n60_ad6_c3",60,6,0.3,0.05,8,1,0.4,100,100,1
"n60_ad6_c3",60,6,0.3,0.05,8,1,0.6,100,97,0.97
"n60_ad6_c3",60,6,0.3,0.05,8,1,0.8,100,86,0.86
"n60_ad6_c3",60,6,0.3,0.05,8,1,1,100,0,0
"n60_ad6_c3",60,6,0.3,0.1,0,0.2,0.2,100,100,1
"n60_ad6_c3",60,6,0.3,0.1,0,0.2,0.4,100,100,1
"n60_ad6_c3",60,6,0.3,0.1,0,0.2,0.6,100,100,1
"n60_ad6_c3",60,6,0.3,0.1,0,0.2,0.8,100,100,1
"n60_ad6_c3",60,6,0.3,0.1,0,0.2,1,100,99,0.99
"n60_ad6_c3",60,6,0.3,0.1,0,0.4,0.2,100,100,1
"n60_ad6_c3",60,6,0.3,0.1,0,0.4,0.4,100,100,1
"n60_ad6_c3",60,6,0.3,0.1,0,0.4,0.6,100,100,1
"n60_ad6_c3",60,6,0.3,0.1,0,0.4,0.8,100,99,0.99
"n60_ad6_c3",60,6,0.3,0.1,0,0.4,1,100,85,0.85
"n60_ad6_c3",60,6,0.3,0.1,0,0.6,0.2,100,100,1
"n60_ad6_c3",60,6,0.3,0.1,0,0.6,0.4,100,100,1
"n60_ad6_c3",60,6,0.3,0.1,0,0.6,0.6,100,100,1
"n60_ad6_c3",60,6,0.3,0.1,0,0.6,0.8,100,97,0.97
"n60_ad6_c3",60,6,0.3,0.1,0,0.6,1,100,65,0.65
"n60_ad6_c3",60,6,0.3,0.1,0,0.8,0.2,100,100,1
"n60_ad6_c3",60,6,0.3,0.1,0,0.8,0.4,100,100,1
"n60_ad6_c3",60,6,0.3,0.1,0,0.8,0.6,100,100,1
"n60_ad6_c3",60,6,0.3,0.1,0,0.8,0.8,100,89,0.89
"n60_ad6_c3",60,6,0.3,0.1,0,0.8,1,100,39,0.39
"n60_ad6_c3",60,6,0.3,0.1,0,1,0.2,100,100,1
"n60_ad6_c3",60,6,0.3,0.1,0,1,0.4,100,100,1
"n60_ad6_c3",60,6,0.3,0.1,0,1,0.6,100,100,1
"n60_ad6_c3",60,6,0.3,0.1,0,1,0.8,100,93,0.93
"n60_ad6_c3",60,6,0.3,0.1,0,1,1,100,0,0
"n60_ad6_c3",60,6,0.3,0.1,1,0.2,0.2,100,100,1
"n60_ad6_c3",60,6,0.3,0.1,1,0.2,0.4,100,100,1
"n60_ad6_c3",60,6,0.3,0.1,1,0.2,0.6,100,100,1
"n60_ad6_c3",60,6,0.3,0.1,1,0.2,0.8,100,99,0.99
"n60_ad6_c3",60,6,0.3,0.1,1,0.2,1,100,97,0.97
"n60_ad6_c3",60,6,0.3,0.1,1,0.4,0.2,100,100,1
"n60_ad6_c3",60,6,0.3,0.1,1,0.4,0.4,100,100,1
"n60_ad6_c3",60,6,0.3,0.1,1,0.4,0.6,100,100,1
"n60_ad6_c3",60,6,0.3,0.1,1,0.4,0.8,100,100,1
"n60_ad6_c3",60,6,0.3,0.1,1,0.4,1,100,88,0.88
"n60_ad6_c3",60,6,0.3,0.1,1,0.6,0.2,100,100,1
"n60_ad6_c3",60,6,0.3,0.1,1,0.6,0.4,100,100,1
"n60_ad6_c3",60,6,0.3,0.1,1,0.6,0.6,100,100,1
"n60_ad6_c3",60,6,0.3,0.1,1,0.6,0.8,100,93,0.93
"n60_ad6_c3",60,6,0.3,0.1,1,0.6,1,100,61,0.61
"n60_ad6_c3",60,6,0.3,0.1,1,0.8,0.2,100,100,1
"n60_ad6_c3",60,6,0.3,0.1,1,0.8,0.4,100,100,1
"n60_ad6_c3",60,6,0.3,0.1,1,0.8,0.6,100,100,1
"n60_ad6_c3",60,6,0.3,0.1,1,0.8,0.8,100,91,0.91
"n60_ad6_c3",60,6,0.3,0.1,1,0.8,1,100,35,0.35
"n60_ad6_c3",60,6,0.3,0.1,1,1,0.2,100,100,1
"n60_ad6_c3",60,6,0.3,0.1,1,1,0.4,100,100,1
"n60_ad6_c3",60,6,0.3,0.1,1,1,0.6,100,98,0.98
"n60_ad6_c3",60,6,0.3,0.1,1,1,0.8,100,83,0.83
"n60_ad6_c3",60,6,0.3,0.1,1,1,1,100,0,0
"n60_ad6_c3",60,6,0.3,0.1,2,0.2,0.2,100,100,1
"n60_ad6_c3",60,6,0.3,0.1,2,0.2,0.4,100,100,1
"n60_ad6_c3",60,6,0.3,0.1,2,0.2,0.6,100,100,1
"n60_ad6_c3",60,6,0.3,0.1,2,0.2,0.8,100,100,1
"n60_ad6_c3",60,6,0.3,0.1,2,0.2,1,100,97,0.97
"n60_ad6_c3",60,6,0.3,0.1,2,0.4,0.2,100,100,1
"n60_ad6_c3",60,6,0.3,0.1,2,0.4,0.4,100,100,1
"n60_ad6_c3",60,6,0.3,0.1,2,0.4,0.6,100,100,1
"n60_ad6_c3",60,6,0.3,0.1,2,0.4,0.8,100,98,0.98
"n60_ad6_c3",60,6,0.3,0.1,2,0.4,1,100,80,0.8
"n60_ad6_c3",60,6,0.3,0.1,2,0.6,0.2,100,100,1
"n60_ad6_c3",60,6,0.3,0.1,2,0.6,0.4,100,100,1
"n60_ad6_c3",60,6,0.3,0.1,2,0.6,0.6,100,99,0.99
"n60_ad6_c3",60,6,0.3,0.1,2,0.6,0.8,100,95,0.95
"n60_ad6_c3",60,6,0.3,0.1,2,0.6,1,100,74,0.74
"n60_ad6_c3",60,6,0.3,0.1,2,0.8,0.2,100,100,1
"n60_ad6_c3",60,6,0.3,0.1,2,0.8,0.4,100,100,1
"n60_ad6_c3",60,6,0.3,0.1,2,0.8,0.6,100,99,0.99
"n60_ad6_c3",60,6,0.3,0.1,2,0.8,0.8,100,92,0.92
"n60_ad6_c3",60,6,0.3,0.1,2,0.8,1,100,49,0.49
"n60_ad6_c3",60,6,0.3,0.1,2,1,0.2,100,100,1
"n60_ad6_c3",60,6,0.3,0.1,2,1,0.4,100,100,1
"n60_ad6_c3",60,6,0.3,0.1,2,1,0.6,100,97,0.97
"n60_ad6_c3",60,6,0.3,0.1,2,1,0.8,100,76,0.76
"n60_ad6_c3",60,6,0.3,0.1,2,1,1,100,0,0
"n60_ad6_c3",60,6,0.3,0.1,4,0.2,0.2,100,100,1
"n60_ad6_c3",60,6,0.3,0.1,4,0.2,0.4,100,100,1
"n60_ad6_c3",60,6,0.3,0.1,4,0.2,0.6,100,100,1
"n60_ad6_c3",60,6,0.3,0.1,4,0.2,0.8,100,100,1
"n60_ad6_c3",60,6,0.3,0.1,4,0.2,1,100,96,0.96
"n60_ad6_c3",60,6,0.3,0.1,4,0.4,0.2,100,100,1
"n60_ad6_c3",60,6,0.3,0.1,4,0.4,0.4,100,100,1
"n60_ad6_c3",60,6,0.3,0.1,4,0.4,0.6,100,100,1
"n60_ad6_c3",60,6,0.3,0.1,4,0.4,0.8,100,98,0.98
"n60_ad6_c3",60,6,0.3,0.1,4,0.4,1,100,88,0.88
"n60_ad6_c3",60,6,0.3,0.1,4,0.6,0.2,100,100,1
"n60_ad6_c3",60,6,0.3,0.1,4,0.6,0.4,100,100,1
"n60_ad6_c3",60,6,0.3,0.1,4,0.6,0.6,100,100,1
"n60_ad6_c3",60,6,0.3,0.1,4,0.6,0.8,100,94,0.94
"n60_ad6_c3",60,6,0.3,0.1,4,0.6,1,100,82,0.82
"n60_ad6_c3",60,6,0.3,0.1,4,0.8,0.2,100,100,1
"n60_ad6_c3",60,6,0.3,0.1,4,0.8,0.4,100,100,1
"n60_ad6_c3",60,6,0.3,0.1,4,0.8,0.6,100,99,0.99
"n60_ad6_c3",60,6,0.3,0.1,4,0.8,0.8,100,90,0.9
"n60_ad6_c3",60,6,0.3,0.1,4,0.8,1,100,56,0.56
"n60_ad6_c3",60,6,0.3,0.1,4,1,0.2,100,100,1
"n60_ad6_c3",60,6,0.3,0.1,4,1,0.4,100,100,1
"n60_ad6_c3",60,6,0.3,0.1,4,1,0.6,100,95,0.95
"n60_ad6_c3",60,6,0.3,0.1,4,1,0.8,100,71,0.71
"n60_ad6_c3",60,6,0.3,0.1,4,1,1,100,0,0
"n60_ad6_c3",60,6,0.3,0.1,8,0.2,0.2,100,100,1
"n60_ad6_c3",60,6,0.3,0.1,8,0.2,0.4,100,100,1
"n60_ad6_c3",60,6,0.3,0.1,8,0.2,0.6,100,100,1
"n60_ad6_c3",60,6,0.3,0.1,8,0.2,0.8,100,100,1
"n60_ad6_c3",60,6,0.3,0.1,8,0.2,1,100,95,0.95
"n60_ad6_c3",60,6,0.3,0.1,8,0.4,0.2,100,100,1
"n60_ad6_c3",60,6,0.3,0.1,8,0.4,0.4,100,100,1
"n60_ad6_c3",60,6,0.3,0.1,8,0.4,0.6,100,100,1
"n60_ad6_c3",60,6,0.3,0.1,8,0.4,0.8,100,100,1
"n60_ad6_c3",60,6,0.3,0.1,8,0.4,1,100,95,0.95
"n60_ad6_c3",60,6,0.3,0.1,8,0.6,0.2,100,100,1
"n60_ad6_c3",60,6,0.3,0.1,8,0.6,0.4,100,100,1
"n60_ad6_c3",60,6,0.3,0.1,8,0.6,0.6,100,99,0.99
"n60_ad6_c3",60,6,0.3,0.1,8,0.6,0.8,100,98,0.98
"n60_ad6_c3",60,6,0.3,0.1,8,0.6,1,100,86,0.86
"n60_ad6_c3",60,6,0.3,0.1,8,0.8,0.2,100,99,0.99
"n60_ad6_c3",60,6,0.3,0.1,8,0.8,0.4,100,100,1
"n60_ad6_c3",60,6,0.3,0.1,8,0.8,0.6,100,99,0.99
"n60_ad6_c3",60,6,0.3,0.1,8,0.8,0.8,100,92,0.92
"n60_ad6_c3",60,6,0.3,0.1,8,0.8,1,100,53,0.53
"n60_ad6_c3",60,6,0.3,0.1,8,1,0.2,100,100,1
"n60_ad6_c3",60,6,0.3,0.1,8,1,0.4,100,99,0.99
"n60_ad6_c3",60,6,0.3,0.1,8,1,0.6,100,95,0.95
"n60_ad6_c3",60,6,0.3,0.1,8,1,0.8,100,73,0.73
"n60_ad6_c3",60,6,0.3,0.1,8,1,1,100,0,0
"n60_ad6_c5",60,6,0.5,0.01,0,0.2,0.2,100,100,1
"n60_ad6_c5",60,6,0.5,0.01,0,0.2,0.4,100,100,1
"n60_ad6_c5",60,6,0.5,0.01,0,0.2,0.6,100,100,1
"n60_ad6_c5",60,6,0.5,0.01,0,0.2,0.8,100,96,0.96
"n60_ad6_c5",60,6,0.5,0.01,0,0.2,1,100,53,0.53
"n60_ad6_c5",60,6,0.5,0.01,0,0.4,0.2,100,100,1
"n60_ad6_c5",60,6,0.5,0.01,0,0.4,0.4,100,100,1
"n60_ad6_c5",60,6,0.5,0.01,0,0.4,0.6,100,100,1
"n60_ad6_c5",60,6,0.5,0.01,0,0.4,0.8,100,96,0.96
"n60_ad6_c5",60,6,0.5,0.01,0,0.4,1,100,24,0.24
"n60_ad6_c5",60,6,0.5,0.01,0,0.6,0.2,100,100,1
"n60_ad6_c5",60,6,0.5,0.01,0,0.6,0.4,100,100,1
"n60_ad6_c5",60,6,0.5,0.01,0,0.6,0.6,100,100,1
"n60_ad6_c5",60,6,0.5,0.01,0,0.6,0.8,100,98,0.98
"n60_ad6_c5",60,6,0.5,0.01,0,0.6,1,100,19,0.19
"n60_ad6_c5",60,6,0.5,0.01,0,0.8,0.2,100,100,1
"n60_ad6_c5",60,6,0.5,0.01,0,0.8,0.4,100,100,1
"n60_ad6_c5",60,6,0.5,0.01,0,0.8,0.6,100,100,1
"n60_ad6_c5",60,6,0.5,0.01,0,0.8,0.8,100,91,0.91
"n60_ad6_c5",60,6,0.5,0.01,0,0.8,1,100,10,0.1
"n60_ad6_c5",60,6,0.5,0.01,0,1,0.2,100,100,1
"n60_ad6_c5",60,6,0.5,0.01,0,1,0.4,100,100,1
"n60_ad6_c5",60,6,0.5,0.01,0,1,0.6,100,99,0.99
"n60_ad6_c5",60,6,0.5,0.01,0,1,0.8,100,95,0.95
"n60_ad6_c5",60,6,0.5,0.01,0,1,1,100,0,0
"n60_ad6_c5",60,6,0.5,0.01,1,0.2,0.2,100,100,1
"n60_ad6_c5",60,6,0.5,0.01,1,0.2,0.4,100,100,1
"n60_ad6_c5",60,6,0.5,0.01,1,0.2,0.6,100,100,1
"n60_ad6_c5",60,6,0.5,0.01,1,0.2,0.8,100,98,0.98
"n60_ad6_c5",60,6,0.5,0.01,1,0.2,1,100,55,0.55
"n60_ad6_c5",60,6,0.5,0.01,1,0.4,0.2,100,100,1
"n60_ad6_c5",60,6,0.5,0.01,1,0.4,0.4,100,100,1
"n60_ad6_c5",60,6,0.5,0.01,1,0.4,0.6,100,100,1
"n60_ad6_c5",60,6,0.5,0.01,1,0.4,0.8,100,99,0.99
"n60_ad6_c5",60,6,0.5,0.01,1,0.4,1,100,32,0.32
"n60_ad6_c5",60,6,0.5,0.01,1,0.6,0.2,100,100,1
"n60_ad6_c5",60,6,0.5,0.01,1,0.6,0.4,100,100,1
"n60_ad6_c5",60,6,0.5,0.01,1,0.6,0.6,100,100,1
"n60_ad6_c5",60,6,0.5,0.01,1,0.6,0.8,100,94,0.94
"n60_ad6_c5",60,6,0.5,0.01,1,0.6,1,100,22,0.22
"n60_ad6_c5",60,6,0.5,0.01,1,0.8,0.2,100,100,1
"n60_ad6_c5",60,6,0.5,0.01,1,0.8,0.4,100,100,1
"n60_ad6_c5",60,6,0.5,0.01,1,0.8,0.6,100,99,0.99
"n60_ad6_c5",60,6,0.5,0.01,1,0.8,0.8,100,88,0.88
"n60_ad6_c5",60,6,0.5,0.01,1,0.8,1,100,17,0.17
"n60_ad6_c5",60,6,0.5,0.01,1,1,0.2,100,100,1
"n60_ad6_c5",60,6,0.5,0.01,1,1,0.4,100,100,1
"n60_ad6_c5",60,6,0.5,0.01,1,1,0.6,100,100,1
"n60_ad6_c5",60,6,0.5,0.01,1,1,0.8,100,89,0.89
"n60_ad6_c5",60,6,0.5,0.01,1,1,1,100,0,0
"n60_ad6_c5",60,6,0.5,0.01,2,0.2,0.2,100,100,1
"n60_ad6_c5",60,6,0.5,0.01,2,0.2,0.4,100,100,1
"n60_ad6_c5",60,6,0.5,0.01,2,0.2,0.6,100,100,1
"n60_ad6_c5",60,6,0.5,0.01,2,0.2,0.8,100,94,0.94
"n60_ad6_c5",60,6,0.5,0.01,2,0.2,1,100,56,0.56
"n60_ad6_c5",60,6,0.5,0.01,2,0.4,0.2,100,100,1
"n60_ad6_c5",60,6,0.5,0.01,2,0.4,0.4,100,100,1
"n60_ad6_c5",60,6,0.5,0.01,2,0.4,0.6,100,100,1
"n60_ad6_c5",60,6,0.5,0.01,2,0.4,0.8,100,97,0.97
"n60_ad6_c5",60,6,0.5,0.01,2,0.4,1,100,47,0.47
"n60_ad6_c5",60,6,0.5,0.01,2,0.6,0.2,100,100,1
"n60_ad6_c5",60,6,0.5,0.01,2,0.6,0.4,100,100,1
"n60_ad6_c5",60,6,0.5,0.01,2,0.6,0.6,100,100,1
"n60_ad6_c5",60,6,0.5,0.01,2,0.6,0.8,100,98,0.98
"n60_ad6_c5",60,6,0.5,0.01,2,0.6,1,100,39,0.39
"n60_ad6_c5",60,6,0.5,0.01,2,0.8,0.2,100,100,1
"n60_ad6_c5",60,6,0.5,0.01,2,0.8,0.4,100,100,1
"n60_ad6_c5",60,6,0.5,0.01,2,0.8,0.6,100,100,1
"n60_ad6_c5",60,6,0.5,0.01,2,0.8,0.8,100,96,0.96
"n60_ad6_c5",60,6,0.5,0.01,2,0.8,1,100,16,0.16
"n60_ad6_c5",60,6,0.5,0.01,2,1,0.2,100,100,1
"n60_ad6_c5",60,6,0.5,0.01,2,1,0.4,100,100,1
"n60_ad6_c5",60,6,0.5,0.01,2,1,0.6,100,99,0.99
"n60_ad6_c5",60,6,0.5,0.01,2,1,0.8,100,90,0.9
"n60_ad6_c5",60,6,0.5,0.01,2,1,1,100,0,0
"n60_ad6_c5",60,6,0.5,0.01,4,0.2,0.2,100,100,1
"n60_ad6_c5",60,6,0.5,0.01,4,0.2,0.4,100,100,1
"n60_ad6_c5",60,6,0.5,0.01,4,0.2,0.6,100,100,1
"n60_ad6_c5",60,6,0.5,0.01,4,0.2,0.8,100,97,0.97
"n60_ad6_c5",60,6,0.5,0.01,4,0.2,1,100,71,0.71
"n60_ad6_c5",60,6,0.5,0.01,4,0.4,0.2,100,100,1
"n60_ad6_c5",60,6,0.5,0.01,4,0.4,0.4,100,100,1
"n60_ad6_c5",60,6,0.5,0.01,4,0.4,0.6,100,99,0.99
"n60_ad6_c5",60,6,0.5,0.01,4,0.4,0.8,100,97,0.97
"n60_ad6_c5",60,6,0.5,0.01,4,0.4,1,100,66,0.66
"n60_ad6_c5",60,6,0.5,0.01,4,0.6,0.2,100,100,1
"n60_ad6_c5",60,6,0.5,0.01,4,0.6,0.4,100,100,1
"n60_ad6_c5",60,6,0.5,0.01,4,0.6,0.6,100,100,1
"n60_ad6_c5",60,6,0.5,0.01,4,0.6,0.8,100,99,0.99
"n60_ad6_c5",60,6,0.5,0.01,4,0.6,1,100,53,0.53
"n60_ad6_c5",60,6,0.5,0.01,4,0.8,0.2,100,100,1
"n60_ad6_c5",60,6,0.5,0.01,4,0.8,0.4,100,100,1
"n60_ad6_c5",60,6,0.5,0.01,4,0.8,0.6,100,99,0.99
"n60_ad6_c5",60,6,0.5,0.01,4,0.8,0.8,100,93,0.93
"n60_ad6_c5",60,6,0.5,0.01,4,0.8,1,100,33,0.33
"n60_ad6_c5",60,6,0.5,0.01,4,1,0.2,100,100,1
"n60_ad6_c5",60,6,0.5,0.01,4,1,0.4,100,100,1
"n60_ad6_c5",60,6,0.5,0.01,4,1,0.6,100,100,1
"n60_ad6_c5",60,6,0.5,0.01,4,1,0.8,100,93,0.93
"n60_ad6_c5",60,6,0.5,0.01,4,1,1,100,0,0
"n60_ad6_c5",60,6,0.5,0.01,8,0.2,0.2,100,100,1
"n60_ad6_c5",60,6,0.5,0.01,8,0.2,0.4,100,100,1
"n60_ad6_c5",60,6,0.5,0.01,8,0.2,0.6,100,100,1
"n60_ad6_c5",60,6,0.5,0.01,8,0.2,0.8,100,98,0.98
"n60_ad6_c5",60,6,0.5,0.01,8,0.2,1,100,82,0.82
"n60_ad6_c5",60,6,0.5,0.01,8,0.4,0.2,100,100,1
"n60_ad6_c5",60,6,0.5,0.01,8,0.4,0.4,100,100,1
"n60_ad6_c5",60,6,0.5,0.01,8,0.4,0.6,100,100,1
"n60_ad6_c5",60,6,0.5,0.01,8,0.4,0.8,100,97,0.97
"n60_ad6_c5",60,6,0.5,0.01,8,0.4,1,100,80,0.8
"n60_ad6_c5",60,6,0.5,0.01,8,0.6,0.2,100,100,1
"n60_ad6_c5",60,6,0.5,0.01,8,0.6,0.4,100,100,1
"n60_ad6_c5",60,6,0.5,0.01,8,0.6,0.6,100,100,1
"n60_ad6_c5",60,6,0.5,0.01,8,0.6,0.8,100,97,0.97
"n60_ad6_c5",60,6,0.5,0.01,8,0.6,1,100,64,0.64
"n60_ad6_c5",60,6,0.5,0.01,8,0.8,0.2,100,100,1
"n60_ad6_c5",60,6,0.5,0.01,8,0.8,0.4,100,100,1
"n60_ad6_c5",60,6,0.5,0.01,8,0.8,0.6,100,100,1
"n60_ad6_c5",60,6,0.5,0.01,8,0.8,0.8,100,96,0.96
"n60_ad6_c5",60,6,0.5,0.01,8,0.8,1,100,41,0.41
"n60_ad6_c5",60,6,0.5,0.01,8,1,0.2,100,100,1
"n60_ad6_c5",60,6,0.5,0.01,8,1,0.4,100,100,1
"n60_ad6_c5",60,6,0.5,0.01,8,1,0.6,100,100,1
"n60_ad6_c5",60,6,0.5,0.01,8,1,0.8,100,87,0.87
"n60_ad6_c5",60,6,0.5,0.01,8,1,1,100,0,0
"n60_ad6_c5",60,6,0.5,0.05,0,0.2,0.2,100,100,1
"n60_ad6_c5",60,6,0.5,0.05,0,0.2,0.4,100,100,1
"n60_ad6_c5",60,6,0.5,0.05,0,0.2,0.6,100,100,1
"n60_ad6_c5",60,6,0.5,0.05,0,0.2,0.8,100,99,0.99
"n60_ad6_c5",60,6,0.5,0.05,0,0.2,1,100,91,0.91
"n60_ad6_c5",60,6,0.5,0.05,0,0.4,0.2,100,100,1
"n60_ad6_c5",60,6,0.5,0.05,0,0.4,0.4,100,100,1
"n60_ad6_c5",60,6,0.5,0.05,0,0.4,0.6,100,100,1
"n60_ad6_c5",60,6,0.5,0.05,0,0.4,0.8,100,98,0.98
"n60_ad6_c5",60,6,0.5,0.05,0,0.4,1,100,69,0.69
"n60_ad6_c5",60,6,0.5,0.05,0,0.6,0.2,100,100,1
"n60_ad6_c5",60,6,0.5,0.05,0,0.6,0.4,100,100,1
"n60_ad6_c5",60,6,0.5,0.05,0,0.6,0.6,100,100,1
"n60_ad6_c5",60,6,0.5,0.05,0,0.6,0.8,100,94,0.94
"n60_ad6_c5",60,6,0.5,0.05,0,0.6,1,100,44,0.44
"n60_ad6_c5",60,6,0.5,0.05,0,0.8,0.2,100,100,1
"n60_ad6_c5",60,6,0.5,0.05,0,0.8,0.4,100,100,1
"n60_ad6_c5",60,6,0.5,0.05,0,0.8,0.6,100,99,0.99
"n60_ad6_c5",60,6,0.5,0.05,0,0.8,0.8,100,93,0.93
"n60_ad6_c5",60,6,0.5,0.05,0,0.8,1,100,25,0.25
"n60_ad6_c5",60,6,0.5,0.05,0,1,0.2,100,100,1
"n60_ad6_c5",60,6,0.5,0.05,0,1,0.4,100,100,1
"n60_ad6_c5",60,6,0.5,0.05,0,1,0.6,100,99,0.99
"n60_ad6_c5",60,6,0.5,0.05,0,1,0.8,100,90,0.9
"n60_ad6_c5",60,6,0.5,0.05,0,1,1,100,0,0
"n60_ad6_c5",60,6,0.5,0.05,1,0.2,0.2,100,100,1
"n60_ad6_c5",60,6,0.5,0.05,1,0.2,0.4,100,100,1
"n60_ad6_c5",60,6,0.5,0.05,1,0.2,0.6,100,100,1
"n60_ad6_c5",60,6,0.5,0.05,1,0.2,0.8,100,98,0.98
"n60_ad6_c5",60,6,0.5,0.05,1,0.2,1,100,78,0.78
"n60_ad6_c5",60,6,0.5,0.05,1,0.4,0.2,100,100,1
"n60_ad6_c5",60,6,0.5,0.05,1,0.4,0.4,100,100,1
"n60_ad6_c5",60,6,0.5,0.05,1,0.4,0.6,100,100,1
"n60_ad6_c5",60,6,0.5,0.05,1,0.4,0.8,100,93,0.93
"n60_ad6_c5",60,6,0.5,0.05,1,0.4,1,100,68,0.68
"n60_ad6_c5",60,6,0.5,0.05,1,0.6,0.2,100,100,1
"n60_ad6_c5",60,6,0.5,0.05,1,0.6,0.4,100,100,1
"n60_ad6_c5",60,6,0.5,0.05,1,0.6,0.6,100,99,0.99
"n60_ad6_c5",60,6,0.5,0.05,1,0.6,0.8,100,94,0.94
"n60_ad6_c5",60,6,0.5,0.05,1,0.6,1,100,45,0.45
"n60_ad6_c5",60,6,0.5,0.05,1,0.8,0.2,100,100,1
"n60_ad6_c5",60,6,0.5,0.05,1,0.8,0.4,100,100,1
"n60_ad6_c5",60,6,0.5,0.05,1,0.8,0.6,100,100,1
"n60_ad6_c5",60,6,0.5,0.05,1,0.8,0.8,100,90,0.9
"n60_ad6_c5",60,6,0.5,0.05,1,0.8,1,100,21,0.21
"n60_ad6_c5",60,6,0.5,0.05,1,1,0.2,100,100,1
"n60_ad6_c5",60,6,0.5,0.05,1,1,0.4,100,100,1
"n60_ad6_c5",60,6,0.5,0.05,1,1,0.6,100,100,1
"n60_ad6_c5",60,6,0.5,0.05,1,1,0.8,100,91,0.91
"n60_ad6_c5",60,6,0.5,0.05,1,1,1,100,0,0
"n60_ad6_c5",60,6,0.5,0.05,2,0.2,0.2,100,100,1
"n60_ad6_c5",60,6,0.5,0.05,2,0.2,0.4,100,100,1
"n60_ad6_c5",60,6,0.5,0.05,2,0.2,0.6,100,100,1
"n60_ad6_c5",60,6,0.5,0.05,2,0.2,0.8,100,98,0.98
"n60_ad6_c5",60,6,0.5,0.05,2,0.2,1,100,89,0.89
"n60_ad6_c5",60,6,0.5,0.05,2,0.4,0.2,100,100,1
"n60_ad6_c5",60,6,0.5,0.05,2,0.4,0.4,100,100,1
"n60_ad6_c5",60,6,0.5,0.05,2,0.4,0.6,100,100,1
"n60_ad6_c5",60,6,0.5,0.05,2,0.4,0.8,100,98,0.98
"n60_ad6_c5",60,6,0.5,0.05,2,0.4,1,100,80,0.8
"n60_ad6_c5",60,6,0.5,0.05,2,0.6,0.2,100,100,1
"n60_ad6_c5",60,6,0.5,0.05,2,0.6,0.4,100,100,1
"n60_ad6_c5",60,6,0.5,0.05,2,0.6,0.6,100,100,1
"n60_ad6_c5",60,6,0.5,0.05,2,0.6,0.8,100,97,0.97
"n60_ad6_c5",60,6,0.5,0.05,2,0.6,1,100,63,0.63
"n60_ad6_c5",60,6,0.5,0.05,2,0.8,0.2,100,100,1
"n60_ad6_c5",60,6,0.5,0.05,2,0.8,0.4,100,100,1
"n60_ad6_c5",60,6,0.5,0.05,2,0.8,0.6,100,100,1
"n60_ad6_c5",60,6,0.5,0.05,2,0.8,0.8,100,94,0.94
"n60_ad6_c5",60,6,0.5,0.05,2,0.8,1,100,42,0.42
"n60_ad6_c5",60,6,0.5,0.05,2,1,0.2,100,100,1
"n60_ad6_c5",60,6,0.5,0.05,2,1,0.4,100,99,0.99
"n60_ad6_c5",60,6,0.5,0.05,2,1,0.6,100,98,0.98
"n60_ad6_c5",60,6,0.5,0.05,2,1,0.8,100,84,0.84
"n60_ad6_c5",60,6,0.5,0.05,2,1,1,100,0,0
"n60_ad6_c5",60,6,0.5,0.05,4,0.2,0.2,100,100,1
"n60_ad6_c5",60,6,0.5,0.05,4,0.2,0.4,100,100,1
"n60_ad6_c5",60,6,0.5,0.05,4,0.2,0.6,100,100,1
"n60_ad6_c5",60,6,0.5,0.05,4,0.2,0.8,100,100,1
"n60_ad6_c5",60,6,0.5,0.05,4,0.2,1,100,100,1
"n60_ad6_c5",60,6,0.5,0.05,4,0.4,0.2,100,100,1
"n60_ad6_c5",60,6,0.5,0.05,4,0.4,0.4,100,100,1
"n60_ad6_c5",60,6,0.5,0.05,4,0.4,0.6,100,99,0.99
"n60_ad6_c5",60,6,0.5,0.05,4,0.4,0.8,100,100,1
"n60_ad6_c5",60,6,0.5,0.05,4,0.4,1,100,90,0.9
"n60_ad6_c5",60,6,0.5,0.05,4,0.6,0.2,100,100,1
"n60_ad6_c5",60,6,0.5,0.05,4,0.6,0.4,100,100,1
"n60_ad6_c5",60,6,0.5,0.05,4,0.6,0.6,100,100,1
"n60_ad6_c5",60,6,0.5,0.05,4,0.6,0.8,100,99,0.99
"n60_ad6_c5",60,6,0.5,0.05,4,0.6,1,100,84,0.84
"n60_ad6_c5",60,6,0.5,0.05,4,0.8,0.2,100,100,1
"n60_ad6_c5",60,6,0.5,0.05,4,0.8,0.4,100,100,1
"n60_ad6_c5",60,6,0.5,0.05,4,0.8,0.6,100,100,1
"n60_ad6_c5",60,6,0.5,0.05,4,0.8,0.8,100,93,0.93
"n60_ad6_c5",60,6,0.5,0.05,4,0.8,1,100,55,0.55
"n60_ad6_c5",60,6,0.5,0.05,4,1,0.2,100,100,1
"n60_ad6_c5",60,6,0.5,0.05,4,1,0.4,100,100,1
"n60_ad6_c5",60,6,0.5,0.05,4,1,0.6,100,98,0.98
"n60_ad6_c5",60,6,0.5,0.05,4,1,0.8,100,86,0.86
"n60_ad6_c5",60,6,0.5,0.05,4,1,1,100,0,0
"n60_ad6_c5",60,6,0.5,0.05,8,0.2,0.2,100,100,1
"n60_ad6_c5",60,6,0.5,0.05,8,0.2,0.4,100,100,1
"n60_ad6_c5",60,6,0.5,0.05,8,0.2,0.6,100,100,1
"n60_ad6_c5",60,6,0.5,0.05,8,0.2,0.8,100,99,0.99
"n60_ad6_c5",60,6,0.5,0.05,8,0.2,1,100,100,1
"n60_ad6_c5",60,6,0.5,0.05,8,0.4,0.2,100,100,1
"n60_ad6_c5",60,6,0.5,0.05,8,0.4,0.4,100,100,1
"n60_ad6_c5",60,6,0.5,0.05,8,0.4,0.6,100,100,1
"n60_ad6_c5",60,6,0.5,0.05,8,0.4,0.8,100,100,1
"n60_ad6_c5",60,6,0.5,0.05,8,0.4,1,100,94,0.94
"n60_ad6_c5",60,6,0.5,0.05,8,0.6,0.2,100,100,1
"n60_ad6_c5",60,6,0.5,0.05,8,0.6,0.4,100,100,1
"n60_ad6_c5",60,6,0.5,0.05,8,0.6,0.6,100,100,1
"n60_ad6_c5",60,6,0.5,0.05,8,0.6,0.8,100,99,0.99
"n60_ad6_c5",60,6,0.5,0.05,8,0.6,1,100,90,0.9
"n60_ad6_c5",60,6,0.5,0.05,8,0.8,0.2,100,100,1
"n60_ad6_c5",60,6,0.5,0.05,8,0.8,0.4,100,100,1
"n60_ad6_c5",60,6,0.5,0.05,8,0.8,0.6,100,99,0.99
"n60_ad6_c5",60,6,0.5,0.05,8,0.8,0.8,100,94,0.94
"n60_ad6_c5",60,6,0.5,0.05,8,0.8,1,100,64,0.64
"n60_ad6_c5",60,6,0.5,0.05,8,1,0.2,100,100,1
"n60_ad6_c5",60,6,0.5,0.05,8,1,0.4,100,100,1
"n60_ad6_c5",60,6,0.5,0.05,8,1,0.6,100,97,0.97
"n60_ad6_c5",60,6,0.5,0.05,8,1,0.8,100,73,0.73
"n60_ad6_c5",60,6,0.5,0.05,8,1,1,100,0,0
"n60_ad6_c5",60,6,0.5,0.1,0,0.2,0.2,100,100,1
"n60_ad6_c5",60,6,0.5,0.1,0,0.2,0.4,100,100,1
"n60_ad6_c5",60,6,0.5,0.1,0,0.2,0.6,100,100,1
"n60_ad6_c5",60,6,0.5,0.1,0,0.2,0.8,100,100,1
"n60_ad6_c5",60,6,0.5,0.1,0,0.2,1,100,97,0.97
"n60_ad6_c5",60,6,0.5,0.1,0,0.4,0.2,100,100,1
"n60_ad6_c5",60,6,0.5,0.1,0,0.4,0.4,100,100,1
"n60_ad6_c5",60,6,0.5,0.1,0,0.4,0.6,100,99,0.99
"n60_ad6_c5",60,6,0.5,0.1,0,0.4,0.8,100,99,0.99
"n60_ad6_c5",60,6,0.5,0.1,0,0.4,1,100,86,0.86
"n60_ad6_c5",60,6,0.5,0.1,0,0.6,0.2,100,100,1
"n60_ad6_c5",60,6,0.5,0.1,0,0.6,0.4,100,100,1
"n60_ad6_c5",60,6,0.5,0.1,0,0.6,0.6,100,100,1
"n60_ad6_c5",60,6,0.5,0.1,0,0.6,0.8,100,98,0.98
"n60_ad6_c5",60,6,0.5,0.1,0,0.6,1,100,73,0.73
"n60_ad6_c5",60,6,0.5,0.1,0,0.8,0.2,100,100,1
"n60_ad6_c5",60,6,0.5,0.1,0,0.8,0.4,100,100,1
"n60_ad6_c5",60,6,0.5,0.1,0,0.8,0.6,100,100,1
"n60_ad6_c5",60,6,0.5,0.1,0,0.8,0.8,100,95,0.95
"n60_ad6_c5",60,6,0.5,0.1,0,0.8,1,100,41,0.41
"n60_ad6_c5",60,6,0.5,0.1,0,1,0.2,100,100,1
"n60_ad6_c5",60,6,0.5,0.1,0,1,0.4,100,100,1
"n60_ad6_c5",60,6,0.5,0.1,0,1,0.6,100,100,1
"n60_ad6_c5",60,6,0.5,0.1,0,1,0.8,100,84,0.84
"n60_ad6_c5",60,6,0.5,0.1,0,1,1,100,0,0
"n60_ad6_c5",60,6,0.5,0.1,1,0.2,0.2,100,100,1
"n60_ad6_c5",60,6,0.5,0.1,1,0.2,0.4,100,100,1
"n60_ad6_c5",60,6,0.5,0.1,1,0.2,0.6,100,100,1
"n60_ad6_c5",60,6,0.5,0.1,1,0.2,0.8,100,99,0.99
"n60_ad6_c5",60,6,0.5,0.1,1,0.2,1,100,95,0.95
"n60_ad6_c5",60,6,0.5,0.1,1,0.4,0.2,100,100,1
"n60_ad6_c5",60,6,0.5,0.1,1,0.4,0.4,100,100,1
"n60_ad6_c5",60,6,0.5,0.1,1,0.4,0.6,100,100,1
"n60_ad6_c5",60,6,0.5,0.1,1,0.4,0.8,100,98,0.98
"n60_ad6_c5",60,6,0.5,0.1,1,0.4,1,100,88,0.88
"n60_ad6_c5",60,6,0.5,0.1,1,0.6,0.2,100,100,1
"n60_ad6_c5",60,6,0.5,0.1,1,0.6,0.4,100,100,1
"n60_ad6_c5",60,6,0.5,0.1,1,0.6,0.6,100,100,1
"n60_ad6_c5",60,6,0.5,0.1,1,0.6,0.8,100,98,0.98
"n60_ad6_c5",60,6,0.5,0.1,1,0.6,1,100,74,0.74
"n60_ad6_c5",60,6,0.5,0.1,1,0.8,0.2,100,100,1
"n60_ad6_c5",60,6,0.5,0.1,1,0.8,0.4,100,100,1
"n60_ad6_c5",60,6,0.5,0.1,1,0.8,0.6,100,100,1
"n60_ad6_c5",60,6,0.5,0.1,1,0.8,0.8,100,93,0.93
"n60_ad6_c5",60,6,0.5,0.1,1,0.8,1,100,55,0.55
"n60_ad6_c5",60,6,0.5,0.1,1,1,0.2,100,100,1
"n60_ad6_c5",60,6,0.5,0.1,1,1,0.4,100,100,1
"n60_ad6_c5",60,6,0.5,0.1,1,1,0.6,100,99,0.99
"n60_ad6_c5",60,6,0.5,0.1,1,1,0.8,100,82,0.82
"n60_ad6_c5",60,6,0.5,0.1,1,1,1,100,0,0
"n60_ad6_c5",60,6,0.5,0.1,2,0.2,0.2,100,100,1
"n60_ad6_c5",60,6,0.5,0.1,2,0.2,0.4,100,100,1
"n60_ad6_c5",60,6,0.5,0.1,2,0.2,0.6,100,100,1
"n60_ad6_c5",60,6,0.5,0.1,2,0.2,0.8,100,100,1
"n60_ad6_c5",60,6,0.5,0.1,2,0.2,1,100,99,0.99
"n60_ad6_c5",60,6,0.5,0.1,2,0.4,0.2,100,100,1
"n60_ad6_c5",60,6,0.5,0.1,2,0.4,0.4,100,100,1
"n60_ad6_c5",60,6,0.5,0.1,2,0.4,0.6,100,100,1
"n60_ad6_c5",60,6,0.5,0.1,2,0.4,0.8,100,100,1
"n60_ad6_c5",60,6,0.5,0.1,2,0.4,1,100,95,0.95
"n60_ad6_c5",60,6,0.5,0.1,2,0.6,0.2,100,100,1
"n60_ad6_c5",60,6,0.5,0.1,2,0.6,0.4,100,100,1
"n60_ad6_c5",60,6,0.5,0.1,2,0.6,0.6,100,100,1
"n60_ad6_c5",60,6,0.5,0.1,2,0.6,0.8,100,97,0.97
"n60_ad6_c5",60,6,0.5,0.1,2,0.6,1,100,90,0.9
"n60_ad6_c5",60,6,0.5,0.1,2,0.8,0.2,100,100,1
"n60_ad6_c5",60,6,0.5,0.1,2,0.8,0.4,100,100,1
"n60_ad6_c5",60,6,0.5,0.1,2,0.8,0.6,100,97,0.97
"n60_ad6_c5",60,6,0.5,0.1,2,0.8,0.8,100,94,0.94
"n60_ad6_c5",60,6,0.5,0.1,2,0.8,1,100,56,0.56
"n60_ad6_c5",60,6,0.5,0.1,2,1,0.2,100,100,1
"n60_ad6_c5",60,6,0.5,0.1,2,1,0.4,100,100,1
"n60_ad6_c5",60,6,0.5,0.1,2,1,0.6,100,96,0.96
"n60_ad6_c5",60,6,0.5,0.1,2,1,0.8,100,77,0.77
"n60_ad6_c5",60,6,0.5,0.1,2,1,1,100,0,0
"n60_ad6_c5",60,6,0.5,0.1,4,0.2,0.2,100,100,1
"n60_ad6_c5",60,6,0.5,0.1,4,0.2,0.4,100,100,1
"n60_ad6_c5",60,6,0.5,0.1,4,0.2,0.6,100,100,1
"n60_ad6_c5",60,6,0.5,0.1,4,0.2,0.8,100,100,1
"n60_ad6_c5",60,6,0.5,0.1,4,0.2,1,100,99,0.99
"n60_ad6_c5",60,6,0.5,0.1,4,0.4,0.2,100,100,1
"n60_ad6_c5",60,6,0.5,0.1,4,0.4,0.4,100,100,1
"n60_ad6_c5",60,6,0.5,0.1,4,0.4,0.6,100,100,1
"n60_ad6_c5",60,6,0.5,0.1,4,0.4,0.8,100,100,1
"n60_ad6_c5",60,6,0.5,0.1,4,0.4,1,100,100,1
"n60_ad6_c5",60,6,0.5,0.1,4,0.6,0.2,100,100,1
"n60_ad6_c5",60,6,0.5,0.1,4,0.6,0.4,100,100,1
"n60_ad6_c5",60,6,0.5,0.1,4,0.6,0.6,100,99,0.99
"n60_ad6_c5",60,6,0.5,0.1,4,0.6,0.8,100,100,1
"n60_ad6_c5",60,6,0.5,0.1,4,0.6,1,100,90,0.9
"n60_ad6_c5",60,6,0.5,0.1,4,0.8,0.2,100,100,1
"n60_ad6_c5",60,6,0.5,0.1,4,0.8,0.4,100,100,1
"n60_ad6_c5",60,6,0.5,0.1,4,0.8,0.6,100,99,0.99
"n60_ad6_c5",60,6,0.5,0.1,4,0.8,0.8,100,96,0.96
"n60_ad6_c5",60,6,0.5,0.1,4,0.8,1,100,76,0.76
"n60_ad6_c5",60,6,0.5,0.1,4,1,0.2,100,98,0.98
"n60_ad6_c5",60,6,0.5,0.1,4,1,0.4,100,96,0.96
"n60_ad6_c5",60,6,0.5,0.1,4,1,0.6,100,91,0.91
"n60_ad6_c5",60,6,0.5,0.1,4,1,0.8,100,66,0.66
"n60_ad6_c5",60,6,0.5,0.1,4,1,1,100,0,0
"n60_ad6_c5",60,6,0.5,0.1,8,0.2,0.2,100,100,1
"n60_ad6_c5",60,6,0.5,0.1,8,0.2,0.4,100,100,1
"n60_ad6_c5",60,6,0.5,0.1,8,0.2,0.6,100,100,1
"n60_ad6_c5",60,6,0.5,0.1,8,0.2,0.8,100,100,1
"n60_ad6_c5",60,6,0.5,0.1,8,0.2,1,100,99,0.99
"n60_ad6_c5",60,6,0.5,0.1,8,0.4,0.2,100,100,1
"n60_ad6_c5",60,6,0.5,0.1,8,0.4,0.4,100,100,1
"n60_ad6_c5",60,6,0.5,0.1,8,0.4,0.6,100,100,1
"n60_ad6_c5",60,6,0.5,0.1,8,0.4,0.8,100,100,1
"n60_ad6_c5",60,6,0.5,0.1,8,0.4,1,100,97,0.97
"n60_ad6_c5",60,6,0.5,0.1,8,0.6,0.2,100,100,1
"n60_ad6_c5",60,6,0.5,0.1,8,0.6,0.4,100,100,1
"n60_ad6_c5",60,6,0.5,0.1,8,0.6,0.6,100,100,1
"n60_ad6_c5",60,6,0.5,0.1,8,0.6,0.8,100,100,1
"n60_ad6_c5",60,6,0.5,0.1,8,0.6,1,100,92,0.92
"n60_ad6_c5",60,6,0.5,0.1,8,0.8,0.2,100,100,1
"n60_ad6_c5",60,6,0.5,0.1,8,0.8,0.4,100,100,1
"n60_ad6_c5",60,6,0.5,0.1,8,0.8,0.6,100,96,0.96
"n60_ad6_c5",60,6,0.5,0.1,8,0.8,0.8,100,95,0.95
"n60_ad6_c5",60,6,0.5,0.1,8,0.8,1,100,74,0.74
"n60_ad6_c5",60,6,0.5,0.1,8,1,0.2,100,99,0.99
"n60_ad6_c5",60,6,0.5,0.1,8,1,0.4,100,99,0.99
"n60_ad6_c5",60,6,0.5,0.1,8,1,0.6,100,94,0.94
"n60_ad6_c5",60,6,0.5,0.1,8,1,0.8,100,71,0.71
"n60_ad6_c5",60,6,0.5,0.1,8,1,1,100,0,0
"n120_ad3_c1",120,3,0.1,0.01,0,0.2,0.2,100,100,1
"n120_ad3_c1",120,3,0.1,0.01,0,0.2,0.4,100,100,1
"n120_ad3_c1",120,3,0.1,0.01,0,0.2,0.6,100,100,1
"n120_ad3_c1",120,3,0.1,0.01,0,0.2,0.8,100,100,1
"n120_ad3_c1",120,3,0.1,0.01,0,0.2,1,100,63,0.63
"n120_ad3_c1",120,3,0.1,0.01,0,0.4,0.2,100,100,1
"n120_ad3_c1",120,3,0.1,0.01,0,0.4,0.4,100,100,1
"n120_ad3_c1",120,3,0.1,0.01,0,0.4,0.6,100,100,1
"n120_ad3_c1",120,3,0.1,0.01,0,0.4,0.8,100,100,1
"n120_ad3_c1",120,3,0.1,0.01,0,0.4,1,100,40,0.4
"n120_ad3_c1",120,3,0.1,0.01,0,0.6,0.2,100,100,1
"n120_ad3_c1",120,3,0.1,0.01,0,0.6,0.4,100,100,1
"n120_ad3_c1",120,3,0.1,0.01,0,0.6,0.6,100,100,1
"n120_ad3_c1",120,3,0.1,0.01,0,0.6,0.8,100,100,1
"n120_ad3_c1",120,3,0.1,0.01,0,0.6,1,100,24,0.24
"n120_ad3_c1",120,3,0.1,0.01,0,0.8,0.2,100,100,1
"n120_ad3_c1",120,3,0.1,0.01,0,0.8,0.4,100,100,1
"n120_ad3_c1",120,3,0.1,0.01,0,0.8,0.6,100,100,1
"n120_ad3_c1",120,3,0.1,0.01,0,0.8,0.8,100,99,0.99
"n120_ad3_c1",120,3,0.1,0.01,0,0.8,1,100,13,0.13
"n120_ad3_c1",120,3,0.1,0.01,0,1,0.2,100,100,1
"n120_ad3_c1",120,3,0.1,0.01,0,1,0.4,100,100,1
"n120_ad3_c1",120,3,0.1,0.01,0,1,0.6,100,100,1
"n120_ad3_c1",120,3,0.1,0.01,0,1,0.8,100,100,1
"n120_ad3_c1",120,3,0.1,0.01,0,1,1,100,0,0
"n120_ad3_c1",120,3,0.1,0.01,1,0.2,0.2,100,100,1
"n120_ad3_c1",120,3,0.1,0.01,1,0.2,0.4,100,100,1
"n120_ad3_c1",120,3,0.1,0.01,1,0.2,0.6,100,100,1
"n120_ad3_c1",120,3,0.1,0.01,1,0.2,0.8,100,100,1
"n120_ad3_c1",120,3,0.1,0.01,1,0.2,1,100,65,0.65
"n120_ad3_c1",120,3,0.1,0.01,1,0.4,0.2,100,100,1
"n120_ad3_c1",120,3,0.1,0.01,1,0.4,0.4,100,100,1
"n120_ad3_c1",120,3,0.1,0.01,1,0.4,0.6,100,100,1
"n120_ad3_c1",120,3,0.1,0.01,1,0.4,0.8,100,100,1
"n120_ad3_c1",120,3,0.1,0.01,1,0.4,1,100,44,0.44
"n120_ad3_c1",120,3,0.1,0.01,1,0.6,0.2,100,100,1
"n120_ad3_c1",120,3,0.1,0.01,1,0.6,0.4,100,100,1
"n120_ad3_c1",120,3,0.1,0.01,1,0.6,0.6,100,100,1
"n120_ad3_c1",120,3,0.1,0.01,1,0.6,0.8,100,100,1
"n120_ad3_c1",120,3,0.1,0.01,1,0.6,1,100,26,0.26
"n120_ad3_c1",120,3,0.1,0.01,1,0.8,0.2,100,100,1
"n120_ad3_c1",120,3,0.1,0.01,1,0.8,0.4,100,100,1
"n120_ad3_c1",120,3,0.1,0.01,1,0.8,0.6,100,100,1
"n120_ad3_c1",120,3,0.1,0.01,1,0.8,0.8,100,100,1
"n120_ad3_c1",120,3,0.1,0.01,1,0.8,1,100,16,0.16
"n120_ad3_c1",120,3,0.1,0.01,1,1,0.2,100,100,1
"n120_ad3_c1",120,3,0.1,0.01,1,1,0.4,100,100,1
"n120_ad3_c1",120,3,0.1,0.01,1,1,0.6,100,100,1
"n120_ad3_c1",120,3,0.1,0.01,1,1,0.8,100,100,1
"n120_ad3_c1",120,3,0.1,0.01,1,1,1,100,0,0
"n120_ad3_c1",120,3,0.1,0.01,2,0.2,0.2,100,100,1
"n120_ad3_c1",120,3,0.1,0.01,2,0.2,0.4,100,100,1
"n120_ad3_c1",120,3,0.1,0.01,2,0.2,0.6,100,100,1
"n120_ad3_c1",120,3,0.1,0.01,2,0.2,0.8,100,100,1
"n120_ad3_c1",120,3,0.1,0.01,2,0.2,1,100,49,0.49
"n120_ad3_c1",120,3,0.1,0.01,2,0.4,0.2,100,100,1
"n120_ad3_c1",120,3,0.1,0.01,2,0.4,0.4,100,100,1
"n120_ad3_c1",120,3,0.1,0.01,2,0.4,0.6,100,100,1
"n120_ad3_c1",120,3,0.1,0.01,2,0.4,0.8,100,100,1
"n120_ad3_c1",120,3,0.1,0.01,2,0.4,1,100,38,0.38
"n120_ad3_c1",120,3,0.1,0.01,2,0.6,0.2,100,100,1
"n120_ad3_c1",120,3,0.1,0.01,2,0.6,0.4,100,100,1
"n120_ad3_c1",120,3,0.1,0.01,2,0.6,0.6,100,100,1
"n120_ad3_c1",120,3,0.1,0.01,2,0.6,0.8,100,100,1
"n120_ad3_c1",120,3,0.1,0.01,2,0.6,1,100,22,0.22
"n120_ad3_c1",120,3,0.1,0.01,2,0.8,0.2,100,100,1
"n120_ad3_c1",120,3,0.1,0.01,2,0.8,0.4,100,100,1
"n120_ad3_c1",120,3,0.1,0.01,2,0.8,0.6,100,100,1
"n120_ad3_c1",120,3,0.1,0.01,2,0.8,0.8,100,100,1
"n120_ad3_c1",120,3,0.1,0.01,2,0.8,1,100,11,0.11
"n120_ad3_c1",120,3,0.1,0.01,2,1,0.2,100,100,1
"n120_ad3_c1",120,3,0.1,0.01,2,1,0.4,100,100,1
"n120_ad3_c1",120,3,0.1,0.01,2,1,0.6,100,100,1
"n120_ad3_c1",120,3,0.1,0.01,2,1,0.8,100,100,1
"n120_ad3_c1",120,3,0.1,0.01,2,1,1,100,0,0
"n120_ad3_c1",120,3,0.1,0.01,4,0.2,0.2,100,100,1
"n120_ad3_c1",120,3,0.1,0.01,4,0.2,0.4,100,100,1
"n120_ad3_c1",120,3,0.1,0.01,4,0.2,0.6,100,100,1
"n120_ad3_c1",120,3,0.1,0.01,4,0.2,0.8,100,100,1
"n120_ad3_c1",120,3,0.1,0.01,4,0.2,1,100,60,0.6
"n120_ad3_c1",120,3,0.1,0.01,4,0.4,0.2,100,100,1
"n120_ad3_c1",120,3,0.1,0.01,4,0.4,0.4,100,100,1
"n120_ad3_c1",120,3,0.1,0.01,4,0.4,0.6,100,100,1
"n120_ad3_c1",120,3,0.1,0.01,4,0.4,0.8,100,100,1
"n120_ad3_c1",120,3,0.1,0.01,4,0.4,1,100,49,0.49
"n120_ad3_c1",120,3,0.1,0.01,4,0.6,0.2,100,100,1
"n120_ad3_c1",120,3,0.1,0.01,4,0.6,0.4,100,100,1
"n120_ad3_c1",120,3,0.1,0.01,4,0.6,0.6,100,100,1
"n120_ad3_c1",120,3,0.1,0.01,4,0.6,0.8,100,100,1
"n120_ad3_c1",120,3,0.1,0.01,4,0.6,1,100,35,0.35
"n120_ad3_c1",120,3,0.1,0.01,4,0.8,0.2,100,100,1
"n120_ad3_c1",120,3,0.1,0.01,4,0.8,0.4,100,100,1
"n120_ad3_c1",120,3,0.1,0.01,4,0.8,0.6,100,100,1
"n120_ad3_c1",120,3,0.1,0.01,4,0.8,0.8,100,100,1
"n120_ad3_c1",120,3,0.1,0.01,4,0.8,1,100,17,0.17
"n120_ad3_c1",120,3,0.1,0.01,4,1,0.2,100,100,1
"n120_ad3_c1",120,3,0.1,0.01,4,1,0.4,100,100,1
"n120_ad3_c1",120,3,0.1,0.01,4,1,0.6,100,100,1
"n120_ad3_c1",120,3,0.1,0.01,4,1,0.8,100,100,1
"n120_ad3_c1",120,3,0.1,0.01,4,1,1,100,0,0
"n120_ad3_c1",120,3,0.1,0.01,8,0.2,0.2,100,100,1
"n120_ad3_c1",120,3,0.1,0.01,8,0.2,0.4,100,100,1
"n120_ad3_c1",120,3,0.1,0.01,8,0.2,0.6,100,100,1
"n120_ad3_c1",120,3,0.1,0.01,8,0.2,0.8,100,100,1
"n120_ad3_c1",120,3,0.1,0.01,8,0.2,1,100,69,0.69
"n120_ad3_c1",120,3,0.1,0.01,8,0.4,0.2,100,100,1
"n120_ad3_c1",120,3,0.1,0.01,8,0.4,0.4,100,100,1
"n120_ad3_c1",120,3,0.1,0.01,8,0.4,0.6,100,100,1
"n120_ad3_c1",120,3,0.1,0.01,8,0.4,0.8,100,100,1
"n120_ad3_c1",120,3,0.1,0.01,8,0.4,1,100,58,0.58
"n120_ad3_c1",120,3,0.1,0.01,8,0.6,0.2,100,100,1
"n120_ad3_c1",120,3,0.1,0.01,8,0.6,0.4,100,100,1
"n120_ad3_c1",120,3,0.1,0.01,8,0.6,0.6,100,100,1
"n120_ad3_c1",120,3,0.1,0.01,8,0.6,0.8,100,100,1
"n120_ad3_c1",120,3,0.1,0.01,8,0.6,1,100,45,0.45
"n120_ad3_c1",120,3,0.1,0.01,8,0.8,0.2,100,100,1
"n120_ad3_c1",120,3,0.1,0.01,8,0.8,0.4,100,100,1
"n120_ad3_c1",120,3,0.1,0.01,8,0.8,0.6,100,100,1
"n120_ad3_c1",120,3,0.1,0.01,8,0.8,0.8,100,100,1
"n120_ad3_c1",120,3,0.1,0.01,8,0.8,1,100,23,0.23
"n120_ad3_c1",120,3,0.1,0.01,8,1,0.2,100,100,1
"n120_ad3_c1",120,3,0.1,0.01,8,1,0.4,100,100,1
"n120_ad3_c1",120,3,0.1,0.01,8,1,0.6,100,100,1
"n120_ad3_c1",120,3,0.1,0.01,8,1,0.8,100,100,1
"n120_ad3_c1",120,3,0.1,0.01,8,1,1,100,0,0
"n120_ad3_c1",120,3,0.1,0.05,0,0.2,0.2,100,100,1
"n120_ad3_c1",120,3,0.1,0.05,0,0.2,0.4,100,100,1
"n120_ad3_c1",120,3,0.1,0.05,0,0.2,0.6,100,100,1
"n120_ad3_c1",120,3,0.1,0.05,0,0.2,0.8,100,100,1
"n120_ad3_c1",120,3,0.1,0.05,0,0.2,1,100,100,1
"n120_ad3_c1",120,3,0.1,0.05,0,0.4,0.2,100,100,1
"n120_ad3_c1",120,3,0.1,0.05,0,0.4,0.4,100,100,1
"n120_ad3_c1",120,3,0.1,0.05,0,0.4,0.6,100,100,1
"n120_ad3_c1",120,3,0.1,0.05,0,0.4,0.8,100,100,1
"n120_ad3_c1",120,3,0.1,0.05,0,0.4,1,100,99,0.99
"n120_ad3_c1",120,3,0.1,0.05,0,0.6,0.2,100,100,1
"n120_ad3_c1",120,3,0.1,0.05,0,0.6,0.4,100,100,1
"n120_ad3_c1",120,3,0.1,0.05,0,0.6,0.6,100,100,1
"n120_ad3_c1",120,3,0.1,0.05,0,0.6,0.8,100,100,1
"n120_ad3_c1",120,3,0.1,0.05,0,0.6,1,100,92,0.92
"n120_ad3_c1",120,3,0.1,0.05,0,0.8,0.2,100,100,1
"n120_ad3_c1",120,3,0.1,0.05,0,0.8,0.4,100,100,1
"n120_ad3_c1",120,3,0.1,0.05,0,0.8,0.6,100,100,1
"n120_ad3_c1",120,3,0.1,0.05,0,0.8,0.8,100,100,1
"n120_ad3_c1",120,3,0.1,0.05,0,0.8,1,100,49,0.49
"n120_ad3_c1",120,3,0.1,0.05,0,1,0.2,100,100,1
"n120_ad3_c1",120,3,0.1,0.05,0,1,0.4,100,100,1
"n120_ad3_c1",120,3,0.1,0.05,0,1,0.6,100,100,1
"n120_ad3_c1",120,3,0.1,0.05,0,1,0.8,100,100,1
"n120_ad3_c1",120,3,0.1,0.05,0,1,1,100,0,0
"n120_ad3_c1",120,3,0.1,0.05,1,0.2,0.2,100,100,1
"n120_ad3_c1",120,3,0.1,0.05,1,0.2,0.4,100,100,1
"n120_ad3_c1",120,3,0.1,0.05,1,0.2,0.6,100,100,1
"n120_ad3_c1",120,3,0.1,0.05,1,0.2,0.8,100,100,1
"n120_ad3_c1",120,3,0.1,0.05,1,0.2,1,100,100,1
"n120_ad3_c1",120,3,0.1,0.05,1,0.4,0.2,100,100,1
"n120_ad3_c1",120,3,0.1,0.05,1,0.4,0.4,100,100,1
"n120_ad3_c1",120,3,0.1,0.05,1,0.4,0.6,100,100,1
"n120_ad3_c1",120,3,0.1,0.05,1,0.4,0.8,100,100,1
"n120_ad3_c1",120,3,0.1,0.05,1,0.4,1,100,90,0.9
"n120_ad3_c1",120,3,0.1,0.05,1,0.6,0.2,100,100,1
"n120_ad3_c1",120,3,0.1,0.05,1,0.6,0.4,100,100,1
"n120_ad3_c1",120,3,0.1,0.05,1,0.6,0.6,100,100,1
"n120_ad3_c1",120,3,0.1,0.05,1,0.6,0.8,100,100,1
"n120_ad3_c1",120,3,0.1,0.05,1,0.6,1,100,76,0.76
"n120_ad3_c1",120,3,0.1,0.05,1,0.8,0.2,100,100,1
"n120_ad3_c1",120,3,0.1,0.05,1,0.8,0.4,100,100,1
"n120_ad3_c1",120,3,0.1,0.05,1,0.8,0.6,100,100,1
"n120_ad3_c1",120,3,0.1,0.05,1,0.8,0.8,100,100,1
"n120_ad3_c1",120,3,0.1,0.05,1,0.8,1,100,64,0.64
"n120_ad3_c1",120,3,0.1,0.05,1,1,0.2,100,100,1
"n120_ad3_c1",120,3,0.1,0.05,1,1,0.4,100,100,1
"n120_ad3_c1",120,3,0.1,0.05,1,1,0.6,100,100,1
"n120_ad3_c1",120,3,0.1,0.05,1,1,0.8,100,100,1
"n120_ad3_c1",120,3,0.1,0.05,1,1,1,100,0,0
"n120_ad3_c1",120,3,0.1,0.05,2,0.2,0.2,100,100,1
"n120_ad3_c1",120,3,0.1,0.05,2,0.2,0.4,100,100,1
"n120_ad3_c1",120,3,0.1,0.05,2,0.2,0.6,100,100,1
"n120_ad3_c1",120,3,0.1,0.05,2,0.2,0.8,100,100,1
"n120_ad3_c1",120,3,0.1,0.05,2,0.2,1,100,99,0.99
"n120_ad3_c1",120,3,0.1,0.05,2,0.4,0.2,100,100,1
"n120_ad3_c1",120,3,0.1,0.05,2,0.4,0.4,100,100,1
"n120_ad3_c1",120,3,0.1,0.05,2,0.4,0.6,100,100,1
"n120_ad3_c1",120,3,0.1,0.05,2,0.4,0.8,100,100,1
"n120_ad3_c1",120,3,0.1,0.05,2,0.4,1,100,96,0.96
"n120_ad3_c1",120,3,0.1,0.05,2,0.6,0.2,100,100,1
"n120_ad3_c1",120,3,0.1,0.05,2,0.6,0.4,100,100,1
"n120_ad3_c1",120,3,0.1,0.05,2,0.6,0.6,100,100,1
"n120_ad3_c1",120,3,0.1,0.05,2,0.6,0.8,100,100,1
"n120_ad3_c1",120,3,0.1,0.05,2,0.6,1,100,85,0.85
"n120_ad3_c1",120,3,0.1,0.05,2,0.8,0.2,100,100,1
"n120_ad3_c1",120,3,0.1,0.05,2,0.8,0.4,100,100,1
"n120_ad3_c1",120,3,0.1,0.05,2,0.8,0.6,100,100,1
"n120_ad3_c1",120,3,0.1,0.05,2,0.8,0.8,100,100,1
"n120_ad3_c1",120,3,0.1,0.05,2,0.8,1,100,62,0.62
"n120_ad3_c1",120,3,0.1,0.05,2,1,0.2,100,100,1
"n120_ad3_c1",120,3,0.1,0.05,2,1,0.4,100,100,1
"n120_ad3_c1",120,3,0.1,0.05,2,1,0.6,100,100,1
"n120_ad3_c1",120,3,0.1,0.05,2,1,0.8,100,100,1
"n120_ad3_c1",120,3,0.1,0.05,2,1,1,100,0,0
"n120_ad3_c1",120,3,0.1,0.05,4,0.2,0.2,100,100,1
"n120_ad3_c1",120,3,0.1,0.05,4,0.2,0.4,100,100,1
"n120_ad3_c1",120,3,0.1,0.05,4,0.2,0.6,100,100,1
"n120_ad3_c1",120,3,0.1,0.05,4,0.2,0.8,100,100,1
"n120_ad3_c1",120,3,0.1,0.05,4,0.2,1,100,100,1
"n120_ad3_c1",120,3,0.1,0.05,4,0.4,0.2,100,100,1
"n120_ad3_c1",120,3,0.1,0.05,4,0.4,0.4,100,100,1
"n120_ad3_c1",120,3,0.1,0.05,4,0.4,0.6,100,100,1
"n120_ad3_c1",120,3,0.1,0.05,4,0.4,0.8,100,100,1
"n120_ad3_c1",120,3,0.1,0.05,4,0.4,1,100,95,0.95
"n120_ad3_c1",120,3,0.1,0.05,4,0.6,0.2,100,100,1
"n120_ad3_c1",120,3,0.1,0.05,4,0.6,0.4,100,100,1
"n120_ad3_c1",120,3,0.1,0.05,4,0.6,0.6,100,100,1
"n120_ad3_c1",120,3,0.1,0.05,4,0.6,0.8,100,100,1
"n120_ad3_c1",120,3,0.1,0.05,4,0.6,1,100,86,0.86
"n120_ad3_c1",120,3,0.1,0.05,4,0.8,0.2,100,100,1
"n120_ad3_c1",120,3,0.1,0.05,4,0.8,0.4,100,100,1
"n120_ad3_c1",120,3,0.1,0.05,4,0.8,0.6,100,100,1
"n120_ad3_c1",120,3,0.1,0.05,4,0.8,0.8,100,100,1
"n120_ad3_c1",120,3,0.1,0.05,4,0.8,1,100,61,0.61
"n120_ad3_c1",120,3,0.1,0.05,4,1,0.2,100,100,1
"n120_ad3_c1",120,3,0.1,0.05,4,1,0.4,100,100,1
"n120_ad3_c1",120,3,0.1,0.05,4,1,0.6,100,100,1
"n120_ad3_c1",120,3,0.1,0.05,4,1,0.8,100,100,1
"n120_ad3_c1",120,3,0.1,0.05,4,1,1,100,0,0
"n120_ad3_c1",120,3,0.1,0.05,8,0.2,0.2,100,100,1
"n120_ad3_c1",120,3,0.1,0.05,8,0.2,0.4,100,100,1
"n120_ad3_c1",120,3,0.1,0.05,8,0.2,0.6,100,100,1
"n120_ad3_c1",120,3,0.1,0.05,8,0.2,0.8,100,100,1
"n120_ad3_c1",120,3,0.1,0.05,8,0.2,1,100,100,1
"n120_ad3_c1",120,3,0.1,0.05,8,0.4,0.2,100,100,1
"n120_ad3_c1",120,3,0.1,0.05,8,0.4,0.4,100,100,1
"n120_ad3_c1",120,3,0.1,0.05,8,0.4,0.6,100,100,1
"n120_ad3_c1",120,3,0.1,0.05,8,0.4,0.8,100,100,1
"n120_ad3_c1",120,3,0.1,0.05,8,0.4,1,100,99,0.99
"n120_ad3_c1",120,3,0.1,0.05,8,0.6,0.2,100,100,1
"n120_ad3_c1",120,3,0.1,0.05,8,0.6,0.4,100,100,1
"n120_ad3_c1",120,3,0.1,0.05,8,0.6,0.6,100,100,1
"n120_ad3_c1",120,3,0.1,0.05,8,0.6,0.8,100,100,1
"n120_ad3_c1",120,3,0.1,0.05,8,0.6,1,100,92,0.92
"n120_ad3_c1",120,3,0.1,0.05,8,0.8,0.2,100,100,1
"n120_ad3_c1",120,3,0.1,0.05,8,0.8,0.4,100,100,1
"n120_ad3_c1",120,3,0.1,0.05,8,0.8,0.6,100,100,1
"n120_ad3_c1",120,3,0.1,0.05,8,0.8,0.8,100,100,1
"n120_ad3_c1",120,3,0.1,0.05,8,0.8,1,100,67,0.67
"n120_ad3_c1",120,3,0.1,0.05,8,1,0.2,100,100,1
"n120_ad3_c1",120,3,0.1,0.05,8,1,0.4,100,100,1
"n120_ad3_c1",120,3,0.1,0.05,8,1,0.6,100,100,1
"n120_ad3_c1",120,3,0.1,0.05,8,1,0.8,100,100,1
"n120_ad3_c1",120,3,0.1,0.05,8,1,1,100,0,0
"n120_ad3_c1",120,3,0.1,0.1,0,0.2,0.2,100,100,1
"n120_ad3_c1",120,3,0.1,0.1,0,0.2,0.4,100,100,1
"n120_ad3_c1",120,3,0.1,0.1,0,0.2,0.6,100,100,1
"n120_ad3_c1",120,3,0.1,0.1,0,0.2,0.8,100,100,1
"n120_ad3_c1",120,3,0.1,0.1,0,0.2,1,100,100,1
"n120_ad3_c1",120,3,0.1,0.1,0,0.4,0.2,100,100,1
"n120_ad3_c1",120,3,0.1,0.1,0,0.4,0.4,100,100,1
"n120_ad3_c1",120,3,0.1,0.1,0,0.4,0.6,100,100,1
"n120_ad3_c1",120,3,0.1,0.1,0,0.4,0.8,100,100,1
"n120_ad3_c1",120,3,0.1,0.1,0,0.4,1,100,100,1
"n120_ad3_c1",120,3,0.1,0.1,0,0.6,0.2,100,100,1
"n120_ad3_c1",120,3,0.1,0.1,0,0.6,0.4,100,100,1
"n120_ad3_c1",120,3,0.1,0.1,0,0.6,0.6,100,100,1
"n120_ad3_c1",120,3,0.1,0.1,0,0.6,0.8,100,100,1
"n120_ad3_c1",120,3,0.1,0.1,0,0.6,1,100,100,1
"n120_ad3_c1",120,3,0.1,0.1,0,0.8,0.2,100,100,1
"n120_ad3_c1",120,3,0.1,0.1,0,0.8,0.4,100,100,1
"n120_ad3_c1",120,3,0.1,0.1,0,0.8,0.6,100,100,1
"n120_ad3_c1",120,3,0.1,0.1,0,0.8,0.8,100,100,1
"n120_ad3_c1",120,3,0.1,0.1,0,0.8,1,100,84,0.84
"n120_ad3_c1",120,3,0.1,0.1,0,1,0.2,100,100,1
"n120_ad3_c1",120,3,0.1,0.1,0,1,0.4,100,100,1
"n120_ad3_c1",120,3,0.1,0.1,0,1,0.6,100,100,1
"n120_ad3_c1",120,3,0.1,0.1,0,1,0.8,100,100,1
"n120_ad3_c1",120,3,0.1,0.1,0,1,1,100,0,0
"n120_ad3_c1",120,3,0.1,0.1,1,0.2,0.2,100,100,1
"n120_ad3_c1",120,3,0.1,0.1,1,0.2,0.4,100,100,1
"n120_ad3_c1",120,3,0.1,0.1,1,0.2,0.6,100,100,1
"n120_ad3_c1",120,3,0.1,0.1,1,0.2,0.8,100,100,1
"n120_ad3_c1",120,3,0.1,0.1,1,0.2,1,100,100,1
"n120_ad3_c1",120,3,0.1,0.1,1,0.4,0.2,100,100,1
"n120_ad3_c1",120,3,0.1,0.1,1,0.4,0.4,100,100,1
"n120_ad3_c1",120,3,0.1,0.1,1,0.4,0.6,100,100,1
"n120_ad3_c1",120,3,0.1,0.1,1,0.4,0.8,100,100,1
"n120_ad3_c1",120,3,0.1,0.1,1,0.4,1,100,100,1
"n120_ad3_c1",120,3,0.1,0.1,1,0.6,0.2,100,100,1
"n120_ad3_c1",120,3,0.1,0.1,1,0.6,0.4,100,100,1
"n120_ad3_c1",120,3,0.1,0.1,1,0.6,0.6,100,100,1
"n120_ad3_c1",120,3,0.1,0.1,1,0.6,0.8,100,100,1
"n120_ad3_c1",120,3,0.1,0.1,1,0.6,1,100,98,0.98
"n120_ad3_c1",120,3,0.1,0.1,1,0.8,0.2,100,100,1
"n120_ad3_c1",120,3,0.1,0.1,1,0.8,0.4,100,100,1
"n120_ad3_c1",120,3,0.1,0.1,1,0.8,0.6,100,100,1
"n120_ad3_c1",120,3,0.1,0.1,1,0.8,0.8,100,100,1
"n120_ad3_c1",120,3,0.1,0.1,1,0.8,1,100,76,0.76
"n120_ad3_c1",120,3,0.1,0.1,1,1,0.2,100,100,1
"n120_ad3_c1",120,3,0.1,0.1,1,1,0.4,100,100,1
"n120_ad3_c1",120,3,0.1,0.1,1,1,0.6,100,100,1
"n120_ad3_c1",120,3,0.1,0.1,1,1,0.8,100,100,1
"n120_ad3_c1",120,3,0.1,0.1,1,1,1,100,0,0
"n120_ad3_c1",120,3,0.1,0.1,2,0.2,0.2,100,100,1
"n120_ad3_c1",120,3,0.1,0.1,2,0.2,0.4,100,100,1
"n120_ad3_c1",120,3,0.1,0.1,2,0.2,0.6,100,100,1
"n120_ad3_c1",120,3,0.1,0.1,2,0.2,0.8,100,100,1
"n120_ad3_c1",120,3,0.1,0.1,2,0.2,1,100,100,1
"n120_ad3_c1",120,3,0.1,0.1,2,0.4,0.2,100,100,1
"n120_ad3_c1",120,3,0.1,0.1,2,0.4,0.4,100,100,1
"n120_ad3_c1",120,3,0.1,0.1,2,0.4,0.6,100,100,1
"n120_ad3_c1",120,3,0.1,0.1,2,0.4,0.8,100,100,1
"n120_ad3_c1",120,3,0.1,0.1,2,0.4,1,100,100,1
"n120_ad3_c1",120,3,0.1,0.1,2,0.6,0.2,100,100,1
"n120_ad3_c1",120,3,0.1,0.1,2,0.6,0.4,100,100,1
"n120_ad3_c1",120,3,0.1,0.1,2,0.6,0.6,100,100,1
"n120_ad3_c1",120,3,0.1,0.1,2,0.6,0.8,100,100,1
"n120_ad3_c1",120,3,0.1,0.1,2,0.6,1,100,96,0.96
"n120_ad3_c1",120,3,0.1,0.1,2,0.8,0.2,100,100,1
"n120_ad3_c1",120,3,0.1,0.1,2,0.8,0.4,100,100,1
"n120_ad3_c1",120,3,0.1,0.1,2,0.8,0.6,100,100,1
"n120_ad3_c1",120,3,0.1,0.1,2,0.8,0.8,100,100,1
"n120_ad3_c1",120,3,0.1,0.1,2,0.8,1,100,76,0.76
"n120_ad3_c1",120,3,0.1,0.1,2,1,0.2,100,100,1
"n120_ad3_c1",120,3,0.1,0.1,2,1,0.4,100,100,1
"n120_ad3_c1",120,3,0.1,0.1,2,1,0.6,100,100,1
"n120_ad3_c1",120,3,0.1,0.1,2,1,0.8,100,100,1
"n120_ad3_c1",120,3,0.1,0.1,2,1,1,100,0,0
"n120_ad3_c1",120,3,0.1,0.1,4,0.2,0.2,100,100,1
"n120_ad3_c1",120,3,0.1,0.1,4,0.2,0.4,100,100,1
"n120_ad3_c1",120,3,0.1,0.1,4,0.2,0.6,100,100,1
"n120_ad3_c1",120,3,0.1,0.1,4,0.2,0.8,100,100,1
"n120_ad3_c1",120,3,0.1,0.1,4,0.2,1,100,100,1
"n120_ad3_c1",120,3,0.1,0.1,4,0.4,0.2,100,100,1
"n120_ad3_c1",120,3,0.1,0.1,4,0.4,0.4,100,100,1
"n120_ad3_c1",120,3,0.1,0.1,4,0.4,0.6,100,100,1
"n120_ad3_c1",120,3,0.1,0.1,4,0.4,0.8,100,100,1
"n120_ad3_c1",120,3,0.1,0.1,4,0.4,1,100,100,1
"n120_ad3_c1",120,3,0.1,0.1,4,0.6,0.2,100,100,1
"n120_ad3_c1",120,3,0.1,0.1,4,0.6,0.4,100,100,1
"n120_ad3_c1",120,3,0.1,0.1,4,0.6,0.6,100,100,1
"n120_ad3_c1",120,3,0.1,0.1,4,0.6,0.8,100,100,1
"n120_ad3_c1",120,3,0.1,0.1,4,0.6,1,100,96,0.96
"n120_ad3_c1",120,3,0.1,0.1,4,0.8,0.2,100,100,1
"n120_ad3_c1",120,3,0.1,0.1,4,0.8,0.4,100,100,1
"n120_ad3_c1",120,3,0.1,0.1,4,0.8,0.6,100,100,1
"n120_ad3_c1",120,3,0.1,0.1,4,0.8,0.8,100,100,1
"n120_ad3_c1",120,3,0.1,0.1,4,0.8,1,100,89,0.89
"n120_ad3_c1",120,3,0.1,0.1,4,1,0.2,100,100,1
"n120_ad3_c1",120,3,0.1,0.1,4,1,0.4,100,100,1
"n120_ad3_c1",120,3,0.1,0.1,4,1,0.6,100,100,1
"n120_ad3_c1",120,3,0.1,0.1,4,1,0.8,100,100,1
"n120_ad3_c1",120,3,0.1,0.1,4,1,1,100,0,0
"n120_ad3_c1",120,3,0.1,0.1,8,0.2,0.2,100,100,1
"n120_ad3_c1",120,3,0.1,0.1,8,0.2,0.4,100,100,1
"n120_ad3_c1",120,3,0.1,0.1,8,0.2,0.6,100,100,1
"n120_ad3_c1",120,3,0.1,0.1,8,0.2,0.8,100,100,1
"n120_ad3_c1",120,3,0.1,0.1,8,0.2,1,100,100,1
"n120_ad3_c1",120,3,0.1,0.1,8,0.4,0.2,100,100,1
"n120_ad3_c1",120,3,0.1,0.1,8,0.4,0.4,100,100,1
"n120_ad3_c1",120,3,0.1,0.1,8,0.4,0.6,100,100,1
"n120_ad3_c1",120,3,0.1,0.1,8,0.4,0.8,100,100,1
"n120_ad3_c1",120,3,0.1,0.1,8,0.4,1,100,100,1
"n120_ad3_c1",120,3,0.1,0.1,8,0.6,0.2,100,100,1
"n120_ad3_c1",120,3,0.1,0.1,8,0.6,0.4,100,100,1
"n120_ad3_c1",120,3,0.1,0.1,8,0.6,0.6,100,100,1
"n120_ad3_c1",120,3,0.1,0.1,8,0.6,0.8,100,100,1
"n120_ad3_c1",120,3,0.1,0.1,8,0.6,1,100,97,0.97
"n120_ad3_c1",120,3,0.1,0.1,8,0.8,0.2,100,100,1
"n120_ad3_c1",120,3,0.1,0.1,8,0.8,0.4,100,100,1
"n120_ad3_c1",120,3,0.1,0.1,8,0.8,0.6,100,100,1
"n120_ad3_c1",120,3,0.1,0.1,8,0.8,0.8,100,100,1
"n120_ad3_c1",120,3,0.1,0.1,8,0.8,1,100,90,0.9
"n120_ad3_c1",120,3,0.1,0.1,8,1,0.2,100,100,1
"n120_ad3_c1",120,3,0.1,0.1,8,1,0.4,100,100,1
"n120_ad3_c1",120,3,0.1,0.1,8,1,0.6,100,100,1
"n120_ad3_c1",120,3,0.1,0.1,8,1,0.8,100,100,1
"n120_ad3_c1",120,3,0.1,0.1,8,1,1,100,0,0
"n120_ad3_c3",120,3,0.3,0.01,0,0.2,0.2,100,100,1
"n120_ad3_c3",120,3,0.3,0.01,0,0.2,0.4,100,100,1
"n120_ad3_c3",120,3,0.3,0.01,0,0.2,0.6,100,100,1
"n120_ad3_c3",120,3,0.3,0.01,0,0.2,0.8,100,100,1
"n120_ad3_c3",120,3,0.3,0.01,0,0.2,1,100,65,0.65
"n120_ad3_c3",120,3,0.3,0.01,0,0.4,0.2,100,100,1
"n120_ad3_c3",120,3,0.3,0.01,0,0.4,0.4,100,100,1
"n120_ad3_c3",120,3,0.3,0.01,0,0.4,0.6,100,100,1
"n120_ad3_c3",120,3,0.3,0.01,0,0.4,0.8,100,100,1
"n120_ad3_c3",120,3,0.3,0.01,0,0.4,1,100,50,0.5
"n120_ad3_c3",120,3,0.3,0.01,0,0.6,0.2,100,100,1
"n120_ad3_c3",120,3,0.3,0.01,0,0.6,0.4,100,100,1
"n120_ad3_c3",120,3,0.3,0.01,0,0.6,0.6,100,100,1
"n120_ad3_c3",120,3,0.3,0.01,0,0.6,0.8,100,100,1
"n120_ad3_c3",120,3,0.3,0.01,0,0.6,1,100,24,0.24
"n120_ad3_c3",120,3,0.3,0.01,0,0.8,0.2,100,100,1
"n120_ad3_c3",120,3,0.3,0.01,0,0.8,0.4,100,100,1
"n120_ad3_c3",120,3,0.3,0.01,0,0.8,0.6,100,100,1
"n120_ad3_c3",120,3,0.3,0.01,0,0.8,0.8,100,100,1
"n120_ad3_c3",120,3,0.3,0.01,0,0.8,1,100,12,0.12
"n120_ad3_c3",120,3,0.3,0.01,0,1,0.2,100,100,1
"n120_ad3_c3",120,3,0.3,0.01,0,1,0.4,100,100,1
"n120_ad3_c3",120,3,0.3,0.01,0,1,0.6,100,100,1
"n120_ad3_c3",120,3,0.3,0.01,0,1,0.8,100,100,1
"n120_ad3_c3",120,3,0.3,0.01,0,1,1,100,0,0
"n120_ad3_c3",120,3,0.3,0.01,1,0.2,0.2,100,100,1
"n120_ad3_c3",120,3,0.3,0.01,1,0.2,0.4,100,100,1
"n120_ad3_c3",120,3,0.3,0.01,1,0.2,0.6,100,100,1
"n120_ad3_c3",120,3,0.3,0.01,1,0.2,0.8,100,100,1
"n120_ad3_c3",120,3,0.3,0.01,1,0.2,1,100,68,0.68
"n120_ad3_c3",120,3,0.3,0.01,1,0.4,0.2,100,100,1
"n120_ad3_c3",120,3,0.3,0.01,1,0.4,0.4,100,100,1
"n120_ad3_c3",120,3,0.3,0.01,1,0.4,0.6,100,100,1
"n120_ad3_c3",120,3,0.3,0.01,1,0.4,0.8,100,100,1
"n120_ad3_c3",120,3,0.3,0.01,1,0.4,1,100,42,0.42
"n120_ad3_c3",120,3,0.3,0.01,1,0.6,0.2,100,100,1
"n120_ad3_c3",120,3,0.3,0.01,1,0.6,0.4,100,100,1
"n120_ad3_c3",120,3,0.3,0.01,1,0.6,0.6,100,100,1
"n120_ad3_c3",120,3,0.3,0.01,1,0.6,0.8,100,100,1
"n120_ad3_c3",120,3,0.3,0.01,1,0.6,1,100,31,0.31
"n120_ad3_c3",120,3,0.3,0.01,1,0.8,0.2,100,100,1
"n120_ad3_c3",120,3,0.3,0.01,1,0.8,0.4,100,100,1
"n120_ad3_c3",120,3,0.3,0.01,1,0.8,0.6,100,100,1
"n120_ad3_c3",120,3,0.3,0.01,1,0.8,0.8,100,100,1
"n120_ad3_c3",120,3,0.3,0.01,1,0.8,1,100,12,0.12
"n120_ad3_c3",120,3,0.3,0.01,1,1,0.2,100,100,1
"n120_ad3_c3",120,3,0.3,0.01,1,1,0.4,100,100,1
"n120_ad3_c3",120,3,0.3,0.01,1,1,0.6,100,100,1
"n120_ad3_c3",120,3,0.3,0.01,1,1,0.8,100,100,1
"n120_ad3_c3",120,3,0.3,0.01,1,1,1,100,0,0
"n120_ad3_c3",120,3,0.3,0.01,2,0.2,0.2,100,100,1
"n120_ad3_c3",120,3,0.3,0.01,2,0.2,0.4,100,100,1
"n120_ad3_c3",120,3,0.3,0.01,2,0.2,0.6,100,100,1
"n120_ad3_c3",120,3,0.3,0.01,2,0.2,0.8,100,100,1
"n120_ad3_c3",120,3,0.3,0.01,2,0.2,1,100,76,0.76
"n120_ad3_c3",120,3,0.3,0.01,2,0.4,0.2,100,100,1
"n120_ad3_c3",120,3,0.3,0.01,2,0.4,0.4,100,100,1
"n120_ad3_c3",120,3,0.3,0.01,2,0.4,0.6,100,100,1
"n120_ad3_c3",120,3,0.3,0.01,2,0.4,0.8,100,100,1
"n120_ad3_c3",120,3,0.3,0.01,2,0.4,1,100,56,0.56
"n120_ad3_c3",120,3,0.3,0.01,2,0.6,0.2,100,100,1
"n120_ad3_c3",120,3,0.3,0.01,2,0.6,0.4,100,100,1
"n120_ad3_c3",120,3,0.3,0.01,2,0.6,0.6,100,100,1
"n120_ad3_c3",120,3,0.3,0.01,2,0.6,0.8,100,100,1
"n120_ad3_c3",120,3,0.3,0.01,2,0.6,1,100,45,0.45
"n120_ad3_c3",120,3,0.3,0.01,2,0.8,0.2,100,100,1
"n120_ad3_c3",120,3,0.3,0.01,2,0.8,0.4,100,100,1
"n120_ad3_c3",120,3,0.3,0.01,2,0.8,0.6,100,100,1
"n120_ad3_c3",120,3,0.3,0.01,2,0.8,0.8,100,100,1
"n120_ad3_c3",120,3,0.3,0.01,2,0.8,1,100,37,0.37
"n120_ad3_c3",120,3,0.3,0.01,2,1,0.2,100,100,1
"n120_ad3_c3",120,3,0.3,0.01,2,1,0.4,100,100,1
"n120_ad3_c3",120,3,0.3,0.01,2,1,0.6,100,100,1
"n120_ad3_c3",120,3,0.3,0.01,2,1,0.8,100,100,1
"n120_ad3_c3",120,3,0.3,0.01,2,1,1,100,0,0
"n120_ad3_c3",120,3,0.3,0.01,4,0.2,0.2,100,100,1
"n120_ad3_c3",120,3,0.3,0.01,4,0.2,0.4,100,100,1
"n120_ad3_c3",120,3,0.3,0.01,4,0.2,0.6,100,100,1
"n120_ad3_c3",120,3,0.3,0.01,4,0.2,0.8,100,100,1
"n120_ad3_c3",120,3,0.3,0.01,4,0.2,1,100,91,0.91
"n120_ad3_c3",120,3,0.3,0.01,4,0.4,0.2,100,100,1
"n120_ad3_c3",120,3,0.3,0.01,4,0.4,0.4,100,100,1
"n120_ad3_c3",120,3,0.3,0.01,4,0.4,0.6,100,100,1
"n120_ad3_c3",120,3,0.3,0.01,4,0.4,0.8,100,100,1
"n120_ad3_c3",120,3,0.3,0.01,4,0.4,1,100,88,0.88
"n120_ad3_c3",120,3,0.3,0.01,4,0.6,0.2,100,100,1
"n120_ad3_c3",120,3,0.3,0.01,4,0.6,0.4,100,100,1
"n120_ad3_c3",120,3,0.3,0.01,4,0.6,0.6,100,100,1
"n120_ad3_c3",120,3,0.3,0.01,4,0.6,0.8,100,100,1
"n120_ad3_c3",120,3,0.3,0.01,4,0.6,1,100,81,0.81
"n120_ad3_c3",120,3,0.3,0.01,4,0.8,0.2,100,100,1
"n120_ad3_c3",120,3,0.3,0.01,4,0.8,0.4,100,100,1
"n120_ad3_c3",120,3,0.3,0.01,4,0.8,0.6,100,100,1
"n120_ad3_c3",120,3,0.3,0.01,4,0.8,0.8,100,100,1
"n120_ad3_c3",120,3,0.3,0.01,4,0.8,1,100,50,0.5
"n120_ad3_c3",120,3,0.3,0.01,4,1,0.2,100,100,1
"n120_ad3_c3",120,3,0.3,0.01,4,1,0.4,100,100,1
"n120_ad3_c3",120,3,0.3,0.01,4,1,0.6,100,100,1
"n120_ad3_c3",120,3,0.3,0.01,4,1,0.8,100,100,1
"n120_ad3_c3",120,3,0.3,0.01,4,1,1,100,0,0
"n120_ad3_c3",120,3,0.3,0.01,8,0.2,0.2,100,100,1
"n120_ad3_c3",120,3,0.3,0.01,8,0.2,0.4,100,100,1
"n120_ad3_c3",120,3,0.3,0.01,8,0.2,0.6,100,100,1
"n120_ad3_c3",120,3,0.3,0.01,8,0.2,0.8,100,100,1
"n120_ad3_c3",120,3,0.3,0.01,8,0.2,1,100,98,0.98
"n120_ad3_c3",120,3,0.3,0.01,8,0.4,0.2,100,100,1
"n120_ad3_c3",120,3,0.3,0.01,8,0.4,0.4,100,100,1
"n120_ad3_c3",120,3,0.3,0.01,8,0.4,0.6,100,100,1
"n120_ad3_c3",120,3,0.3,0.01,8,0.4,0.8,100,100,1
"n120_ad3_c3",120,3,0.3,0.01,8,0.4,1,100,92,0.92
"n120_ad3_c3",120,3,0.3,0.01,8,0.6,0.2,100,100,1
"n120_ad3_c3",120,3,0.3,0.01,8,0.6,0.4,100,100,1
"n120_ad3_c3",120,3,0.3,0.01,8,0.6,0.6,100,100,1
"n120_ad3_c3",120,3,0.3,0.01,8,0.6,0.8,100,100,1
"n120_ad3_c3",120,3,0.3,0.01,8,0.6,1,100,80,0.8
"n120_ad3_c3",120,3,0.3,0.01,8,0.8,0.2,100,100,1
"n120_ad3_c3",120,3,0.3,0.01,8,0.8,0.4,100,100,1
"n120_ad3_c3",120,3,0.3,0.01,8,0.8,0.6,100,100,1
"n120_ad3_c3",120,3,0.3,0.01,8,0.8,0.8,100,100,1
"n120_ad3_c3",120,3,0.3,0.01,8,0.8,1,100,59,0.59
"n120_ad3_c3",120,3,0.3,0.01,8,1,0.2,100,100,1
"n120_ad3_c3",120,3,0.3,0.01,8,1,0.4,100,100,1
"n120_ad3_c3",120,3,0.3,0.01,8,1,0.6,100,100,1
"n120_ad3_c3",120,3,0.3,0.01,8,1,0.8,100,100,1
"n120_ad3_c3",120,3,0.3,0.01,8,1,1,100,0,0
"n120_ad3_c3",120,3,0.3,0.05,0,0.2,0.2,100,100,1
"n120_ad3_c3",120,3,0.3,0.05,0,0.2,0.4,100,100,1
"n120_ad3_c3",120,3,0.3,0.05,0,0.2,0.6,100,100,1
"n120_ad3_c3",120,3,0.3,0.05,0,0.2,0.8,100,100,1
"n120_ad3_c3",120,3,0.3,0.05,0,0.2,1,100,100,1
"n120_ad3_c3",120,3,0.3,0.05,0,0.4,0.2,100,100,1
"n120_ad3_c3",120,3,0.3,0.05,0,0.4,0.4,100,100,1
"n120_ad3_c3",120,3,0.3,0.05,0,0.4,0.6,100,100,1
"n120_ad3_c3",120,3,0.3,0.05,0,0.4,0.8,100,100,1
"n120_ad3_c3",120,3,0.3,0.05,0,0.4,1,100,98,0.98
"n120_ad3_c3",120,3,0.3,0.05,0,0.6,0.2,100,100,1
"n120_ad3_c3",120,3,0.3,0.05,0,0.6,0.4,100,100,1
"n120_ad3_c3",120,3,0.3,0.05,0,0.6,0.6,100,100,1
"n120_ad3_c3",120,3,0.3,0.05,0,0.6,0.8,100,100,1
"n120_ad3_c3",120,3,0.3,0.05,0,0.6,1,100,88,0.88
"n120_ad3_c3",120,3,0.3,0.05,0,0.8,0.2,100,100,1
"n120_ad3_c3",120,3,0.3,0.05,0,0.8,0.4,100,100,1
"n120_ad3_c3",120,3,0.3,0.05,0,0.8,0.6,100,100,1
"n120_ad3_c3",120,3,0.3,0.05,0,0.8,0.8,100,100,1
"n120_ad3_c3",120,3,0.3,0.05,0,0.8,1,100,57,0.57
"n120_ad3_c3",120,3,0.3,0.05,0,1,0.2,100,100,1
"n120_ad3_c3",120,3,0.3,0.05,0,1,0.4,100,100,1
"n120_ad3_c3",120,3,0.3,0.05,0,1,0.6,100,100,1
"n120_ad3_c3",120,3,0.3,0.05,0,1,0.8,100,100,1
"n120_ad3_c3",120,3,0.3,0.05,0,1,1,100,0,0
"n120_ad3_c3",120,3,0.3,0.05,1,0.2,0.2,100,100,1
"n120_ad3_c3",120,3,0.3,0.05,1,0.2,0.4,100,100,1
"n120_ad3_c3",120,3,0.3,0.05,1,0.2,0.6,100,100,1
"n120_ad3_c3",120,3,0.3,0.05,1,0.2,0.8,100,100,1
"n120_ad3_c3",120,3,0.3,0.05,1,0.2,1,100,100,1
"n120_ad3_c3",120,3,0.3,0.05,1,0.4,0.2,100,100,1
"n120_ad3_c3",120,3,0.3,0.05,1,0.4,0.4,100,100,1
"n120_ad3_c3",120,3,0.3,0.05,1,0.4,0.6,100,100,1
"n120_ad3_c3",120,3,0.3,0.05,1,0.4,0.8,100,100,1
"n120_ad3_c3",120,3,0.3,0.05,1,0.4,1,100,96,0.96
"n120_ad3_c3",120,3,0.3,0.05,1,0.6,0.2,100,100,1
"n120_ad3_c3",120,3,0.3,0.05,1,0.6,0.4,100,100,1
"n120_ad3_c3",120,3,0.3,0.05,1,0.6,0.6,100,100,1
"n120_ad3_c3",120,3,0.3,0.05,1,0.6,0.8,100,100,1
"n120_ad3_c3",120,3,0.3,0.05,1,0.6,1,100,87,0.87
"n120_ad3_c3",120,3,0.3,0.05,1,0.8,0.2,100,100,1
"n120_ad3_c3",120,3,0.3,0.05,1,0.8,0.4,100,100,1
"n120_ad3_c3",120,3,0.3,0.05,1,0.8,0.6,100,100,1
"n120_ad3_c3",120,3,0.3,0.05,1,0.8,0.8,100,100,1
"n120_ad3_c3",120,3,0.3,0.05,1,0.8,1,100,70,0.7
"n120_ad3_c3",120,3,0.3,0.05,1,1,0.2,100,100,1
"n120_ad3_c3",120,3,0.3,0.05,1,1,0.4,100,100,1
"n120_ad3_c3",120,3,0.3,0.05,1,1,0.6,100,100,1
"n120_ad3_c3",120,3,0.3,0.05,1,1,0.8,100,100,1
"n120_ad3_c3",120,3,0.3,0.05,1,1,1,100,0,0
"n120_ad3_c3",120,3,0.3,0.05,2,0.2,0.2,100,100,1
"n120_ad3_c3",120,3,0.3,0.05,2,0.2,0.4,100,100,1
"n120_ad3_c3",120,3,0.3,0.05,2,0.2,0.6,100,100,1
"n120_ad3_c3",120,3,0.3,0.05,2,0.2,0.8,100,100,1
"n120_ad3_c3",120,3,0.3,0.05,2,0.2,1,100,100,1
"n120_ad3_c3",120,3,0.3,0.05,2,0.4,0.2,100,100,1
"n120_ad3_c3",120,3,0.3,0.05,2,0.4,0.4,100,100,1
"n120_ad3_c3",120,3,0.3,0.05,2,0.4,0.6,100,100,1
"n120_ad3_c3",120,3,0.3,0.05,2,0.4,0.8,100,100,1
"n120_ad3_c3",120,3,0.3,0.05,2,0.4,1,100,100,1
"n120_ad3_c3",120,3,0.3,0.05,2,0.6,0.2,100,100,1
"n120_ad3_c3",120,3,0.3,0.05,2,0.6,0.4,100,100,1
"n120_ad3_c3",120,3,0.3,0.05,2,0.6,0.6,100,100,1
"n120_ad3_c3",120,3,0.3,0.05,2,0.6,0.8,100,100,1
"n120_ad3_c3",120,3,0.3,0.05,2,0.6,1,100,93,0.93
"n120_ad3_c3",120,3,0.3,0.05,2,0.8,0.2,100,100,1
"n120_ad3_c3",120,3,0.3,0.05,2,0.8,0.4,100,100,1
"n120_ad3_c3",120,3,0.3,0.05,2,0.8,0.6,100,100,1
"n120_ad3_c3",120,3,0.3,0.05,2,0.8,0.8,100,100,1
"n120_ad3_c3",120,3,0.3,0.05,2,0.8,1,100,80,0.8
"n120_ad3_c3",120,3,0.3,0.05,2,1,0.2,100,100,1
"n120_ad3_c3",120,3,0.3,0.05,2,1,0.4,100,100,1
"n120_ad3_c3",120,3,0.3,0.05,2,1,0.6,100,100,1
"n120_ad3_c3",120,3,0.3,0.05,2,1,0.8,100,100,1
"n120_ad3_c3",120,3,0.3,0.05,2,1,1,100,0,0
"n120_ad3_c3",120,3,0.3,0.05,4,0.2,0.2,100,100,1
"n120_ad3_c3",120,3,0.3,0.05,4,0.2,0.4,100,100,1
"n120_ad3_c3",120,3,0.3,0.05,4,0.2,0.6,100,100,1
"n120_ad3_c3",120,3,0.3,0.05,4,0.2,0.8,100,100,1
"n120_ad3_c3",120,3,0.3,0.05,4,0.2,1,100,100,1
"n120_ad3_c3",120,3,0.3,0.05,4,0.4,0.2,100,100,1
"n120_ad3_c3",120,3,0.3,0.05,4,0.4,0.4,100,100,1
"n120_ad3_c3",120,3,0.3,0.05,4,0.4,0.6,100,100,1
"n120_ad3_c3",120,3,0.3,0.05,4,0.4,0.8,100,100,1
"n120_ad3_c3",120,3,0.3,0.05,4,0.4,1,100,99,0.99
"n120_ad3_c3",120,3,0.3,0.05,4,0.6,0.2,100,100,1
"n120_ad3_c3",120,3,0.3,0.05,4,0.6,0.4,100,100,1
"n120_ad3_c3",120,3,0.3,0.05,4,0.6,0.6,100,100,1
"n120_ad3_c3",120,3,0.3,0.05,4,0.6,0.8,100,100,1
"n120_ad3_c3",120,3,0.3,0.05,4,0.6,1,100,97,0.97
"n120_ad3_c3",120,3,0.3,0.05,4,0.8,0.2,100,100,1
"n120_ad3_c3",120,3,0.3,0.05,4,0.8,0.4,100,100,1
"n120_ad3_c3",120,3,0.3,0.05,4,0.8,0.6,100,100,1
"n120_ad3_c3",120,3,0.3,0.05,4,0.8,0.8,100,100,1
"n120_ad3_c3",120,3,0.3,0.05,4,0.8,1,100,80,0.8
"n120_ad3_c3",120,3,0.3,0.05,4,1,0.2,100,100,1
"n120_ad3_c3",120,3,0.3,0.05,4,1,0.4,100,100,1
"n120_ad3_c3",120,3,0.3,0.05,4,1,0.6,100,100,1
"n120_ad3_c3",120,3,0.3,0.05,4,1,0.8,100,100,1
"n120_ad3_c3",120,3,0.3,0.05,4,1,1,100,0,0
"n120_ad3_c3",120,3,0.3,0.05,8,0.2,0.2,100,100,1
"n120_ad3_c3",120,3,0.3,0.05,8,0.2,0.4,100,100,1
"n120_ad3_c3",120,3,0.3,0.05,8,0.2,0.6,100,100,1
"n120_ad3_c3",120,3,0.3,0.05,8,0.2,0.8,100,100,1
"n120_ad3_c3",120,3,0.3,0.05,8,0.2,1,100,100,1
"n120_ad3_c3",120,3,0.3,0.05,8,0.4,0.2,100,100,1
"n120_ad3_c3",120,3,0.3,0.05,8,0.4,0.4,100,100,1
"n120_ad3_c3",120,3,0.3,0.05,8,0.4,0.6,100,100,1
"n120_ad3_c3",120,3,0.3,0.05,8,0.4,0.8,100,100,1
"n120_ad3_c3",120,3,0.3,0.05,8,0.4,1,100,100,1
"n120_ad3_c3",120,3,0.3,0.05,8,0.6,0.2,100,100,1
"n120_ad3_c3",120,3,0.3,0.05,8,0.6,0.4,100,100,1
"n120_ad3_c3",120,3,0.3,0.05,8,0.6,0.6,100,100,1
"n120_ad3_c3",120,3,0.3,0.05,8,0.6,0.8,100,100,1
"n120_ad3_c3",120,3,0.3,0.05,8,0.6,1,100,98,0.98
"n120_ad3_c3",120,3,0.3,0.05,8,0.8,0.2,100,100,1
"n120_ad3_c3",120,3,0.3,0.05,8,0.8,0.4,100,100,1
"n120_ad3_c3",120,3,0.3,0.05,8,0.8,0.6,100,100,1
"n120_ad3_c3",120,3,0.3,0.05,8,0.8,0.8,100,100,1
"n120_ad3_c3",120,3,0.3,0.05,8,0.8,1,100,87,0.87
"n120_ad3_c3",120,3,0.3,0.05,8,1,0.2,100,100,1
"n120_ad3_c3",120,3,0.3,0.05,8,1,0.4,100,100,1
"n120_ad3_c3",120,3,0.3,0.05,8,1,0.6,100,100,1
"n120_ad3_c3",120,3,0.3,0.05,8,1,0.8,100,100,1
"n120_ad3_c3",120,3,0.3,0.05,8,1,1,100,0,0
"n120_ad3_c3",120,3,0.3,0.1,0,0.2,0.2,100,100,1
"n120_ad3_c3",120,3,0.3,0.1,0,0.2,0.4,100,100,1
"n120_ad3_c3",120,3,0.3,0.1,0,0.2,0.6,100,100,1
"n120_ad3_c3",120,3,0.3,0.1,0,0.2,0.8,100,100,1
"n120_ad3_c3",120,3,0.3,0.1,0,0.2,1,100,100,1
"n120_ad3_c3",120,3,0.3,0.1,0,0.4,0.2,100,100,1
"n120_ad3_c3",120,3,0.3,0.1,0,0.4,0.4,100,100,1
"n120_ad3_c3",120,3,0.3,0.1,0,0.4,0.6,100,100,1
"n120_ad3_c3",120,3,0.3,0.1,0,0.4,0.8,100,100,1
"n120_ad3_c3",120,3,0.3,0.1,0,0.4,1,100,100,1
"n120_ad3_c3",120,3,0.3,0.1,0,0.6,0.2,100,100,1
"n120_ad3_c3",120,3,0.3,0.1,0,0.6,0.4,100,100,1
"n120_ad3_c3",120,3,0.3,0.1,0,0.6,0.6,100,100,1
"n120_ad3_c3",120,3,0.3,0.1,0,0.6,0.8,100,100,1
"n120_ad3_c3",120,3,0.3,0.1,0,0.6,1,100,96,0.96
"n120_ad3_c3",120,3,0.3,0.1,0,0.8,0.2,100,100,1
"n120_ad3_c3",120,3,0.3,0.1,0,0.8,0.4,100,100,1
"n120_ad3_c3",120,3,0.3,0.1,0,0.8,0.6,100,100,1
"n120_ad3_c3",120,3,0.3,0.1,0,0.8,0.8,100,100,1
"n120_ad3_c3",120,3,0.3,0.1,0,0.8,1,100,86,0.86
"n120_ad3_c3",120,3,0.3,0.1,0,1,0.2,100,100,1
"n120_ad3_c3",120,3,0.3,0.1,0,1,0.4,100,100,1
"n120_ad3_c3",120,3,0.3,0.1,0,1,0.6,100,100,1
"n120_ad3_c3",120,3,0.3,0.1,0,1,0.8,100,100,1
"n120_ad3_c3",120,3,0.3,0.1,0,1,1,100,0,0
"n120_ad3_c3",120,3,0.3,0.1,1,0.2,0.2,100,100,1
"n120_ad3_c3",120,3,0.3,0.1,1,0.2,0.4,100,100,1
"n120_ad3_c3",120,3,0.3,0.1,1,0.2,0.6,100,100,1
"n120_ad3_c3",120,3,0.3,0.1,1,0.2,0.8,100,100,1
"n120_ad3_c3",120,3,0.3,0.1,1,0.2,1,100,100,1
"n120_ad3_c3",120,3,0.3,0.1,1,0.4,0.2,100,100,1
"n120_ad3_c3",120,3,0.3,0.1,1,0.4,0.4,100,100,1
"n120_ad3_c3",120,3,0.3,0.1,1,0.4,0.6,100,100,1
"n120_ad3_c3",120,3,0.3,0.1,1,0.4,0.8,100,100,1
"n120_ad3_c3",120,3,0.3,0.1,1,0.4,1,100,99,0.99
"n120_ad3_c3",120,3,0.3,0.1,1,0.6,0.2,100,100,1
"n120_ad3_c3",120,3,0.3,0.1,1,0.6,0.4,100,100,1
"n120_ad3_c3",120,3,0.3,0.1,1,0.6,0.6,100,100,1
"n120_ad3_c3",120,3,0.3,0.1,1,0.6,0.8,100,100,1
"n120_ad3_c3",120,3,0.3,0.1,1,0.6,1,100,97,0.97
"n120_ad3_c3",120,3,0.3,0.1,1,0.8,0.2,100,100,1
"n120_ad3_c3",120,3,0.3,0.1,1,0.8,0.4,100,100,1
"n120_ad3_c3",120,3,0.3,0.1,1,0.8,0.6,100,100,1
"n120_ad3_c3",120,3,0.3,0.1,1,0.8,0.8,100,100,1
"n120_ad3_c3",120,3,0.3,0.1,1,0.8,1,100,85,0.85
"n120_ad3_c3",120,3,0.3,0.1,1,1,0.2,100,100,1
"n120_ad3_c3",120,3,0.3,0.1,1,1,0.4,100,100,1
"n120_ad3_c3",120,3,0.3,0.1,1,1,0.6,100,100,1
"n120_ad3_c3",120,3,0.3,0.1,1,1,0.8,100,100,1
"n120_ad3_c3",120,3,0.3,0.1,1,1,1,100,0,0
"n120_ad3_c3",120,3,0.3,0.1,2,0.2,0.2,100,100,1
"n120_ad3_c3",120,3,0.3,0.1,2,0.2,0.4,100,100,1
"n120_ad3_c3",120,3,0.3,0.1,2,0.2,0.6,100,100,1
"n120_ad3_c3",120,3,0.3,0.1,2,0.2,0.8,100,100,1
"n120_ad3_c3",120,3,0.3,0.1,2,0.2,1,100,100,1
"n120_ad3_c3",120,3,0.3,0.1,2,0.4,0.2,100,100,1
"n120_ad3_c3",120,3,0.3,0.1,2,0.4,0.4,100,100,1
"n120_ad3_c3",120,3,0.3,0.1,2,0.4,0.6,100,100,1
"n120_ad3_c3",120,3,0.3,0.1,2,0.4,0.8,100,100,1
"n120_ad3_c3",120,3,0.3,0.1,2,0.4,1,100,100,1
"n120_ad3_c3",120,3,0.3,0.1,2,0.6,0.2,100,100,1
"n120_ad3_c3",120,3,0.3,0.1,2,0.6,0.4,100,100,1
"n120_ad3_c3",120,3,0.3,0.1,2,0.6,0.6,100,100,1
"n120_ad3_c3",120,3,0.3,0.1,2,0.6,0.8,100,100,1
"n120_ad3_c3",120,3,0.3,0.1,2,0.6,1,100,100,1
"n120_ad3_c3",120,3,0.3,0.1,2,0.8,0.2,100,100,1
"n120_ad3_c3",120,3,0.3,0.1,2,0.8,0.4,100,100,1
"n120_ad3_c3",120,3,0.3,0.1,2,0.8,0.6,100,100,1
"n120_ad3_c3",120,3,0.3,0.1,2,0.8,0.8,100,100,1
"n120_ad3_c3",120,3,0.3,0.1,2,0.8,1,100,90,0.9
"n120_ad3_c3",120,3,0.3,0.1,2,1,0.2,100,100,1
"n120_ad3_c3",120,3,0.3,0.1,2,1,0.4,100,100,1
"n120_ad3_c3",120,3,0.3,0.1,2,1,0.6,100,100,1
"n120_ad3_c3",120,3,0.3,0.1,2,1,0.8,100,98,0.98
"n120_ad3_c3",120,3,0.3,0.1,2,1,1,100,0,0
"n120_ad3_c3",120,3,0.3,0.1,4,0.2,0.2,100,100,1
"n120_ad3_c3",120,3,0.3,0.1,4,0.2,0.4,100,100,1
"n120_ad3_c3",120,3,0.3,0.1,4,0.2,0.6,100,100,1
"n120_ad3_c3",120,3,0.3,0.1,4,0.2,0.8,100,100,1
"n120_ad3_c3",120,3,0.3,0.1,4,0.2,1,100,100,1
"n120_ad3_c3",120,3,0.3,0.1,4,0.4,0.2,100,100,1
"n120_ad3_c3",120,3,0.3,0.1,4,0.4,0.4,100,100,1
"n120_ad3_c3",120,3,0.3,0.1,4,0.4,0.6,100,100,1
"n120_ad3_c3",120,3,0.3,0.1,4,0.4,0.8,100,100,1
"n120_ad3_c3",120,3,0.3,0.1,4,0.4,1,100,100,1
"n120_ad3_c3",120,3,0.3,0.1,4,0.6,0.2,100,100,1
"n120_ad3_c3",120,3,0.3,0.1,4,0.6,0.4,100,100,1
"n120_ad3_c3",120,3,0.3,0.1,4,0.6,0.6,100,100,1
"n120_ad3_c3",120,3,0.3,0.1,4,0.6,0.8,100,100,1
"n120_ad3_c3",120,3,0.3,0.1,4,0.6,1,100,100,1
"n120_ad3_c3",120,3,0.3,0.1,4,0.8,0.2,100,100,1
"n120_ad3_c3",120,3,0.3,0.1,4,0.8,0.4,100,100,1
"n120_ad3_c3",120,3,0.3,0.1,4,0.8,0.6,100,100,1
"n120_ad3_c3",120,3,0.3,0.1,4,0.8,0.8,100,100,1
"n120_ad3_c3",120,3,0.3,0.1,4,0.8,1,100,95,0.95
"n120_ad3_c3",120,3,0.3,0.1,4,1,0.2,100,100,1
"n120_ad3_c3",120,3,0.3,0.1,4,1,0.4,100,100,1
"n120_ad3_c3",120,3,0.3,0.1,4,1,0.6,100,100,1
"n120_ad3_c3",120,3,0.3,0.1,4,1,0.8,100,100,1
"n120_ad3_c3",120,3,0.3,0.1,4,1,1,100,0,0
"n120_ad3_c3",120,3,0.3,0.1,8,0.2,0.2,100,100,1
"n120_ad3_c3",120,3,0.3,0.1,8,0.2,0.4,100,100,1
"n120_ad3_c3",120,3,0.3,0.1,8,0.2,0.6,100,100,1
"n120_ad3_c3",120,3,0.3,0.1,8,0.2,0.8,100,100,1
"n120_ad3_c3",120,3,0.3,0.1,8,0.2,1,100,100,1
"n120_ad3_c3",120,3,0.3,0.1,8,0.4,0.2,100,100,1
"n120_ad3_c3",120,3,0.3,0.1,8,0.4,0.4,100,100,1
"n120_ad3_c3",120,3,0.3,0.1,8,0.4,0.6,100,100,1
"n120_ad3_c3",120,3,0.3,0.1,8,0.4,0.8,100,100,1
"n120_ad3_c3",120,3,0.3,0.1,8,0.4,1,100,100,1
"n120_ad3_c3",120,3,0.3,0.1,8,0.6,0.2,100,100,1
"n120_ad3_c3",120,3,0.3,0.1,8,0.6,0.4,100,100,1
"n120_ad3_c3",120,3,0.3,0.1,8,0.6,0.6,100,100,1
"n120_ad3_c3",120,3,0.3,0.1,8,0.6,0.8,100,100,1
"n120_ad3_c3",120,3,0.3,0.1,8,0.6,1,100,100,1
"n120_ad3_c3",120,3,0.3,0.1,8,0.8,0.2,100,100,1
"n120_ad3_c3",120,3,0.3,0.1,8,0.8,0.4,100,100,1
"n120_ad3_c3",120,3,0.3,0.1,8,0.8,0.6,100,100,1
"n120_ad3_c3",120,3,0.3,0.1,8,0.8,0.8,100,100,1
"n120_ad3_c3",120,3,0.3,0.1,8,0.8,1,100,95,0.95
"n120_ad3_c3",120,3,0.3,0.1,8,1,0.2,100,100,1
"n120_ad3_c3",120,3,0.3,0.1,8,1,0.4,100,100,1
"n120_ad3_c3",120,3,0.3,0.1,8,1,0.6,100,100,1
"n120_ad3_c3",120,3,0.3,0.1,8,1,0.8,100,99,0.99
"n120_ad3_c3",120,3,0.3,0.1,8,1,1,100,0,0
"n120_ad3_c5",120,3,0.5,0.01,0,0.2,0.2,100,100,1
"n120_ad3_c5",120,3,0.5,0.01,0,0.2,0.4,100,100,1
"n120_ad3_c5",120,3,0.5,0.01,0,0.2,0.6,100,100,1
"n120_ad3_c5",120,3,0.5,0.01,0,0.2,0.8,100,100,1
"n120_ad3_c5",120,3,0.5,0.01,0,0.2,1,100,67,0.67
"n120_ad3_c5",120,3,0.5,0.01,0,0.4,0.2,100,100,1
"n120_ad3_c5",120,3,0.5,0.01,0,0.4,0.4,100,100,1
"n120_ad3_c5",120,3,0.5,0.01,0,0.4,0.6,100,100,1
"n120_ad3_c5",120,3,0.5,0.01,0,0.4,0.8,100,100,1
"n120_ad3_c5",120,3,0.5,0.01,0,0.4,1,100,41,0.41
"n120_ad3_c5",120,3,0.5,0.01,0,0.6,0.2,100,100,1
"n120_ad3_c5",120,3,0.5,0.01,0,0.6,0.4,100,100,1
"n120_ad3_c5",120,3,0.5,0.01,0,0.6,0.6,100,100,1
"n120_ad3_c5",120,3,0.5,0.01,0,0.6,0.8,100,100,1
"n120_ad3_c5",120,3,0.5,0.01,0,0.6,1,100,29,0.29
"n120_ad3_c5",120,3,0.5,0.01,0,0.8,0.2,100,100,1
"n120_ad3_c5",120,3,0.5,0.01,0,0.8,0.4,100,100,1
"n120_ad3_c5",120,3,0.5,0.01,0,0.8,0.6,100,100,1
"n120_ad3_c5",120,3,0.5,0.01,0,0.8,0.8,100,100,1
"n120_ad3_c5",120,3,0.5,0.01,0,0.8,1,100,17,0.17
"n120_ad3_c5",120,3,0.5,0.01,0,1,0.2,100,100,1
"n120_ad3_c5",120,3,0.5,0.01,0,1,0.4,100,100,1
"n120_ad3_c5",120,3,0.5,0.01,0,1,0.6,100,100,1
"n120_ad3_c5",120,3,0.5,0.01,0,1,0.8,100,100,1
"n120_ad3_c5",120,3,0.5,0.01,0,1,1,100,0,0
"n120_ad3_c5",120,3,0.5,0.01,1,0.2,0.2,100,100,1
"n120_ad3_c5",120,3,0.5,0.01,1,0.2,0.4,100,100,1
"n120_ad3_c5",120,3,0.5,0.01,1,0.2,0.6,100,100,1
"n120_ad3_c5",120,3,0.5,0.01,1,0.2,0.8,100,100,1
"n120_ad3_c5",120,3,0.5,0.01,1,0.2,1,100,74,0.74
"n120_ad3_c5",120,3,0.5,0.01,1,0.4,0.2,100,100,1
"n120_ad3_c5",120,3,0.5,0.01,1,0.4,0.4,100,100,1
"n120_ad3_c5",120,3,0.5,0.01,1,0.4,0.6,100,100,1
"n120_ad3_c5",120,3,0.5,0.01,1,0.4,0.8,100,100,1
"n120_ad3_c5",120,3,0.5,0.01,1,0.4,1,100,54,0.54
"n120_ad3_c5",120,3,0.5,0.01,1,0.6,0.2,100,100,1
"n120_ad3_c5",120,3,0.5,0.01,1,0.6,0.4,100,100,1
"n120_ad3_c5",120,3,0.5,0.01,1,0.6,0.6,100,100,1
"n120_ad3_c5",120,3,0.5,0.01,1,0.6,0.8,100,100,1
"n120_ad3_c5",120,3,0.5,0.01,1,0.6,1,100,39,0.39
"n120_ad3_c5",120,3,0.5,0.01,1,0.8,0.2,100,100,1
"n120_ad3_c5",120,3,0.5,0.01,1,0.8,0.4,100,100,1
"n120_ad3_c5",120,3,0.5,0.01,1,0.8,0.6,100,100,1
"n120_ad3_c5",120,3,0.5,0.01,1,0.8,0.8,100,100,1
"n120_ad3_c5",120,3,0.5,0.01,1,0.8,1,100,24,0.24
"n120_ad3_c5",120,3,0.5,0.01,1,1,0.2,100,100,1
"n120_ad3_c5",120,3,0.5,0.01,1,1,0.4,100,100,1
"n120_ad3_c5",120,3,0.5,0.01,1,1,0.6,100,100,1
"n120_ad3_c5",120,3,0.5,0.01,1,1,0.8,100,100,1
"n120_ad3_c5",120,3,0.5,0.01,1,1,1,100,0,0
"n120_ad3_c5",120,3,0.5,0.01,2,0.2,0.2,100,100,1
"n120_ad3_c5",120,3,0.5,0.01,2,0.2,0.4,100,100,1
"n120_ad3_c5",120,3,0.5,0.01,2,0.2,0.6,100,100,1
"n120_ad3_c5",120,3,0.5,0.01,2,0.2,0.8,100,100,1
"n120_ad3_c5",120,3,0.5,0.01,2,0.2,1,100,79,0.79
"n120_ad3_c5",120,3,0.5,0.01,2,0.4,0.2,100,100,1
"n120_ad3_c5",120,3,0.5,0.01,2,0.4,0.4,100,100,1
"n120_ad3_c5",120,3,0.5,0.01,2,0.4,0.6,100,100,1
"n120_ad3_c5",120,3,0.5,0.01,2,0.4,0.8,100,100,1
"n120_ad3_c5",120,3,0.5,0.01,2,0.4,1,100,73,0.73
"n120_ad3_c5",120,3,0.5,0.01,2,0.6,0.2,100,100,1
"n120_ad3_c5",120,3,0.5,0.01,2,0.6,0.4,100,100,1
"n120_ad3_c5",120,3,0.5,0.01,2,0.6,0.6,100,100,1
"n120_ad3_c5",120,3,0.5,0.01,2,0.6,0.8,100,100,1
"n120_ad3_c5",120,3,0.5,0.01,2,0.6,1,100,69,0.69
"n120_ad3_c5",120,3,0.5,0.01,2,0.8,0.2,100,100,1
"n120_ad3_c5",120,3,0.5,0.01,2,0.8,0.4,100,100,1
"n120_ad3_c5",120,3,0.5,0.01,2,0.8,0.6,100,100,1
"n120_ad3_c5",120,3,0.5,0.01,2,0.8,0.8,100,100,1
"n120_ad3_c5",120,3,0.5,0.01,2,0.8,1,100,46,0.46
"n120_ad3_c5",120,3,0.5,0.01,2,1,0.2,100,100,1
"n120_ad3_c5",120,3,0.5,0.01,2,1,0.4,100,100,1
"n120_ad3_c5",120,3,0.5,0.01,2,1,0.6,100,100,1
"n120_ad3_c5",120,3,0.5,0.01,2,1,0.8,100,100,1
"n120_ad3_c5",120,3,0.5,0.01,2,1,1,100,0,0
"n120_ad3_c5",120,3,0.5,0.01,4,0.2,0.2,100,100,1
"n120_ad3_c5",120,3,0.5,0.01,4,0.2,0.4,100,100,1
"n120_ad3_c5",120,3,0.5,0.01,4,0.2,0.6,100,100,1
"n120_ad3_c5",120,3,0.5,0.01,4,0.2,0.8,100,100,1
"n120_ad3_c5",120,3,0.5,0.01,4,0.2,1,100,99,0.99
"n120_ad3_c5",120,3,0.5,0.01,4,0.4,0.2,100,100,1
"n120_ad3_c5",120,3,0.5,0.01,4,0.4,0.4,100,100,1
"n120_ad3_c5",120,3,0.5,0.01,4,0.4,0.6,100,100,1
"n120_ad3_c5",120,3,0.5,0.01,4,0.4,0.8,100,100,1
"n120_ad3_c5",120,3,0.5,0.01,4,0.4,1,100,98,0.98
"n120_ad3_c5",120,3,0.5,0.01,4,0.6,0.2,100,100,1
"n120_ad3_c5",120,3,0.5,0.01,4,0.6,0.4,100,100,1
"n120_ad3_c5",120,3,0.5,0.01,4,0.6,0.6,100,100,1
"n120_ad3_c5",120,3,0.5,0.01,4,0.6,0.8,100,100,1
"n120_ad3_c5",120,3,0.5,0.01,4,0.6,1,100,96,0.96
"n120_ad3_c5",120,3,0.5,0.01,4,0.8,0.2,100,100,1
"n120_ad3_c5",120,3,0.5,0.01,4,0.8,0.4,100,100,1
"n120_ad3_c5",120,3,0.5,0.01,4,0.8,0.6,100,100,1
"n120_ad3_c5",120,3,0.5,0.01,4,0.8,0.8,100,100,1
"n120_ad3_c5",120,3,0.5,0.01,4,0.8,1,100,77,0.77
"n120_ad3_c5",120,3,0.5,0.01,4,1,0.2,100,100,1
"n120_ad3_c5",120,3,0.5,0.01,4,1,0.4,100,100,1
"n120_ad3_c5",120,3,0.5,0.01,4,1,0.6,100,100,1
"n120_ad3_c5",120,3,0.5,0.01,4,1,0.8,100,100,1
"n120_ad3_c5",120,3,0.5,0.01,4,1,1,100,0,0
"n120_ad3_c5",120,3,0.5,0.01,8,0.2,0.2,100,100,1
"n120_ad3_c5",120,3,0.5,0.01,8,0.2,0.4,100,100,1
"n120_ad3_c5",120,3,0.5,0.01,8,0.2,0.6,100,100,1
"n120_ad3_c5",120,3,0.5,0.01,8,0.2,0.8,100,100,1
"n120_ad3_c5",120,3,0.5,0.01,8,0.2,1,100,99,0.99
"n120_ad3_c5",120,3,0.5,0.01,8,0.4,0.2,100,100,1
"n120_ad3_c5",120,3,0.5,0.01,8,0.4,0.4,100,100,1
"n120_ad3_c5",120,3,0.5,0.01,8,0.4,0.6,100,100,1
"n120_ad3_c5",120,3,0.5,0.01,8,0.4,0.8,100,100,1
"n120_ad3_c5",120,3,0.5,0.01,8,0.4,1,100,98,0.98
"n120_ad3_c5",120,3,0.5,0.01,8,0.6,0.2,100,100,1
"n120_ad3_c5",120,3,0.5,0.01,8,0.6,0.4,100,100,1
"n120_ad3_c5",120,3,0.5,0.01,8,0.6,0.6,100,100,1
"n120_ad3_c5",120,3,0.5,0.01,8,0.6,0.8,100,100,1
"n120_ad3_c5",120,3,0.5,0.01,8,0.6,1,100,99,0.99
"n120_ad3_c5",120,3,0.5,0.01,8,0.8,0.2,100,100,1
"n120_ad3_c5",120,3,0.5,0.01,8,0.8,0.4,100,100,1
"n120_ad3_c5",120,3,0.5,0.01,8,0.8,0.6,100,100,1
"n120_ad3_c5",120,3,0.5,0.01,8,0.8,0.8,100,100,1
"n120_ad3_c5",120,3,0.5,0.01,8,0.8,1,100,77,0.77
"n120_ad3_c5",120,3,0.5,0.01,8,1,0.2,100,100,1
"n120_ad3_c5",120,3,0.5,0.01,8,1,0.4,100,100,1
"n120_ad3_c5",120,3,0.5,0.01,8,1,0.6,100,100,1
"n120_ad3_c5",120,3,0.5,0.01,8,1,0.8,100,100,1
"n120_ad3_c5",120,3,0.5,0.01,8,1,1,100,0,0
"n120_ad3_c5",120,3,0.5,0.05,0,0.2,0.2,100,100,1
"n120_ad3_c5",120,3,0.5,0.05,0,0.2,0.4,100,100,1
"n120_ad3_c5",120,3,0.5,0.05,0,0.2,0.6,100,100,1
"n120_ad3_c5",120,3,0.5,0.05,0,0.2,0.8,100,100,1
"n120_ad3_c5",120,3,0.5,0.05,0,0.2,1,100,100,1
"n120_ad3_c5",120,3,0.5,0.05,0,0.4,0.2,100,100,1
"n120_ad3_c5",120,3,0.5,0.05,0,0.4,0.4,100,100,1
"n120_ad3_c5",120,3,0.5,0.05,0,0.4,0.6,100,100,1
"n120_ad3_c5",120,3,0.5,0.05,0,0.4,0.8,100,100,1
"n120_ad3_c5",120,3,0.5,0.05,0,0.4,1,100,100,1
"n120_ad3_c5",120,3,0.5,0.05,0,0.6,0.2,100,100,1
"n120_ad3_c5",120,3,0.5,0.05,0,0.6,0.4,100,100,1
"n120_ad3_c5",120,3,0.5,0.05,0,0.6,0.6,100,100,1
"n120_ad3_c5",120,3,0.5,0.05,0,0.6,0.8,100,100,1
"n120_ad3_c5",120,3,0.5,0.05,0,0.6,1,100,80,0.8
"n120_ad3_c5",120,3,0.5,0.05,0,0.8,0.2,100,100,1
"n120_ad3_c5",120,3,0.5,0.05,0,0.8,0.4,100,100,1
"n120_ad3_c5",120,3,0.5,0.05,0,0.8,0.6,100,100,1
"n120_ad3_c5",120,3,0.5,0.05,0,0.8,0.8,100,100,1
"n120_ad3_c5",120,3,0.5,0.05,0,0.8,1,100,59,0.59
"n120_ad3_c5",120,3,0.5,0.05,0,1,0.2,100,100,1
"n120_ad3_c5",120,3,0.5,0.05,0,1,0.4,100,100,1
"n120_ad3_c5",120,3,0.5,0.05,0,1,0.6,100,100,1
"n120_ad3_c5",120,3,0.5,0.05,0,1,0.8,100,100,1
"n120_ad3_c5",120,3,0.5,0.05,0,1,1,100,0,0
"n120_ad3_c5",120,3,0.5,0.05,1,0.2,0.2,100,100,1
"n120_ad3_c5",120,3,0.5,0.05,1,0.2,0.4,100,100,1
"n120_ad3_c5",120,3,0.5,0.05,1,0.2,0.6,100,100,1
"n120_ad3_c5",120,3,0.5,0.05,1,0.2,0.8,100,100,1
"n120_ad3_c5",120,3,0.5,0.05,1,0.2,1,100,100,1
"n120_ad3_c5",120,3,0.5,0.05,1,0.4,0.2,100,100,1
"n120_ad3_c5",120,3,0.5,0.05,1,0.4,0.4,100,100,1
"n120_ad3_c5",120,3,0.5,0.05,1,0.4,0.6,100,100,1
"n120_ad3_c5",120,3,0.5,0.05,1,0.4,0.8,100,100,1
"n120_ad3_c5",120,3,0.5,0.05,1,0.4,1,100,100,1
"n120_ad3_c5",120,3,0.5,0.05,1,0.6,0.2,100,100,1
"n120_ad3_c5",120,3,0.5,0.05,1,0.6,0.4,100,100,1
"n120_ad3_c5",120,3,0.5,0.05,1,0.6,0.6,100,100,1
"n120_ad3_c5",120,3,0.5,0.05,1,0.6,0.8,100,100,1
"n120_ad3_c5",120,3,0.5,0.05,1,0.6,1,100,90,0.9
"n120_ad3_c5",120,3,0.5,0.05,1,0.8,0.2,100,100,1
"n120_ad3_c5",120,3,0.5,0.05,1,0.8,0.4,100,100,1
"n120_ad3_c5",120,3,0.5,0.05,1,0.8,0.6,100,100,1
"n120_ad3_c5",120,3,0.5,0.05,1,0.8,0.8,100,100,1
"n120_ad3_c5",120,3,0.5,0.05,1,0.8,1,100,82,0.82
"n120_ad3_c5",120,3,0.5,0.05,1,1,0.2,100,100,1
"n120_ad3_c5",120,3,0.5,0.05,1,1,0.4,100,100,1
"n120_ad3_c5",120,3,0.5,0.05,1,1,0.6,100,100,1
"n120_ad3_c5",120,3,0.5,0.05,1,1,0.8,100,100,1
"n120_ad3_c5",120,3,0.5,0.05,1,1,1,100,0,0
"n120_ad3_c5",120,3,0.5,0.05,2,0.2,0.2,100,100,1
"n120_ad3_c5",120,3,0.5,0.05,2,0.2,0.4,100,100,1
"n120_ad3_c5",120,3,0.5,0.05,2,0.2,0.6,100,100,1
"n120_ad3_c5",120,3,0.5,0.05,2,0.2,0.8,100,100,1
"n120_ad3_c5",120,3,0.5,0.05,2,0.2,1,100,100,1
"n120_ad3_c5",120,3,0.5,0.05,2,0.4,0.2,100,100,1
"n120_ad3_c5",120,3,0.5,0.05,2,0.4,0.4,100,100,1
"n120_ad3_c5",120,3,0.5,0.05,2,0.4,0.6,100,100,1
"n120_ad3_c5",120,3,0.5,0.05,2,0.4,0.8,100,100,1
"n120_ad3_c5",120,3,0.5,0.05,2,0.4,1,100,100,1
"n120_ad3_c5",120,3,0.5,0.05,2,0.6,0.2,100,100,1
"n120_ad3_c5",120,3,0.5,0.05,2,0.6,0.4,100,100,1
"n120_ad3_c5",120,3,0.5,0.05,2,0.6,0.6,100,100,1
"n120_ad3_c5",120,3,0.5,0.05,2,0.6,0.8,100,100,1
"n120_ad3_c5",120,3,0.5,0.05,2,0.6,1,100,99,0.99
"n120_ad3_c5",120,3,0.5,0.05,2,0.8,0.2,100,100,1
"n120_ad3_c5",120,3,0.5,0.05,2,0.8,0.4,100,100,1
"n120_ad3_c5",120,3,0.5,0.05,2,0.8,0.6,100,100,1
"n120_ad3_c5",120,3,0.5,0.05,2,0.8,0.8,100,100,1
"n120_ad3_c5",120,3,0.5,0.05,2,0.8,1,100,88,0.88
"n120_ad3_c5",120,3,0.5,0.05,2,1,0.2,100,100,1
"n120_ad3_c5",120,3,0.5,0.05,2,1,0.4,100,100,1
"n120_ad3_c5",120,3,0.5,0.05,2,1,0.6,100,100,1
"n120_ad3_c5",120,3,0.5,0.05,2,1,0.8,100,99,0.99
"n120_ad3_c5",120,3,0.5,0.05,2,1,1,100,0,0
"n120_ad3_c5",120,3,0.5,0.05,4,0.2,0.2,100,100,1
"n120_ad3_c5",120,3,0.5,0.05,4,0.2,0.4,100,100,1
"n120_ad3_c5",120,3,0.5,0.05,4,0.2,0.6,100,100,1
"n120_ad3_c5",120,3,0.5,0.05,4,0.2,0.8,100,100,1
"n120_ad3_c5",120,3,0.5,0.05,4,0.2,1,100,100,1
"n120_ad3_c5",120,3,0.5,0.05,4,0.4,0.2,100,100,1
"n120_ad3_c5",120,3,0.5,0.05,4,0.4,0.4,100,100,1
"n120_ad3_c5",120,3,0.5,0.05,4,0.4,0.6,100,100,1
"n120_ad3_c5",120,3,0.5,0.05,4,0.4,0.8,100,100,1
"n120_ad3_c5",120,3,0.5,0.05,4,0.4,1,100,99,0.99
"n120_ad3_c5",120,3,0.5,0.05,4,0.6,0.2,100,100,1
"n120_ad3_c5",120,3,0.5,0.05,4,0.6,0.4,100,100,1
"n120_ad3_c5",120,3,0.5,0.05,4,0.6,0.6,100,100,1
"n120_ad3_c5",120,3,0.5,0.05,4,0.6,0.8,100,100,1
"n120_ad3_c5",120,3,0.5,0.05,4,0.6,1,100,98,0.98
"n120_ad3_c5",120,3,0.5,0.05,4,0.8,0.2,100,100,1
"n120_ad3_c5",120,3,0.5,0.05,4,0.8,0.4,100,100,1
"n120_ad3_c5",120,3,0.5,0.05,4,0.8,0.6,100,100,1
"n120_ad3_c5",120,3,0.5,0.05,4,0.8,0.8,100,100,1
"n120_ad3_c5",120,3,0.5,0.05,4,0.8,1,100,94,0.94
"n120_ad3_c5",120,3,0.5,0.05,4,1,0.2,100,100,1
"n120_ad3_c5",120,3,0.5,0.05,4,1,0.4,100,100,1
"n120_ad3_c5",120,3,0.5,0.05,4,1,0.6,100,100,1
"n120_ad3_c5",120,3,0.5,0.05,4,1,0.8,100,99,0.99
"n120_ad3_c5",120,3,0.5,0.05,4,1,1,100,0,0
"n120_ad3_c5",120,3,0.5,0.05,8,0.2,0.2,100,100,1
"n120_ad3_c5",120,3,0.5,0.05,8,0.2,0.4,100,100,1
"n120_ad3_c5",120,3,0.5,0.05,8,0.2,0.6,100,100,1
"n120_ad3_c5",120,3,0.5,0.05,8,0.2,0.8,100,100,1
"n120_ad3_c5",120,3,0.5,0.05,8,0.2,1,100,100,1
"n120_ad3_c5",120,3,0.5,0.05,8,0.4,0.2,100,100,1
"n120_ad3_c5",120,3,0.5,0.05,8,0.4,0.4,100,100,1
"n120_ad3_c5",120,3,0.5,0.05,8,0.4,0.6,100,100,1
"n120_ad3_c5",120,3,0.5,0.05,8,0.4,0.8,100,100,1
"n120_ad3_c5",120,3,0.5,0.05,8,0.4,1,100,100,1
"n120_ad3_c5",120,3,0.5,0.05,8,0.6,0.2,100,100,1
"n120_ad3_c5",120,3,0.5,0.05,8,0.6,0.4,100,100,1
"n120_ad3_c5",120,3,0.5,0.05,8,0.6,0.6,100,100,1
"n120_ad3_c5",120,3,0.5,0.05,8,0.6,0.8,100,100,1
"n120_ad3_c5",120,3,0.5,0.05,8,0.6,1,100,100,1
"n120_ad3_c5",120,3,0.5,0.05,8,0.8,0.2,100,100,1
"n120_ad3_c5",120,3,0.5,0.05,8,0.8,0.4,100,100,1
"n120_ad3_c5",120,3,0.5,0.05,8,0.8,0.6,100,100,1
"n120_ad3_c5",120,3,0.5,0.05,8,0.8,0.8,100,100,1
"n120_ad3_c5",120,3,0.5,0.05,8,0.8,1,100,95,0.95
"n120_ad3_c5",120,3,0.5,0.05,8,1,0.2,100,100,1
"n120_ad3_c5",120,3,0.5,0.05,8,1,0.4,100,100,1
"n120_ad3_c5",120,3,0.5,0.05,8,1,0.6,100,100,1
"n120_ad3_c5",120,3,0.5,0.05,8,1,0.8,100,100,1
"n120_ad3_c5",120,3,0.5,0.05,8,1,1,100,0,0
"n120_ad3_c5",120,3,0.5,0.1,0,0.2,0.2,100,100,1
"n120_ad3_c5",120,3,0.5,0.1,0,0.2,0.4,100,100,1
"n120_ad3_c5",120,3,0.5,0.1,0,0.2,0.6,100,100,1
"n120_ad3_c5",120,3,0.5,0.1,0,0.2,0.8,100,100,1
"n120_ad3_c5",120,3,0.5,0.1,0,0.2,1,100,100,1
"n120_ad3_c5",120,3,0.5,0.1,0,0.4,0.2,100,100,1
"n120_ad3_c5",120,3,0.5,0.1,0,0.4,0.4,100,100,1
"n120_ad3_c5",120,3,0.5,0.1,0,0.4,0.6,100,100,1
"n120_ad3_c5",120,3,0.5,0.1,0,0.4,0.8,100,100,1
"n120_ad3_c5",120,3,0.5,0.1,0,0.4,1,100,100,1
"n120_ad3_c5",120,3,0.5,0.1,0,0.6,0.2,100,100,1
"n120_ad3_c5",120,3,0.5,0.1,0,0.6,0.4,100,100,1
"n120_ad3_c5",120,3,0.5,0.1,0,0.6,0.6,100,100,1
"n120_ad3_c5",120,3,0.5,0.1,0,0.6,0.8,100,100,1
"n120_ad3_c5",120,3,0.5,0.1,0,0.6,1,100,98,0.98
"n120_ad3_c5",120,3,0.5,0.1,0,0.8,0.2,100,100,1
"n120_ad3_c5",120,3,0.5,0.1,0,0.8,0.4,100,100,1
"n120_ad3_c5",120,3,0.5,0.1,0,0.8,0.6,100,100,1
"n120_ad3_c5",120,3,0.5,0.1,0,0.8,0.8,100,100,1
"n120_ad3_c5",120,3,0.5,0.1,0,0.8,1,100,83,0.83
"n120_ad3_c5",120,3,0.5,0.1,0,1,0.2,100,100,1
"n120_ad3_c5",120,3,0.5,0.1,0,1,0.4,100,100,1
"n120_ad3_c5",120,3,0.5,0.1,0,1,0.6,100,100,1
"n120_ad3_c5",120,3,0.5,0.1,0,1,0.8,100,100,1
"n120_ad3_c5",120,3,0.5,0.1,0,1,1,100,0,0
"n120_ad3_c5",120,3,0.5,0.1,1,0.2,0.2,100,100,1
"n120_ad3_c5",120,3,0.5,0.1,1,0.2,0.4,100,100,1
"n120_ad3_c5",120,3,0.5,0.1,1,0.2,0.6,100,100,1
"n120_ad3_c5",120,3,0.5,0.1,1,0.2,0.8,100,100,1
"n120_ad3_c5",120,3,0.5,0.1,1,0.2,1,100,100,1
"n120_ad3_c5",120,3,0.5,0.1,1,0.4,0.2,100,100,1
"n120_ad3_c5",120,3,0.5,0.1,1,0.4,0.4,100,100,1
"n120_ad3_c5",120,3,0.5,0.1,1,0.4,0.6,100,100,1
"n120_ad3_c5",120,3,0.5,0.1,1,0.4,0.8,100,100,1
"n120_ad3_c5",120,3,0.5,0.1,1,0.4,1,100,100,1
"n120_ad3_c5",120,3,0.5,0.1,1,0.6,0.2,100,100,1
"n120_ad3_c5",120,3,0.5,0.1,1,0.6,0.4,100,100,1
"n120_ad3_c5",120,3,0.5,0.1,1,0.6,0.6,100,100,1
"n120_ad3_c5",120,3,0.5,0.1,1,0.6,0.8,100,100,1
"n120_ad3_c5",120,3,0.5,0.1,1,0.6,1,100,99,0.99
"n120_ad3_c5",120,3,0.5,0.1,1,0.8,0.2,100,100,1
"n120_ad3_c5",120,3,0.5,0.1,1,0.8,0.4,100,100,1
"n120_ad3_c5",120,3,0.5,0.1,1,0.8,0.6,100,100,1
"n120_ad3_c5",120,3,0.5,0.1,1,0.8,0.8,100,100,1
"n120_ad3_c5",120,3,0.5,0.1,1,0.8,1,100,91,0.91
"n120_ad3_c5",120,3,0.5,0.1,1,1,0.2,100,100,1
"n120_ad3_c5",120,3,0.5,0.1,1,1,0.4,100,100,1
"n120_ad3_c5",120,3,0.5,0.1,1,1,0.6,100,100,1
"n120_ad3_c5",120,3,0.5,0.1,1,1,0.8,100,100,1
"n120_ad3_c5",120,3,0.5,0.1,1,1,1,100,0,0
"n120_ad3_c5",120,3,0.5,0.1,2,0.2,0.2,100,100,1
"n120_ad3_c5",120,3,0.5,0.1,2,0.2,0.4,100,100,1
"n120_ad3_c5",120,3,0.5,0.1,2,0.2,0.6,100,100,1
"n120_ad3_c5",120,3,0.5,0.1,2,0.2,0.8,100,100,1
"n120_ad3_c5",120,3,0.5,0.1,2,0.2,1,100,100,1
"n120_ad3_c5",120,3,0.5,0.1,2,0.4,0.2,100,100,1
"n120_ad3_c5",120,3,0.5,0.1,2,0.4,0.4,100,100,1
"n120_ad3_c5",120,3,0.5,0.1,2,0.4,0.6,100,100,1
"n120_ad3_c5",120,3,0.5,0.1,2,0.4,0.8,100,100,1
"n120_ad3_c5",120,3,0.5,0.1,2,0.4,1,100,100,1
"n120_ad3_c5",120,3,0.5,0.1,2,0.6,0.2,100,100,1
"n120_ad3_c5",120,3,0.5,0.1,2,0.6,0.4,100,100,1
"n120_ad3_c5",120,3,0.5,0.1,2,0.6,0.6,100,100,1
"n120_ad3_c5",120,3,0.5,0.1,2,0.6,0.8,100,100,1
"n120_ad3_c5",120,3,0.5,0.1,2,0.6,1,100,100,1
"n120_ad3_c5",120,3,0.5,0.1,2,0.8,0.2,100,100,1
"n120_ad3_c5",120,3,0.5,0.1,2,0.8,0.4,100,100,1
"n120_ad3_c5",120,3,0.5,0.1,2,0.8,0.6,100,100,1
"n120_ad3_c5",120,3,0.5,0.1,2,0.8,0.8,100,100,1
"n120_ad3_c5",120,3,0.5,0.1,2,0.8,1,100,98,0.98
"n120_ad3_c5",120,3,0.5,0.1,2,1,0.2,100,100,1
"n120_ad3_c5",120,3,0.5,0.1,2,1,0.4,100,100,1
"n120_ad3_c5",120,3,0.5,0.1,2,1,0.6,100,100,1
"n120_ad3_c5",120,3,0.5,0.1,2,1,0.8,100,100,1
"n120_ad3_c5",120,3,0.5,0.1,2,1,1,100,0,0
"n120_ad3_c5",120,3,0.5,0.1,4,0.2,0.2,100,100,1
"n120_ad3_c5",120,3,0.5,0.1,4,0.2,0.4,100,100,1
"n120_ad3_c5",120,3,0.5,0.1,4,0.2,0.6,100,100,1
"n120_ad3_c5",120,3,0.5,0.1,4,0.2,0.8,100,100,1
"n120_ad3_c5",120,3,0.5,0.1,4,0.2,1,100,100,1
"n120_ad3_c5",120,3,0.5,0.1,4,0.4,0.2,100,100,1
"n120_ad3_c5",120,3,0.5,0.1,4,0.4,0.4,100,100,1
"n120_ad3_c5",120,3,0.5,0.1,4,0.4,0.6,100,100,1
"n120_ad3_c5",120,3,0.5,0.1,4,0.4,0.8,100,100,1
"n120_ad3_c5",120,3,0.5,0.1,4,0.4,1,100,100,1
"n120_ad3_c5",120,3,0.5,0.1,4,0.6,0.2,100,100,1
"n120_ad3_c5",120,3,0.5,0.1,4,0.6,0.4,100,100,1
"n120_ad3_c5",120,3,0.5,0.1,4,0.6,0.6,100,100,1
"n120_ad3_c5",120,3,0.5,0.1,4,0.6,0.8,100,100,1
"n120_ad3_c5",120,3,0.5,0.1,4,0.6,1,100,100,1
"n120_ad3_c5",120,3,0.5,0.1,4,0.8,0.2,100,100,1
"n120_ad3_c5",120,3,0.5,0.1,4,0.8,0.4,100,100,1
"n120_ad3_c5",120,3,0.5,0.1,4,0.8,0.6,100,100,1
"n120_ad3_c5",120,3,0.5,0.1,4,0.8,0.8,100,100,1
"n120_ad3_c5",120,3,0.5,0.1,4,0.8,1,100,97,0.97
"n120_ad3_c5",120,3,0.5,0.1,4,1,0.2,100,100,1
"n120_ad3_c5",120,3,0.5,0.1,4,1,0.4,100,100,1
"n120_ad3_c5",120,3,0.5,0.1,4,1,0.6,100,100,1
"n120_ad3_c5",120,3,0.5,0.1,4,1,0.8,100,99,0.99
"n120_ad3_c5",120,3,0.5,0.1,4,1,1,100,0,0
"n120_ad3_c5",120,3,0.5,0.1,8,0.2,0.2,100,100,1
"n120_ad3_c5",120,3,0.5,0.1,8,0.2,0.4,100,100,1
"n120_ad3_c5",120,3,0.5,0.1,8,0.2,0.6,100,100,1
"n120_ad3_c5",120,3,0.5,0.1,8,0.2,0.8,100,100,1
"n120_ad3_c5",120,3,0.5,0.1,8,0.2,1,100,100,1
"n120_ad3_c5",120,3,0.5,0.1,8,0.4,0.2,100,100,1
"n120_ad3_c5",120,3,0.5,0.1,8,0.4,0.4,100,100,1
"n120_ad3_c5",120,3,0.5,0.1,8,0.4,0.6,100,100,1
"n120_ad3_c5",120,3,0.5,0.1,8,0.4,0.8,100,100,1
"n120_ad3_c5",120,3,0.5,0.1,8,0.4,1,100,100,1
"n120_ad3_c5",120,3,0.5,0.1,8,0.6,0.2,100,100,1
"n120_ad3_c5",120,3,0.5,0.1,8,0.6,0.4,100,100,1
"n120_ad3_c5",120,3,0.5,0.1,8,0.6,0.6,100,100,1
"n120_ad3_c5",120,3,0.5,0.1,8,0.6,0.8,100,100,1
"n120_ad3_c5",120,3,0.5,0.1,8,0.6,1,100,100,1
"n120_ad3_c5",120,3,0.5,0.1,8,0.8,0.2,100,100,1
"n120_ad3_c5",120,3,0.5,0.1,8,0.8,0.4,100,100,1
"n120_ad3_c5",120,3,0.5,0.1,8,0.8,0.6,100,100,1
"n120_ad3_c5",120,3,0.5,0.1,8,0.8,0.8,100,100,1
"n120_ad3_c5",120,3,0.5,0.1,8,0.8,1,100,97,0.97
"n120_ad3_c5",120,3,0.5,0.1,8,1,0.2,100,100,1
"n120_ad3_c5",120,3,0.5,0.1,8,1,0.4,100,100,1
"n120_ad3_c5",120,3,0.5,0.1,8,1,0.6,100,100,1
"n120_ad3_c5",120,3,0.5,0.1,8,1,0.8,100,100,1
"n120_ad3_c5",120,3,0.5,0.1,8,1,1,100,0,0
"n120_ad6_c1",120,6,0.1,0.01,0,0.2,0.2,100,100,1
"n120_ad6_c1",120,6,0.1,0.01,0,0.2,0.4,100,100,1
"n120_ad6_c1",120,6,0.1,0.01,0,0.2,0.6,100,100,1
"n120_ad6_c1",120,6,0.1,0.01,0,0.2,0.8,100,98,0.98
"n120_ad6_c1",120,6,0.1,0.01,0,0.2,1,100,49,0.49
"n120_ad6_c1",120,6,0.1,0.01,0,0.4,0.2,100,100,1
"n120_ad6_c1",120,6,0.1,0.01,0,0.4,0.4,100,100,1
"n120_ad6_c1",120,6,0.1,0.01,0,0.4,0.6,100,100,1
"n120_ad6_c1",120,6,0.1,0.01,0,0.4,0.8,100,98,0.98
"n120_ad6_c1",120,6,0.1,0.01,0,0.4,1,100,34,0.34
"n120_ad6_c1",120,6,0.1,0.01,0,0.6,0.2,100,100,1
"n120_ad6_c1",120,6,0.1,0.01,0,0.6,0.4,100,100,1
"n120_ad6_c1",120,6,0.1,0.01,0,0.6,0.6,100,100,1
"n120_ad6_c1",120,6,0.1,0.01,0,0.6,0.8,100,98,0.98
"n120_ad6_c1",120,6,0.1,0.01,0,0.6,1,100,13,0.13
"n120_ad6_c1",120,6,0.1,0.01,0,0.8,0.2,100,100,1
"n120_ad6_c1",120,6,0.1,0.01,0,0.8,0.4,100,100,1
"n120_ad6_c1",120,6,0.1,0.01,0,0.8,0.6,100,100,1
"n120_ad6_c1",120,6,0.1,0.01,0,0.8,0.8,100,94,0.94
"n120_ad6_c1",120,6,0.1,0.01,0,0.8,1,100,5,0.05
"n120_ad6_c1",120,6,0.1,0.01,0,1,0.2,100,100,1
"n120_ad6_c1",120,6,0.1,0.01,0,1,0.4,100,100,1
"n120_ad6_c1",120,6,0.1,0.01,0,1,0.6,100,100,1
"n120_ad6_c1",120,6,0.1,0.01,0,1,0.8,100,97,0.97
"n120_ad6_c1",120,6,0.1,0.01,0,1,1,100,0,0
"n120_ad6_c1",120,6,0.1,0.01,1,0.2,0.2,100,100,1
"n120_ad6_c1",120,6,0.1,0.01,1,0.2,0.4,100,100,1
"n120_ad6_c1",120,6,0.1,0.01,1,0.2,0.6,100,100,1
"n120_ad6_c1",120,6,0.1,0.01,1,0.2,0.8,100,97,0.97
"n120_ad6_c1",120,6,0.1,0.01,1,0.2,1,100,31,0.31
"n120_ad6_c1",120,6,0.1,0.01,1,0.4,0.2,100,100,1
"n120_ad6_c1",120,6,0.1,0.01,1,0.4,0.4,100,100,1
"n120_ad6_c1",120,6,0.1,0.01,1,0.4,0.6,100,100,1
"n120_ad6_c1",120,6,0.1,0.01,1,0.4,0.8,100,97,0.97
"n120_ad6_c1",120,6,0.1,0.01,1,0.4,1,100,19,0.19
"n120_ad6_c1",120,6,0.1,0.01,1,0.6,0.2,100,100,1
"n120_ad6_c1",120,6,0.1,0.01,1,0.6,0.4,100,100,1
"n120_ad6_c1",120,6,0.1,0.01,1,0.6,0.6,100,100,1
"n120_ad6_c1",120,6,0.1,0.01,1,0.6,0.8,100,97,0.97
"n120_ad6_c1",120,6,0.1,0.01,1,0.6,1,100,12,0.12
"n120_ad6_c1",120,6,0.1,0.01,1,0.8,0.2,100,100,1
"n120_ad6_c1",120,6,0.1,0.01,1,0.8,0.4,100,100,1
"n120_ad6_c1",120,6,0.1,0.01,1,0.8,0.6,100,100,1
"n120_ad6_c1",120,6,0.1,0.01,1,0.8,0.8,100,95,0.95
"n120_ad6_c1",120,6,0.1,0.01,1,0.8,1,100,5,0.05
"n120_ad6_c1",120,6,0.1,0.01,1,1,0.2,100,100,1
"n120_ad6_c1",120,6,0.1,0.01,1,1,0.4,100,100,1
"n120_ad6_c1",120,6,0.1,0.01,1,1,0.6,100,99,0.99
"n120_ad6_c1",120,6,0.1,0.01,1,1,0.8,100,98,0.98
"n120_ad6_c1",120,6,0.1,0.01,1,1,1,100,0,0
"n120_ad6_c1",120,6,0.1,0.01,2,0.2,0.2,100,100,1
"n120_ad6_c1",120,6,0.1,0.01,2,0.2,0.4,100,100,1
"n120_ad6_c1",120,6,0.1,0.01,2,0.2,0.6,100,100,1
"n120_ad6_c1",120,6,0.1,0.01,2,0.2,0.8,100,97,0.97
"n120_ad6_c1",120,6,0.1,0.01,2,0.2,1,100,35,0.35
"n120_ad6_c1",120,6,0.1,0.01,2,0.4,0.2,100,100,1
"n120_ad6_c1",120,6,0.1,0.01,2,0.4,0.4,100,100,1
"n120_ad6_c1",120,6,0.1,0.01,2,0.4,0.6,100,100,1
"n120_ad6_c1",120,6,0.1,0.01,2,0.4,0.8,100,97,0.97
"n120_ad6_c1",120,6,0.1,0.01,2,0.4,1,100,23,0.23
"n120_ad6_c1",120,6,0.1,0.01,2,0.6,0.2,100,100,1
"n120_ad6_c1",120,6,0.1,0.01,2,0.6,0.4,100,100,1
"n120_ad6_c1",120,6,0.1,0.01,2,0.6,0.6,100,100,1
"n120_ad6_c1",120,6,0.1,0.01,2,0.6,0.8,100,95,0.95
"n120_ad6_c1",120,6,0.1,0.01,2,0.6,1,100,15,0.15
"n120_ad6_c1",120,6,0.1,0.01,2,0.8,0.2,100,100,1
"n120_ad6_c1",120,6,0.1,0.01,2,0.8,0.4,100,100,1
"n120_ad6_c1",120,6,0.1,0.01,2,0.8,0.6,100,100,1
"n120_ad6_c1",120,6,0.1,0.01,2,0.8,0.8,100,94,0.94
"n120_ad6_c1",120,6,0.1,0.01,2,0.8,1,100,10,0.1
"n120_ad6_c1",120,6,0.1,0.01,2,1,0.2,100,100,1
"n120_ad6_c1",120,6,0.1,0.01,2,1,0.4,100,100,1
"n120_ad6_c1",120,6,0.1,0.01,2,1,0.6,100,100,1
"n120_ad6_c1",120,6,0.1,0.01,2,1,0.8,100,98,0.98
"n120_ad6_c1",120,6,0.1,0.01,2,1,1,100,0,0
"n120_ad6_c1",120,6,0.1,0.01,4,0.2,0.2,100,100,1
"n120_ad6_c1",120,6,0.1,0.01,4,0.2,0.4,100,100,1
"n120_ad6_c1",120,6,0.1,0.01,4,0.2,0.6,100,100,1
"n120_ad6_c1",120,6,0.1,0.01,4,0.2,0.8,100,100,1
"n120_ad6_c1",120,6,0.1,0.01,4,0.2,1,100,35,0.35
"n120_ad6_c1",120,6,0.1,0.01,4,0.4,0.2,100,100,1
"n120_ad6_c1",120,6,0.1,0.01,4,0.4,0.4,100,100,1
"n120_ad6_c1",120,6,0.1,0.01,4,0.4,0.6,100,100,1
"n120_ad6_c1",120,6,0.1,0.01,4,0.4,0.8,100,98,0.98
"n120_ad6_c1",120,6,0.1,0.01,4,0.4,1,100,21,0.21
"n120_ad6_c1",120,6,0.1,0.01,4,0.6,0.2,100,100,1
"n120_ad6_c1",120,6,0.1,0.01,4,0.6,0.4,100,100,1
"n120_ad6_c1",120,6,0.1,0.01,4,0.6,0.6,100,99,0.99
"n120_ad6_c1",120,6,0.1,0.01,4,0.6,0.8,100,94,0.94
"n120_ad6_c1",120,6,0.1,0.01,4,0.6,1,100,13,0.13
"n120_ad6_c1",120,6,0.1,0.01,4,0.8,0.2,100,100,1
"n120_ad6_c1",120,6,0.1,0.01,4,0.8,0.4,100,100,1
"n120_ad6_c1",120,6,0.1,0.01,4,0.8,0.6,100,100,1
"n120_ad6_c1",120,6,0.1,0.01,4,0.8,0.8,100,95,0.95
"n120_ad6_c1",120,6,0.1,0.01,4,0.8,1,100,7,0.07
"n120_ad6_c1",120,6,0.1,0.01,4,1,0.2,100,100,1
"n120_ad6_c1",120,6,0.1,0.01,4,1,0.4,100,100,1
"n120_ad6_c1",120,6,0.1,0.01,4,1,0.6,100,100,1
"n120_ad6_c1",120,6,0.1,0.01,4,1,0.8,100,95,0.95
"n120_ad6_c1",120,6,0.1,0.01,4,1,1,100,0,0
"n120_ad6_c1",120,6,0.1,0.01,8,0.2,0.2,100,100,1
"n120_ad6_c1",120,6,0.1,0.01,8,0.2,0.4,100,100,1
"n120_ad6_c1",120,6,0.1,0.01,8,0.2,0.6,100,100,1
"n120_ad6_c1",120,6,0.1,0.01,8,0.2,0.8,100,99,0.99
"n120_ad6_c1",120,6,0.1,0.01,8,0.2,1,100,32,0.32
"n120_ad6_c1",120,6,0.1,0.01,8,0.4,0.2,100,100,1
"n120_ad6_c1",120,6,0.1,0.01,8,0.4,0.4,100,100,1
"n120_ad6_c1",120,6,0.1,0.01,8,0.4,0.6,100,100,1
"n120_ad6_c1",120,6,0.1,0.01,8,0.4,0.8,100,96,0.96
"n120_ad6_c1",120,6,0.1,0.01,8,0.4,1,100,27,0.27
"n120_ad6_c1",120,6,0.1,0.01,8,0.6,0.2,100,100,1
"n120_ad6_c1",120,6,0.1,0.01,8,0.6,0.4,100,100,1
"n120_ad6_c1",120,6,0.1,0.01,8,0.6,0.6,100,100,1
"n120_ad6_c1",120,6,0.1,0.01,8,0.6,0.8,100,96,0.96
"n120_ad6_c1",120,6,0.1,0.01,8,0.6,1,100,18,0.18
"n120_ad6_c1",120,6,0.1,0.01,8,0.8,0.2,100,100,1
"n120_ad6_c1",120,6,0.1,0.01,8,0.8,0.4,100,100,1
"n120_ad6_c1",120,6,0.1,0.01,8,0.8,0.6,100,100,1
"n120_ad6_c1",120,6,0.1,0.01,8,0.8,0.8,100,98,0.98
"n120_ad6_c1",120,6,0.1,0.01,8,0.8,1,100,11,0.11
"n120_ad6_c1",120,6,0.1,0.01,8,1,0.2,100,100,1
"n120_ad6_c1",120,6,0.1,0.01,8,1,0.4,100,100,1
"n120_ad6_c1",120,6,0.1,0.01,8,1,0.6,100,100,1
"n120_ad6_c1",120,6,0.1,0.01,8,1,0.8,100,97,0.97
"n120_ad6_c1",120,6,0.1,0.01,8,1,1,100,0,0
"n120_ad6_c1",120,6,0.1,0.05,0,0.2,0.2,100,100,1
"n120_ad6_c1",120,6,0.1,0.05,0,0.2,0.4,100,100,1
"n120_ad6_c1",120,6,0.1,0.05,0,0.2,0.6,100,100,1
"n120_ad6_c1",120,6,0.1,0.05,0,0.2,0.8,100,100,1
"n120_ad6_c1",120,6,0.1,0.05,0,0.2,1,100,95,0.95
"n120_ad6_c1",120,6,0.1,0.05,0,0.4,0.2,100,100,1
"n120_ad6_c1",120,6,0.1,0.05,0,0.4,0.4,100,100,1
"n120_ad6_c1",120,6,0.1,0.05,0,0.4,0.6,100,100,1
"n120_ad6_c1",120,6,0.1,0.05,0,0.4,0.8,100,97,0.97
"n120_ad6_c1",120,6,0.1,0.05,0,0.4,1,100,80,0.8
"n120_ad6_c1",120,6,0.1,0.05,0,0.6,0.2,100,100,1
"n120_ad6_c1",120,6,0.1,0.05,0,0.6,0.4,100,100,1
"n120_ad6_c1",120,6,0.1,0.05,0,0.6,0.6,100,100,1
"n120_ad6_c1",120,6,0.1,0.05,0,0.6,0.8,100,96,0.96
"n120_ad6_c1",120,6,0.1,0.05,0,0.6,1,100,61,0.61
"n120_ad6_c1",120,6,0.1,0.05,0,0.8,0.2,100,100,1
"n120_ad6_c1",120,6,0.1,0.05,0,0.8,0.4,100,100,1
"n120_ad6_c1",120,6,0.1,0.05,0,0.8,0.6,100,99,0.99
"n120_ad6_c1",120,6,0.1,0.05,0,0.8,0.8,100,98,0.98
"n120_ad6_c1",120,6,0.1,0.05,0,0.8,1,100,33,0.33
"n120_ad6_c1",120,6,0.1,0.05,0,1,0.2,100,100,1
"n120_ad6_c1",120,6,0.1,0.05,0,1,0.4,100,100,1
"n120_ad6_c1",120,6,0.1,0.05,0,1,0.6,100,99,0.99
"n120_ad6_c1",120,6,0.1,0.05,0,1,0.8,100,96,0.96
"n120_ad6_c1",120,6,0.1,0.05,0,1,1,100,0,0
"n120_ad6_c1",120,6,0.1,0.05,1,0.2,0.2,100,100,1
"n120_ad6_c1",120,6,0.1,0.05,1,0.2,0.4,100,100,1
"n120_ad6_c1",120,6,0.1,0.05,1,0.2,0.6,100,100,1
"n120_ad6_c1",120,6,0.1,0.05,1,0.2,0.8,100,100,1
"n120_ad6_c1",120,6,0.1,0.05,1,0.2,1,100,95,0.95
"n120_ad6_c1",120,6,0.1,0.05,1,0.4,0.2,100,100,1
"n120_ad6_c1",120,6,0.1,0.05,1,0.4,0.4,100,100,1
"n120_ad6_c1",120,6,0.1,0.05,1,0.4,0.6,100,100,1
"n120_ad6_c1",120,6,0.1,0.05,1,0.4,0.8,100,99,0.99
"n120_ad6_c1",120,6,0.1,0.05,1,0.4,1,100,73,0.73
"n120_ad6_c1",120,6,0.1,0.05,1,0.6,0.2,100,100,1
"n120_ad6_c1",120,6,0.1,0.05,1,0.6,0.4,100,100,1
"n120_ad6_c1",120,6,0.1,0.05,1,0.6,0.6,100,100,1
"n120_ad6_c1",120,6,0.1,0.05,1,0.6,0.8,100,99,0.99
"n120_ad6_c1",120,6,0.1,0.05,1,0.6,1,100,51,0.51
"n120_ad6_c1",120,6,0.1,0.05,1,0.8,0.2,100,100,1
"n120_ad6_c1",120,6,0.1,0.05,1,0.8,0.4,100,100,1
"n120_ad6_c1",120,6,0.1,0.05,1,0.8,0.6,100,100,1
"n120_ad6_c1",120,6,0.1,0.05,1,0.8,0.8,100,97,0.97
"n120_ad6_c1",120,6,0.1,0.05,1,0.8,1,100,29,0.29
"n120_ad6_c1",120,6,0.1,0.05,1,1,0.2,100,100,1
"n120_ad6_c1",120,6,0.1,0.05,1,1,0.4,100,100,1
"n120_ad6_c1",120,6,0.1,0.05,1,1,0.6,100,100,1
"n120_ad6_c1",120,6,0.1,0.05,1,1,0.8,100,96,0.96
"n120_ad6_c1",120,6,0.1,0.05,1,1,1,100,0,0
"n120_ad6_c1",120,6,0.1,0.05,2,0.2,0.2,100,100,1
"n120_ad6_c1",120,6,0.1,0.05,2,0.2,0.4,100,100,1
"n120_ad6_c1",120,6,0.1,0.05,2,0.2,0.6,100,100,1
"n120_ad6_c1",120,6,0.1,0.05,2,0.2,0.8,100,99,0.99
"n120_ad6_c1",120,6,0.1,0.05,2,0.2,1,100,95,0.95
"n120_ad6_c1",120,6,0.1,0.05,2,0.4,0.2,100,100,1
"n120_ad6_c1",120,6,0.1,0.05,2,0.4,0.4,100,100,1
"n120_ad6_c1",120,6,0.1,0.05,2,0.4,0.6,100,100,1
"n120_ad6_c1",120,6,0.1,0.05,2,0.4,0.8,100,96,0.96
"n120_ad6_c1",120,6,0.1,0.05,2,0.4,1,100,75,0.75
"n120_ad6_c1",120,6,0.1,0.05,2,0.6,0.2,100,100,1
"n120_ad6_c1",120,6,0.1,0.05,2,0.6,0.4,100,100,1
"n120_ad6_c1",120,6,0.1,0.05,2,0.6,0.6,100,100,1
"n120_ad6_c1",120,6,0.1,0.05,2,0.6,0.8,100,98,0.98
"n120_ad6_c1",120,6,0.1,0.05,2,0.6,1,100,60,0.6
"n120_ad6_c1",120,6,0.1,0.05,2,0.8,0.2,100,100,1
"n120_ad6_c1",120,6,0.1,0.05,2,0.8,0.4,100,100,1
"n120_ad6_c1",120,6,0.1,0.05,2,0.8,0.6,100,99,0.99
"n120_ad6_c1",120,6,0.1,0.05,2,0.8,0.8,100,97,0.97
"n120_ad6_c1",120,6,0.1,0.05,2,0.8,1,100,23,0.23
"n120_ad6_c1",120,6,0.1,0.05,2,1,0.2,100,100,1
"n120_ad6_c1",120,6,0.1,0.05,2,1,0.4,100,100,1
"n120_ad6_c1",120,6,0.1,0.05,2,1,0.6,100,100,1
"n120_ad6_c1",120,6,0.1,0.05,2,1,0.8,100,97,0.97
"n120_ad6_c1",120,6,0.1,0.05,2,1,1,100,0,0
"n120_ad6_c1",120,6,0.1,0.05,4,0.2,0.2,100,100,1
"n120_ad6_c1",120,6,0.1,0.05,4,0.2,0.4,100,100,1
"n120_ad6_c1",120,6,0.1,0.05,4,0.2,0.6,100,100,1
"n120_ad6_c1",120,6,0.1,0.05,4,0.2,0.8,100,100,1
"n120_ad6_c1",120,6,0.1,0.05,4,0.2,1,100,83,0.83
"n120_ad6_c1",120,6,0.1,0.05,4,0.4,0.2,100,100,1
"n120_ad6_c1",120,6,0.1,0.05,4,0.4,0.4,100,100,1
"n120_ad6_c1",120,6,0.1,0.05,4,0.4,0.6,100,99,0.99
"n120_ad6_c1",120,6,0.1,0.05,4,0.4,0.8,100,98,0.98
"n120_ad6_c1",120,6,0.1,0.05,4,0.4,1,100,69,0.69
"n120_ad6_c1",120,6,0.1,0.05,4,0.6,0.2,100,100,1
"n120_ad6_c1",120,6,0.1,0.05,4,0.6,0.4,100,100,1
"n120_ad6_c1",120,6,0.1,0.05,4,0.6,0.6,100,99,0.99
"n120_ad6_c1",120,6,0.1,0.05,4,0.6,0.8,100,96,0.96
"n120_ad6_c1",120,6,0.1,0.05,4,0.6,1,100,54,0.54
"n120_ad6_c1",120,6,0.1,0.05,4,0.8,0.2,100,100,1
"n120_ad6_c1",120,6,0.1,0.05,4,0.8,0.4,100,100,1
"n120_ad6_c1",120,6,0.1,0.05,4,0.8,0.6,100,100,1
"n120_ad6_c1",120,6,0.1,0.05,4,0.8,0.8,100,98,0.98
"n120_ad6_c1",120,6,0.1,0.05,4,0.8,1,100,35,0.35
"n120_ad6_c1",120,6,0.1,0.05,4,1,0.2,100,100,1
"n120_ad6_c1",120,6,0.1,0.05,4,1,0.4,100,100,1
"n120_ad6_c1",120,6,0.1,0.05,4,1,0.6,100,100,1
"n120_ad6_c1",120,6,0.1,0.05,4,1,0.8,100,94,0.94
"n120_ad6_c1",120,6,0.1,0.05,4,1,1,100,0,0
"n120_ad6_c1",120,6,0.1,0.05,8,0.2,0.2,100,100,1
"n120_ad6_c1",120,6,0.1,0.05,8,0.2,0.4,100,100,1
"n120_ad6_c1",120,6,0.1,0.05,8,0.2,0.6,100,100,1
"n120_ad6_c1",120,6,0.1,0.05,8,0.2,0.8,100,98,0.98
"n120_ad6_c1",120,6,0.1,0.05,8,0.2,1,100,88,0.88
"n120_ad6_c1",120,6,0.1,0.05,8,0.4,0.2,100,100,1
"n120_ad6_c1",120,6,0.1,0.05,8,0.4,0.4,100,100,1
"n120_ad6_c1",120,6,0.1,0.05,8,0.4,0.6,100,100,1
"n120_ad6_c1",120,6,0.1,0.05,8,0.4,0.8,100,98,0.98
"n120_ad6_c1",120,6,0.1,0.05,8,0.4,1,100,75,0.75
"n120_ad6_c1",120,6,0.1,0.05,8,0.6,0.2,100,100,1
"n120_ad6_c1",120,6,0.1,0.05,8,0.6,0.4,100,100,1
"n120_ad6_c1",120,6,0.1,0.05,8,0.6,0.6,100,99,0.99
"n120_ad6_c1",120,6,0.1,0.05,8,0.6,0.8,100,97,0.97
"n120_ad6_c1",120,6,0.1,0.05,8,0.6,1,100,55,0.55
"n120_ad6_c1",120,6,0.1,0.05,8,0.8,0.2,100,100,1
"n120_ad6_c1",120,6,0.1,0.05,8,0.8,0.4,100,100,1
"n120_ad6_c1",120,6,0.1,0.05,8,0.8,0.6,100,100,1
"n120_ad6_c1",120,6,0.1,0.05,8,0.8,0.8,100,97,0.97
"n120_ad6_c1",120,6,0.1,0.05,8,0.8,1,100,38,0.38
"n120_ad6_c1",120,6,0.1,0.05,8,1,0.2,100,100,1
"n120_ad6_c1",120,6,0.1,0.05,8,1,0.4,100,100,1
"n120_ad6_c1",120,6,0.1,0.05,8,1,0.6,100,98,0.98
"n120_ad6_c1",120,6,0.1,0.05,8,1,0.8,100,97,0.97
"n120_ad6_c1",120,6,0.1,0.05,8,1,1,100,0,0
"n120_ad6_c1",120,6,0.1,0.1,0,0.2,0.2,100,100,1
"n120_ad6_c1",120,6,0.1,0.1,0,0.2,0.4,100,100,1
"n120_ad6_c1",120,6,0.1,0.1,0,0.2,0.6,100,100,1
"n120_ad6_c1",120,6,0.1,0.1,0,0.2,0.8,100,100,1
"n120_ad6_c1",120,6,0.1,0.1,0,0.2,1,100,100,1
"n120_ad6_c1",120,6,0.1,0.1,0,0.4,0.2,100,100,1
"n120_ad6_c1",120,6,0.1,0.1,0,0.4,0.4,100,100,1
"n120_ad6_c1",120,6,0.1,0.1,0,0.4,0.6,100,100,1
"n120_ad6_c1",120,6,0.1,0.1,0,0.4,0.8,100,100,1
"n120_ad6_c1",120,6,0.1,0.1,0,0.4,1,100,94,0.94
"n120_ad6_c1",120,6,0.1,0.1,0,0.6,0.2,100,100,1
"n120_ad6_c1",120,6,0.1,0.1,0,0.6,0.4,100,100,1
"n120_ad6_c1",120,6,0.1,0.1,0,0.6,0.6,100,100,1
"n120_ad6_c1",120,6,0.1,0.1,0,0.6,0.8,100,97,0.97
"n120_ad6_c1",120,6,0.1,0.1,0,0.6,1,100,87,0.87
"n120_ad6_c1",120,6,0.1,0.1,0,0.8,0.2,100,100,1
"n120_ad6_c1",120,6,0.1,0.1,0,0.8,0.4,100,100,1
"n120_ad6_c1",120,6,0.1,0.1,0,0.8,0.6,100,100,1
"n120_ad6_c1",120,6,0.1,0.1,0,0.8,0.8,100,97,0.97
"n120_ad6_c1",120,6,0.1,0.1,0,0.8,1,100,52,0.52
"n120_ad6_c1",120,6,0.1,0.1,0,1,0.2,100,100,1
"n120_ad6_c1",120,6,0.1,0.1,0,1,0.4,100,100,1
"n120_ad6_c1",120,6,0.1,0.1,0,1,0.6,100,99,0.99
"n120_ad6_c1",120,6,0.1,0.1,0,1,0.8,100,98,0.98
"n120_ad6_c1",120,6,0.1,0.1,0,1,1,100,0,0
"n120_ad6_c1",120,6,0.1,0.1,1,0.2,0.2,100,100,1
"n120_ad6_c1",120,6,0.1,0.1,1,0.2,0.4,100,100,1
"n120_ad6_c1",120,6,0.1,0.1,1,0.2,0.6,100,100,1
"n120_ad6_c1",120,6,0.1,0.1,1,0.2,0.8,100,100,1
"n120_ad6_c1",120,6,0.1,0.1,1,0.2,1,100,100,1
"n120_ad6_c1",120,6,0.1,0.1,1,0.4,0.2,100,100,1
"n120_ad6_c1",120,6,0.1,0.1,1,0.4,0.4,100,100,1
"n120_ad6_c1",120,6,0.1,0.1,1,0.4,0.6,100,100,1
"n120_ad6_c1",120,6,0.1,0.1,1,0.4,0.8,100,100,1
"n120_ad6_c1",120,6,0.1,0.1,1,0.4,1,100,94,0.94
"n120_ad6_c1",120,6,0.1,0.1,1,0.6,0.2,100,100,1
"n120_ad6_c1",120,6,0.1,0.1,1,0.6,0.4,100,100,1
"n120_ad6_c1",120,6,0.1,0.1,1,0.6,0.6,100,100,1
"n120_ad6_c1",120,6,0.1,0.1,1,0.6,0.8,100,99,0.99
"n120_ad6_c1",120,6,0.1,0.1,1,0.6,1,100,78,0.78
"n120_ad6_c1",120,6,0.1,0.1,1,0.8,0.2,100,100,1
"n120_ad6_c1",120,6,0.1,0.1,1,0.8,0.4,100,100,1
"n120_ad6_c1",120,6,0.1,0.1,1,0.8,0.6,100,99,0.99
"n120_ad6_c1",120,6,0.1,0.1,1,0.8,0.8,100,96,0.96
"n120_ad6_c1",120,6,0.1,0.1,1,0.8,1,100,48,0.48
"n120_ad6_c1",120,6,0.1,0.1,1,1,0.2,100,100,1
"n120_ad6_c1",120,6,0.1,0.1,1,1,0.4,100,100,1
"n120_ad6_c1",120,6,0.1,0.1,1,1,0.6,100,99,0.99
"n120_ad6_c1",120,6,0.1,0.1,1,1,0.8,100,98,0.98
"n120_ad6_c1",120,6,0.1,0.1,1,1,1,100,0,0
"n120_ad6_c1",120,6,0.1,0.1,2,0.2,0.2,100,100,1
"n120_ad6_c1",120,6,0.1,0.1,2,0.2,0.4,100,100,1
"n120_ad6_c1",120,6,0.1,0.1,2,0.2,0.6,100,100,1
"n120_ad6_c1",120,6,0.1,0.1,2,0.2,0.8,100,100,1
"n120_ad6_c1",120,6,0.1,0.1,2,0.2,1,100,100,1
"n120_ad6_c1",120,6,0.1,0.1,2,0.4,0.2,100,100,1
"n120_ad6_c1",120,6,0.1,0.1,2,0.4,0.4,100,100,1
"n120_ad6_c1",120,6,0.1,0.1,2,0.4,0.6,100,100,1
"n120_ad6_c1",120,6,0.1,0.1,2,0.4,0.8,100,100,1
"n120_ad6_c1",120,6,0.1,0.1,2,0.4,1,100,91,0.91
"n120_ad6_c1",120,6,0.1,0.1,2,0.6,0.2,100,100,1
"n120_ad6_c1",120,6,0.1,0.1,2,0.6,0.4,100,100,1
"n120_ad6_c1",120,6,0.1,0.1,2,0.6,0.6,100,100,1
"n120_ad6_c1",120,6,0.1,0.1,2,0.6,0.8,100,99,0.99
"n120_ad6_c1",120,6,0.1,0.1,2,0.6,1,100,75,0.75
"n120_ad6_c1",120,6,0.1,0.1,2,0.8,0.2,100,100,1
"n120_ad6_c1",120,6,0.1,0.1,2,0.8,0.4,100,100,1
"n120_ad6_c1",120,6,0.1,0.1,2,0.8,0.6,100,100,1
"n120_ad6_c1",120,6,0.1,0.1,2,0.8,0.8,100,96,0.96
"n120_ad6_c1",120,6,0.1,0.1,2,0.8,1,100,54,0.54
"n120_ad6_c1",120,6,0.1,0.1,2,1,0.2,100,100,1
"n120_ad6_c1",120,6,0.1,0.1,2,1,0.4,100,100,1
"n120_ad6_c1",120,6,0.1,0.1,2,1,0.6,100,98,0.98
"n120_ad6_c1",120,6,0.1,0.1,2,1,0.8,100,98,0.98
"n120_ad6_c1",120,6,0.1,0.1,2,1,1,100,0,0
"n120_ad6_c1",120,6,0.1,0.1,4,0.2,0.2,100,100,1
"n120_ad6_c1",120,6,0.1,0.1,4,0.2,0.4,100,100,1
"n120_ad6_c1",120,6,0.1,0.1,4,0.2,0.6,100,100,1
"n120_ad6_c1",120,6,0.1,0.1,4,0.2,0.8,100,100,1
"n120_ad6_c1",120,6,0.1,0.1,4,0.2,1,100,100,1
"n120_ad6_c1",120,6,0.1,0.1,4,0.4,0.2,100,100,1
"n120_ad6_c1",120,6,0.1,0.1,4,0.4,0.4,100,100,1
"n120_ad6_c1",120,6,0.1,0.1,4,0.4,0.6,100,100,1
"n120_ad6_c1",120,6,0.1,0.1,4,0.4,0.8,100,99,0.99
"n120_ad6_c1",120,6,0.1,0.1,4,0.4,1,100,89,0.89
"n120_ad6_c1",120,6,0.1,0.1,4,0.6,0.2,100,100,1
"n120_ad6_c1",120,6,0.1,0.1,4,0.6,0.4,100,100,1
"n120_ad6_c1",120,6,0.1,0.1,4,0.6,0.6,100,100,1
"n120_ad6_c1",120,6,0.1,0.1,4,0.6,0.8,100,98,0.98
"n120_ad6_c1",120,6,0.1,0.1,4,0.6,1,100,83,0.83
"n120_ad6_c1",120,6,0.1,0.1,4,0.8,0.2,100,100,1
"n120_ad6_c1",120,6,0.1,0.1,4,0.8,0.4,100,100,1
"n120_ad6_c1",120,6,0.1,0.1,4,0.8,0.6,100,99,0.99
"n120_ad6_c1",120,6,0.1,0.1,4,0.8,0.8,100,97,0.97
"n120_ad6_c1",120,6,0.1,0.1,4,0.8,1,100,60,0.6
"n120_ad6_c1",120,6,0.1,0.1,4,1,0.2,100,100,1
"n120_ad6_c1",120,6,0.1,0.1,4,1,0.4,100,100,1
"n120_ad6_c1",120,6,0.1,0.1,4,1,0.6,100,100,1
"n120_ad6_c1",120,6,0.1,0.1,4,1,0.8,100,93,0.93
"n120_ad6_c1",120,6,0.1,0.1,4,1,1,100,0,0
"n120_ad6_c1",120,6,0.1,0.1,8,0.2,0.2,100,100,1
"n120_ad6_c1",120,6,0.1,0.1,8,0.2,0.4,100,100,1
"n120_ad6_c1",120,6,0.1,0.1,8,0.2,0.6,100,100,1
"n120_ad6_c1",120,6,0.1,0.1,8,0.2,0.8,100,99,0.99
"n120_ad6_c1",120,6,0.1,0.1,8,0.2,1,100,97,0.97
"n120_ad6_c1",120,6,0.1,0.1,8,0.4,0.2,100,100,1
"n120_ad6_c1",120,6,0.1,0.1,8,0.4,0.4,100,100,1
"n120_ad6_c1",120,6,0.1,0.1,8,0.4,0.6,100,100,1
"n120_ad6_c1",120,6,0.1,0.1,8,0.4,0.8,100,97,0.97
"n120_ad6_c1",120,6,0.1,0.1,8,0.4,1,100,88,0.88
"n120_ad6_c1",120,6,0.1,0.1,8,0.6,0.2,100,100,1
"n120_ad6_c1",120,6,0.1,0.1,8,0.6,0.4,100,100,1
"n120_ad6_c1",120,6,0.1,0.1,8,0.6,0.6,100,98,0.98
"n120_ad6_c1",120,6,0.1,0.1,8,0.6,0.8,100,98,0.98
"n120_ad6_c1",120,6,0.1,0.1,8,0.6,1,100,79,0.79
"n120_ad6_c1",120,6,0.1,0.1,8,0.8,0.2,100,100,1
"n120_ad6_c1",120,6,0.1,0.1,8,0.8,0.4,100,100,1
"n120_ad6_c1",120,6,0.1,0.1,8,0.8,0.6,100,100,1
"n120_ad6_c1",120,6,0.1,0.1,8,0.8,0.8,100,99,0.99
"n120_ad6_c1",120,6,0.1,0.1,8,0.8,1,100,58,0.58
"n120_ad6_c1",120,6,0.1,0.1,8,1,0.2,100,100,1
"n120_ad6_c1",120,6,0.1,0.1,8,1,0.4,100,100,1
"n120_ad6_c1",120,6,0.1,0.1,8,1,0.6,100,99,0.99
"n120_ad6_c1",120,6,0.1,0.1,8,1,0.8,100,93,0.93
"n120_ad6_c1",120,6,0.1,0.1,8,1,1,100,0,0
"n120_ad6_c3",120,6,0.3,0.01,0,0.2,0.2,100,100,1
"n120_ad6_c3",120,6,0.3,0.01,0,0.2,0.4,100,100,1
"n120_ad6_c3",120,6,0.3,0.01,0,0.2,0.6,100,100,1
"n120_ad6_c3",120,6,0.3,0.01,0,0.2,0.8,100,99,0.99
"n120_ad6_c3",120,6,0.3,0.01,0,0.2,1,100,49,0.49
"n120_ad6_c3",120,6,0.3,0.01,0,0.4,0.2,100,100,1
"n120_ad6_c3",120,6,0.3,0.01,0,0.4,0.4,100,100,1
"n120_ad6_c3",120,6,0.3,0.01,0,0.4,0.6,100,100,1
"n120_ad6_c3",120,6,0.3,0.01,0,0.4,0.8,100,100,1
"n120_ad6_c3",120,6,0.3,0.01,0,0.4,1,100,35,0.35
"n120_ad6_c3",120,6,0.3,0.01,0,0.6,0.2,100,100,1
"n120_ad6_c3",120,6,0.3,0.01,0,0.6,0.4,100,100,1
"n120_ad6_c3",120,6,0.3,0.01,0,0.6,0.6,100,100,1
"n120_ad6_c3",120,6,0.3,0.01,0,0.6,0.8,100,100,1
"n120_ad6_c3",120,6,0.3,0.01,0,0.6,1,100,8,0.08
"n120_ad6_c3",120,6,0.3,0.01,0,0.8,0.2,100,100,1
"n120_ad6_c3",120,6,0.3,0.01,0,0.8,0.4,100,100,1
"n120_ad6_c3",120,6,0.3,0.01,0,0.8,0.6,100,100,1
"n120_ad6_c3",120,6,0.3,0.01,0,0.8,0.8,100,100,1
"n120_ad6_c3",120,6,0.3,0.01,0,0.8,1,100,10,0.1
"n120_ad6_c3",120,6,0.3,0.01,0,1,0.2,100,100,1
"n120_ad6_c3",120,6,0.3,0.01,0,1,0.4,100,100,1
"n120_ad6_c3",120,6,0.3,0.01,0,1,0.6,100,100,1
"n120_ad6_c3",120,6,0.3,0.01,0,1,0.8,100,100,1
"n120_ad6_c3",120,6,0.3,0.01,0,1,1,100,0,0
"n120_ad6_c3",120,6,0.3,0.01,1,0.2,0.2,100,100,1
"n120_ad6_c3",120,6,0.3,0.01,1,0.2,0.4,100,100,1
"n120_ad6_c3",120,6,0.3,0.01,1,0.2,0.6,100,100,1
"n120_ad6_c3",120,6,0.3,0.01,1,0.2,0.8,100,99,0.99
"n120_ad6_c3",120,6,0.3,0.01,1,0.2,1,100,41,0.41
"n120_ad6_c3",120,6,0.3,0.01,1,0.4,0.2,100,100,1
"n120_ad6_c3",120,6,0.3,0.01,1,0.4,0.4,100,100,1
"n120_ad6_c3",120,6,0.3,0.01,1,0.4,0.6,100,100,1
"n120_ad6_c3",120,6,0.3,0.01,1,0.4,0.8,100,100,1
"n120_ad6_c3",120,6,0.3,0.01,1,0.4,1,100,26,0.26
"n120_ad6_c3",120,6,0.3,0.01,1,0.6,0.2,100,100,1
"n120_ad6_c3",120,6,0.3,0.01,1,0.6,0.4,100,100,1
"n120_ad6_c3",120,6,0.3,0.01,1,0.6,0.6,100,100,1
"n120_ad6_c3",120,6,0.3,0.01,1,0.6,0.8,100,99,0.99
"n120_ad6_c3",120,6,0.3,0.01,1,0.6,1,100,15,0.15
"n120_ad6_c3",120,6,0.3,0.01,1,0.8,0.2,100,100,1
"n120_ad6_c3",120,6,0.3,0.01,1,0.8,0.4,100,100,1
"n120_ad6_c3",120,6,0.3,0.01,1,0.8,0.6,100,100,1
"n120_ad6_c3",120,6,0.3,0.01,1,0.8,0.8,100,100,1
"n120_ad6_c3",120,6,0.3,0.01,1,0.8,1,100,3,0.03
"n120_ad6_c3",120,6,0.3,0.01,1,1,0.2,100,100,1
"n120_ad6_c3",120,6,0.3,0.01,1,1,0.4,100,100,1
"n120_ad6_c3",120,6,0.3,0.01,1,1,0.6,100,100,1
"n120_ad6_c3",120,6,0.3,0.01,1,1,0.8,100,98,0.98
"n120_ad6_c3",120,6,0.3,0.01,1,1,1,100,0,0
"n120_ad6_c3",120,6,0.3,0.01,2,0.2,0.2,100,100,1
"n120_ad6_c3",120,6,0.3,0.01,2,0.2,0.4,100,100,1
"n120_ad6_c3",120,6,0.3,0.01,2,0.2,0.6,100,100,1
"n120_ad6_c3",120,6,0.3,0.01,2,0.2,0.8,100,100,1
"n120_ad6_c3",120,6,0.3,0.01,2,0.2,1,100,46,0.46
"n120_ad6_c3",120,6,0.3,0.01,2,0.4,0.2,100,100,1
"n120_ad6_c3",120,6,0.3,0.01,2,0.4,0.4,100,100,1
"n120_ad6_c3",120,6,0.3,0.01,2,0.4,0.6,100,100,1
"n120_ad6_c3",120,6,0.3,0.01,2,0.4,0.8,100,100,1
"n120_ad6_c3",120,6,0.3,0.01,2,0.4,1,100,33,0.33
"n120_ad6_c3",120,6,0.3,0.01,2,0.6,0.2,100,100,1
"n120_ad6_c3",120,6,0.3,0.01,2,0.6,0.4,100,100,1
"n120_ad6_c3",120,6,0.3,0.01,2,0.6,0.6,100,100,1
"n120_ad6_c3",120,6,0.3,0.01,2,0.6,0.8,100,99,0.99
"n120_ad6_c3",120,6,0.3,0.01,2,0.6,1,100,28,0.28
"n120_ad6_c3",120,6,0.3,0.01,2,0.8,0.2,100,100,1
"n120_ad6_c3",120,6,0.3,0.01,2,0.8,0.4,100,100,1
"n120_ad6_c3",120,6,0.3,0.01,2,0.8,0.6,100,100,1
"n120_ad6_c3",120,6,0.3,0.01,2,0.8,0.8,100,100,1
"n120_ad6_c3",120,6,0.3,0.01,2,0.8,1,100,17,0.17
"n120_ad6_c3",120,6,0.3,0.01,2,1,0.2,100,100,1
"n120_ad6_c3",120,6,0.3,0.01,2,1,0.4,100,100,1
"n120_ad6_c3",120,6,0.3,0.01,2,1,0.6,100,100,1
"n120_ad6_c3",120,6,0.3,0.01,2,1,0.8,100,100,1
"n120_ad6_c3",120,6,0.3,0.01,2,1,1,100,0,0
"n120_ad6_c3",120,6,0.3,0.01,4,0.2,0.2,100,100,1
"n120_ad6_c3",120,6,0.3,0.01,4,0.2,0.4,100,100,1
"n120_ad6_c3",120,6,0.3,0.01,4,0.2,0.6,100,100,1
"n120_ad6_c3",120,6,0.3,0.01,4,0.2,0.8,100,100,1
"n120_ad6_c3",120,6,0.3,0.01,4,0.2,1,100,58,0.58
"n120_ad6_c3",120,6,0.3,0.01,4,0.4,0.2,100,100,1
"n120_ad6_c3",120,6,0.3,0.01,4,0.4,0.4,100,100,1
"n120_ad6_c3",120,6,0.3,0.01,4,0.4,0.6,100,100,1
"n120_ad6_c3",120,6,0.3,0.01,4,0.4,0.8,100,99,0.99
"n120_ad6_c3",120,6,0.3,0.01,4,0.4,1,100,48,0.48
"n120_ad6_c3",120,6,0.3,0.01,4,0.6,0.2,100,100,1
"n120_ad6_c3",120,6,0.3,0.01,4,0.6,0.4,100,100,1
"n120_ad6_c3",120,6,0.3,0.01,4,0.6,0.6,100,100,1
"n120_ad6_c3",120,6,0.3,0.01,4,0.6,0.8,100,100,1
"n120_ad6_c3",120,6,0.3,0.01,4,0.6,1,100,34,0.34
"n120_ad6_c3",120,6,0.3,0.01,4,0.8,0.2,100,100,1
"n120_ad6_c3",120,6,0.3,0.01,4,0.8,0.4,100,100,1
"n120_ad6_c3",120,6,0.3,0.01,4,0.8,0.6,100,100,1
"n120_ad6_c3",120,6,0.3,0.01,4,0.8,0.8,100,100,1
"n120_ad6_c3",120,6,0.3,0.01,4,0.8,1,100,19,0.19
"n120_ad6_c3",120,6,0.3,0.01,4,1,0.2,100,100,1
"n120_ad6_c3",120,6,0.3,0.01,4,1,0.4,100,100,1
"n120_ad6_c3",120,6,0.3,0.01,4,1,0.6,100,100,1
"n120_ad6_c3",120,6,0.3,0.01,4,1,0.8,100,100,1
"n120_ad6_c3",120,6,0.3,0.01,4,1,1,100,0,0
"n120_ad6_c3",120,6,0.3,0.01,8,0.2,0.2,100,100,1
"n120_ad6_c3",120,6,0.3,0.01,8,0.2,0.4,100,100,1
"n120_ad6_c3",120,6,0.3,0.01,8,0.2,0.6,100,100,1
"n120_ad6_c3",120,6,0.3,0.01,8,0.2,0.8,100,100,1
"n120_ad6_c3",120,6,0.3,0.01,8,0.2,1,100,70,0.7
"n120_ad6_c3",120,6,0.3,0.01,8,0.4,0.2,100,100,1
"n120_ad6_c3",120,6,0.3,0.01,8,0.4,0.4,100,100,1
"n120_ad6_c3",120,6,0.3,0.01,8,0.4,0.6,100,100,1
"n120_ad6_c3",120,6,0.3,0.01,8,0.4,0.8,100,100,1
"n120_ad6_c3",120,6,0.3,0.01,8,0.4,1,100,62,0.62
"n120_ad6_c3",120,6,0.3,0.01,8,0.6,0.2,100,100,1
"n120_ad6_c3",120,6,0.3,0.01,8,0.6,0.4,100,100,1
"n120_ad6_c3",120,6,0.3,0.01,8,0.6,0.6,100,100,1
"n120_ad6_c3",120,6,0.3,0.01,8,0.6,0.8,100,99,0.99
"n120_ad6_c3",120,6,0.3,0.01,8,0.6,1,100,48,0.48
"n120_ad6_c3",120,6,0.3,0.01,8,0.8,0.2,100,100,1
"n120_ad6_c3",120,6,0.3,0.01,8,0.8,0.4,100,100,1
"n120_ad6_c3",120,6,0.3,0.01,8,0.8,0.6,100,100,1
"n120_ad6_c3",120,6,0.3,0.01,8,0.8,0.8,100,100,1
"n120_ad6_c3",120,6,0.3,0.01,8,0.8,1,100,30,0.3
"n120_ad6_c3",120,6,0.3,0.01,8,1,0.2,100,100,1
"n120_ad6_c3",120,6,0.3,0.01,8,1,0.4,100,100,1
"n120_ad6_c3",120,6,0.3,0.01,8,1,0.6,100,100,1
"n120_ad6_c3",120,6,0.3,0.01,8,1,0.8,100,100,1
"n120_ad6_c3",120,6,0.3,0.01,8,1,1,100,0,0
"n120_ad6_c3",120,6,0.3,0.05,0,0.2,0.2,100,100,1
"n120_ad6_c3",120,6,0.3,0.05,0,0.2,0.4,100,100,1
"n120_ad6_c3",120,6,0.3,0.05,0,0.2,0.6,100,100,1
"n120_ad6_c3",120,6,0.3,0.05,0,0.2,0.8,100,100,1
"n120_ad6_c3",120,6,0.3,0.05,0,0.2,1,100,100,1
"n120_ad6_c3",120,6,0.3,0.05,0,0.4,0.2,100,100,1
"n120_ad6_c3",120,6,0.3,0.05,0,0.4,0.4,100,100,1
"n120_ad6_c3",120,6,0.3,0.05,0,0.4,0.6,100,100,1
"n120_ad6_c3",120,6,0.3,0.05,0,0.4,0.8,100,99,0.99
"n120_ad6_c3",120,6,0.3,0.05,0,0.4,1,100,91,0.91
"n120_ad6_c3",120,6,0.3,0.05,0,0.6,0.2,100,100,1
"n120_ad6_c3",120,6,0.3,0.05,0,0.6,0.4,100,100,1
"n120_ad6_c3",120,6,0.3,0.05,0,0.6,0.6,100,100,1
"n120_ad6_c3",120,6,0.3,0.05,0,0.6,0.8,100,100,1
"n120_ad6_c3",120,6,0.3,0.05,0,0.6,1,100,71,0.71
"n120_ad6_c3",120,6,0.3,0.05,0,0.8,0.2,100,100,1
"n120_ad6_c3",120,6,0.3,0.05,0,0.8,0.4,100,100,1
"n120_ad6_c3",120,6,0.3,0.05,0,0.8,0.6,100,100,1
"n120_ad6_c3",120,6,0.3,0.05,0,0.8,0.8,100,99,0.99
"n120_ad6_c3",120,6,0.3,0.05,0,0.8,1,100,42,0.42
"n120_ad6_c3",120,6,0.3,0.05,0,1,0.2,100,100,1
"n120_ad6_c3",120,6,0.3,0.05,0,1,0.4,100,100,1
"n120_ad6_c3",120,6,0.3,0.05,0,1,0.6,100,100,1
"n120_ad6_c3",120,6,0.3,0.05,0,1,0.8,100,99,0.99
"n120_ad6_c3",120,6,0.3,0.05,0,1,1,100,0,0
"n120_ad6_c3",120,6,0.3,0.05,1,0.2,0.2,100,100,1
"n120_ad6_c3",120,6,0.3,0.05,1,0.2,0.4,100,100,1
"n120_ad6_c3",120,6,0.3,0.05,1,0.2,0.6,100,100,1
"n120_ad6_c3",120,6,0.3,0.05,1,0.2,0.8,100,100,1
"n120_ad6_c3",120,6,0.3,0.05,1,0.2,1,100,96,0.96
"n120_ad6_c3",120,6,0.3,0.05,1,0.4,0.2,100,100,1
"n120_ad6_c3",120,6,0.3,0.05,1,0.4,0.4,100,100,1
"n120_ad6_c3",120,6,0.3,0.05,1,0.4,0.6,100,100,1
"n120_ad6_c3",120,6,0.3,0.05,1,0.4,0.8,100,100,1
"n120_ad6_c3",120,6,0.3,0.05,1,0.4,1,100,90,0.9
"n120_ad6_c3",120,6,0.3,0.05,1,0.6,0.2,100,100,1
"n120_ad6_c3",120,6,0.3,0.05,1,0.6,0.4,100,100,1
"n120_ad6_c3",120,6,0.3,0.05,1,0.6,0.6,100,100,1
"n120_ad6_c3",120,6,0.3,0.05,1,0.6,0.8,100,100,1
"n120_ad6_c3",120,6,0.3,0.05,1,0.6,1,100,68,0.68
"n120_ad6_c3",120,6,0.3,0.05,1,0.8,0.2,100,100,1
"n120_ad6_c3",120,6,0.3,0.05,1,0.8,0.4,100,100,1
"n120_ad6_c3",120,6,0.3,0.05,1,0.8,0.6,100,100,1
"n120_ad6_c3",120,6,0.3,0.05,1,0.8,0.8,100,100,1
"n120_ad6_c3",120,6,0.3,0.05,1,0.8,1,100,44,0.44
"n120_ad6_c3",120,6,0.3,0.05,1,1,0.2,100,100,1
"n120_ad6_c3",120,6,0.3,0.05,1,1,0.4,100,100,1
"n120_ad6_c3",120,6,0.3,0.05,1,1,0.6,100,100,1
"n120_ad6_c3",120,6,0.3,0.05,1,1,0.8,100,98,0.98
"n120_ad6_c3",120,6,0.3,0.05,1,1,1,100,0,0
"n120_ad6_c3",120,6,0.3,0.05,2,0.2,0.2,100,100,1
"n120_ad6_c3",120,6,0.3,0.05,2,0.2,0.4,100,100,1
"n120_ad6_c3",120,6,0.3,0.05,2,0.2,0.6,100,100,1
"n120_ad6_c3",120,6,0.3,0.05,2,0.2,0.8,100,100,1
"n120_ad6_c3",120,6,0.3,0.05,2,0.2,1,100,97,0.97
"n120_ad6_c3",120,6,0.3,0.05,2,0.4,0.2,100,100,1
"n120_ad6_c3",120,6,0.3,0.05,2,0.4,0.4,100,100,1
"n120_ad6_c3",120,6,0.3,0.05,2,0.4,0.6,100,100,1
"n120_ad6_c3",120,6,0.3,0.05,2,0.4,0.8,100,100,1
"n120_ad6_c3",120,6,0.3,0.05,2,0.4,1,100,84,0.84
"n120_ad6_c3",120,6,0.3,0.05,2,0.6,0.2,100,100,1
"n120_ad6_c3",120,6,0.3,0.05,2,0.6,0.4,100,100,1
"n120_ad6_c3",120,6,0.3,0.05,2,0.6,0.6,100,100,1
"n120_ad6_c3",120,6,0.3,0.05,2,0.6,0.8,100,100,1
"n120_ad6_c3",120,6,0.3,0.05,2,0.6,1,100,77,0.77
"n120_ad6_c3",120,6,0.3,0.05,2,0.8,0.2,100,100,1
"n120_ad6_c3",120,6,0.3,0.05,2,0.8,0.4,100,100,1
"n120_ad6_c3",120,6,0.3,0.05,2,0.8,0.6,100,100,1
"n120_ad6_c3",120,6,0.3,0.05,2,0.8,0.8,100,100,1
"n120_ad6_c3",120,6,0.3,0.05,2,0.8,1,100,61,0.61
"n120_ad6_c3",120,6,0.3,0.05,2,1,0.2,100,100,1
"n120_ad6_c3",120,6,0.3,0.05,2,1,0.4,100,100,1
"n120_ad6_c3",120,6,0.3,0.05,2,1,0.6,100,100,1
"n120_ad6_c3",120,6,0.3,0.05,2,1,0.8,100,99,0.99
"n120_ad6_c3",120,6,0.3,0.05,2,1,1,100,0,0
"n120_ad6_c3",120,6,0.3,0.05,4,0.2,0.2,100,100,1
"n120_ad6_c3",120,6,0.3,0.05,4,0.2,0.4,100,100,1
"n120_ad6_c3",120,6,0.3,0.05,4,0.2,0.6,100,100,1
"n120_ad6_c3",120,6,0.3,0.05,4,0.2,0.8,100,100,1
"n120_ad6_c3",120,6,0.3,0.05,4,0.2,1,100,96,0.96
"n120_ad6_c3",120,6,0.3,0.05,4,0.4,0.2,100,100,1
"n120_ad6_c3",120,6,0.3,0.05,4,0.4,0.4,100,100,1
"n120_ad6_c3",120,6,0.3,0.05,4,0.4,0.6,100,100,1
"n120_ad6_c3",120,6,0.3,0.05,4,0.4,0.8,100,100,1
"n120_ad6_c3",120,6,0.3,0.05,4,0.4,1,100,91,0.91
"n120_ad6_c3",120,6,0.3,0.05,4,0.6,0.2,100,100,1
"n120_ad6_c3",120,6,0.3,0.05,4,0.6,0.4,100,100,1
"n120_ad6_c3",120,6,0.3,0.05,4,0.6,0.6,100,100,1
"n120_ad6_c3",120,6,0.3,0.05,4,0.6,0.8,100,100,1
"n120_ad6_c3",120,6,0.3,0.05,4,0.6,1,100,83,0.83
"n120_ad6_c3",120,6,0.3,0.05,4,0.8,0.2,100,100,1
"n120_ad6_c3",120,6,0.3,0.05,4,0.8,0.4,100,100,1
"n120_ad6_c3",120,6,0.3,0.05,4,0.8,0.6,100,100,1
"n120_ad6_c3",120,6,0.3,0.05,4,0.8,0.8,100,100,1
"n120_ad6_c3",120,6,0.3,0.05,4,0.8,1,100,56,0.56
"n120_ad6_c3",120,6,0.3,0.05,4,1,0.2,100,100,1
"n120_ad6_c3",120,6,0.3,0.05,4,1,0.4,100,100,1
"n120_ad6_c3",120,6,0.3,0.05,4,1,0.6,100,100,1
"n120_ad6_c3",120,6,0.3,0.05,4,1,0.8,100,98,0.98
"n120_ad6_c3",120,6,0.3,0.05,4,1,1,100,0,0
"n120_ad6_c3",120,6,0.3,0.05,8,0.2,0.2,100,100,1
"n120_ad6_c3",120,6,0.3,0.05,8,0.2,0.4,100,100,1
"n120_ad6_c3",120,6,0.3,0.05,8,0.2,0.6,100,100,1
"n120_ad6_c3",120,6,0.3,0.05,8,0.2,0.8,100,100,1
"n120_ad6_c3",120,6,0.3,0.05,8,0.2,1,100,100,1
"n120_ad6_c3",120,6,0.3,0.05,8,0.4,0.2,100,100,1
"n120_ad6_c3",120,6,0.3,0.05,8,0.4,0.4,100,100,1
"n120_ad6_c3",120,6,0.3,0.05,8,0.4,0.6,100,100,1
"n120_ad6_c3",120,6,0.3,0.05,8,0.4,0.8,100,100,1
"n120_ad6_c3",120,6,0.3,0.05,8,0.4,1,100,97,0.97
"n120_ad6_c3",120,6,0.3,0.05,8,0.6,0.2,100,100,1
"n120_ad6_c3",120,6,0.3,0.05,8,0.6,0.4,100,100,1
"n120_ad6_c3",120,6,0.3,0.05,8,0.6,0.6,100,100,1
"n120_ad6_c3",120,6,0.3,0.05,8,0.6,0.8,100,100,1
"n120_ad6_c3",120,6,0.3,0.05,8,0.6,1,100,92,0.92
"n120_ad6_c3",120,6,0.3,0.05,8,0.8,0.2,100,100,1
"n120_ad6_c3",120,6,0.3,0.05,8,0.8,0.4,100,100,1
"n120_ad6_c3",120,6,0.3,0.05,8,0.8,0.6,100,100,1
"n120_ad6_c3",120,6,0.3,0.05,8,0.8,0.8,100,98,0.98
"n120_ad6_c3",120,6,0.3,0.05,8,0.8,1,100,70,0.7
"n120_ad6_c3",120,6,0.3,0.05,8,1,0.2,100,100,1
"n120_ad6_c3",120,6,0.3,0.05,8,1,0.4,100,100,1
"n120_ad6_c3",120,6,0.3,0.05,8,1,0.6,100,100,1
"n120_ad6_c3",120,6,0.3,0.05,8,1,0.8,100,99,0.99
"n120_ad6_c3",120,6,0.3,0.05,8,1,1,100,0,0
"n120_ad6_c3",120,6,0.3,0.1,0,0.2,0.2,100,100,1
"n120_ad6_c3",120,6,0.3,0.1,0,0.2,0.4,100,100,1
"n120_ad6_c3",120,6,0.3,0.1,0,0.2,0.6,100,100,1
"n120_ad6_c3",120,6,0.3,0.1,0,0.2,0.8,100,100,1
"n120_ad6_c3",120,6,0.3,0.1,0,0.2,1,100,100,1
"n120_ad6_c3",120,6,0.3,0.1,0,0.4,0.2,100,100,1
"n120_ad6_c3",120,6,0.3,0.1,0,0.4,0.4,100,100,1
"n120_ad6_c3",120,6,0.3,0.1,0,0.4,0.6,100,100,1
"n120_ad6_c3",120,6,0.3,0.1,0,0.4,0.8,100,100,1
"n120_ad6_c3",120,6,0.3,0.1,0,0.4,1,100,100,1
"n120_ad6_c3",120,6,0.3,0.1,0,0.6,0.2,100,100,1
"n120_ad6_c3",120,6,0.3,0.1,0,0.6,0.4,100,100,1
"n120_ad6_c3",120,6,0.3,0.1,0,0.6,0.6,100,100,1
"n120_ad6_c3",120,6,0.3,0.1,0,0.6,0.8,100,100,1
"n120_ad6_c3",120,6,0.3,0.1,0,0.6,1,100,90,0.9
"n120_ad6_c3",120,6,0.3,0.1,0,0.8,0.2,100,100,1
"n120_ad6_c3",120,6,0.3,0.1,0,0.8,0.4,100,100,1
"n120_ad6_c3",120,6,0.3,0.1,0,0.8,0.6,100,100,1
"n120_ad6_c3",120,6,0.3,0.1,0,0.8,0.8,100,100,1
"n120_ad6_c3",120,6,0.3,0.1,0,0.8,1,100,60,0.6
"n120_ad6_c3",120,6,0.3,0.1,0,1,0.2,100,100,1
"n120_ad6_c3",120,6,0.3,0.1,0,1,0.4,100,100,1
"n120_ad6_c3",120,6,0.3,0.1,0,1,0.6,100,100,1
"n120_ad6_c3",120,6,0.3,0.1,0,1,0.8,100,99,0.99
"n120_ad6_c3",120,6,0.3,0.1,0,1,1,100,0,0
"n120_ad6_c3",120,6,0.3,0.1,1,0.2,0.2,100,100,1
"n120_ad6_c3",120,6,0.3,0.1,1,0.2,0.4,100,100,1
"n120_ad6_c3",120,6,0.3,0.1,1,0.2,0.6,100,100,1
"n120_ad6_c3",120,6,0.3,0.1,1,0.2,0.8,100,100,1
"n120_ad6_c3",120,6,0.3,0.1,1,0.2,1,100,100,1
"n120_ad6_c3",120,6,0.3,0.1,1,0.4,0.2,100,100,1
"n120_ad6_c3",120,6,0.3,0.1,1,0.4,0.4,100,100,1
"n120_ad6_c3",120,6,0.3,0.1,1,0.4,0.6,100,100,1
"n120_ad6_c3",120,6,0.3,0.1,1,0.4,0.8,100,100,1
"n120_ad6_c3",120,6,0.3,0.1,1,0.4,1,100,98,0.98
"n120_ad6_c3",120,6,0.3,0.1,1,0.6,0.2,100,100,1
"n120_ad6_c3",120,6,0.3,0.1,1,0.6,0.4,100,100,1
"n120_ad6_c3",120,6,0.3,0.1,1,0.6,0.6,100,100,1
"n120_ad6_c3",120,6,0.3,0.1,1,0.6,0.8,100,99,0.99
"n120_ad6_c3",120,6,0.3,0.1,1,0.6,1,100,91,0.91
"n120_ad6_c3",120,6,0.3,0.1,1,0.8,0.2,100,100,1
"n120_ad6_c3",120,6,0.3,0.1,1,0.8,0.4,100,100,1
"n120_ad6_c3",120,6,0.3,0.1,1,0.8,0.6,100,100,1
"n120_ad6_c3",120,6,0.3,0.1,1,0.8,0.8,100,99,0.99
"n120_ad6_c3",120,6,0.3,0.1,1,0.8,1,100,61,0.61
"n120_ad6_c3",120,6,0.3,0.1,1,1,0.2,100,100,1
"n120_ad6_c3",120,6,0.3,0.1,1,1,0.4,100,100,1
"n120_ad6_c3",120,6,0.3,0.1,1,1,0.6,100,100,1
"n120_ad6_c3",120,6,0.3,0.1,1,1,0.8,100,99,0.99
"n120_ad6_c3",120,6,0.3,0.1,1,1,1,100,0,0
"n120_ad6_c3",120,6,0.3,0.1,2,0.2,0.2,100,100,1
"n120_ad6_c3",120,6,0.3,0.1,2,0.2,0.4,100,100,1
"n120_ad6_c3",120,6,0.3,0.1,2,0.2,0.6,100,100,1
"n120_ad6_c3",120,6,0.3,0.1,2,0.2,0.8,100,100,1
"n120_ad6_c3",120,6,0.3,0.1,2,0.2,1,100,100,1
"n120_ad6_c3",120,6,0.3,0.1,2,0.4,0.2,100,100,1
"n120_ad6_c3",120,6,0.3,0.1,2,0.4,0.4,100,100,1
"n120_ad6_c3",120,6,0.3,0.1,2,0.4,0.6,100,100,1
"n120_ad6_c3",120,6,0.3,0.1,2,0.4,0.8,100,100,1
"n120_ad6_c3",120,6,0.3,0.1,2,0.4,1,100,98,0.98
"n120_ad6_c3",120,6,0.3,0.1,2,0.6,0.2,100,100,1
"n120_ad6_c3",120,6,0.3,0.1,2,0.6,0.4,100,100,1
"n120_ad6_c3",120,6,0.3,0.1,2,0.6,0.6,100,100,1
"n120_ad6_c3",120,6,0.3,0.1,2,0.6,0.8,100,100,1
"n120_ad6_c3",120,6,0.3,0.1,2,0.6,1,100,90,0.9
"n120_ad6_c3",120,6,0.3,0.1,2,0.8,0.2,100,100,1
"n120_ad6_c3",120,6,0.3,0.1,2,0.8,0.4,100,100,1
"n120_ad6_c3",120,6,0.3,0.1,2,0.8,0.6,100,100,1
"n120_ad6_c3",120,6,0.3,0.1,2,0.8,0.8,100,100,1
"n120_ad6_c3",120,6,0.3,0.1,2,0.8,1,100,71,0.71
"n120_ad6_c3",120,6,0.3,0.1,2,1,0.2,100,100,1
"n120_ad6_c3",120,6,0.3,0.1,2,1,0.4,100,100,1
"n120_ad6_c3",120,6,0.3,0.1,2,1,0.6,100,100,1
"n120_ad6_c3",120,6,0.3,0.1,2,1,0.8,100,98,0.98
"n120_ad6_c3",120,6,0.3,0.1,2,1,1,100,0,0
"n120_ad6_c3",120,6,0.3,0.1,4,0.2,0.2,100,100,1
"n120_ad6_c3",120,6,0.3,0.1,4,0.2,0.4,100,100,1
"n120_ad6_c3",120,6,0.3,0.1,4,0.2,0.6,100,100,1
"n120_ad6_c3",120,6,0.3,0.1,4,0.2,0.8,100,100,1
"n120_ad6_c3",120,6,0.3,0.1,4,0.2,1,100,100,1
"n120_ad6_c3",120,6,0.3,0.1,4,0.4,0.2,100,100,1
"n120_ad6_c3",120,6,0.3,0.1,4,0.4,0.4,100,100,1
"n120_ad6_c3",120,6,0.3,0.1,4,0.4,0.6,100,100,1
"n120_ad6_c3",120,6,0.3,0.1,4,0.4,0.8,100,100,1
"n120_ad6_c3",120,6,0.3,0.1,4,0.4,1,100,99,0.99
"n120_ad6_c3",120,6,0.3,0.1,4,0.6,0.2,100,100,1
"n120_ad6_c3",120,6,0.3,0.1,4,0.6,0.4,100,100,1
"n120_ad6_c3",120,6,0.3,0.1,4,0.6,0.6,100,100,1
"n120_ad6_c3",120,6,0.3,0.1,4,0.6,0.8,100,100,1
"n120_ad6_c3",120,6,0.3,0.1,4,0.6,1,100,98,0.98
"n120_ad6_c3",120,6,0.3,0.1,4,0.8,0.2,100,100,1
"n120_ad6_c3",120,6,0.3,0.1,4,0.8,0.4,100,100,1
"n120_ad6_c3",120,6,0.3,0.1,4,0.8,0.6,100,100,1
"n120_ad6_c3",120,6,0.3,0.1,4,0.8,0.8,100,100,1
"n120_ad6_c3",120,6,0.3,0.1,4,0.8,1,100,83,0.83
"n120_ad6_c3",120,6,0.3,0.1,4,1,0.2,100,100,1
"n120_ad6_c3",120,6,0.3,0.1,4,1,0.4,100,100,1
"n120_ad6_c3",120,6,0.3,0.1,4,1,0.6,100,100,1
"n120_ad6_c3",120,6,0.3,0.1,4,1,0.8,100,95,0.95
"n120_ad6_c3",120,6,0.3,0.1,4,1,1,100,0,0
"n120_ad6_c3",120,6,0.3,0.1,8,0.2,0.2,100,100,1
"n120_ad6_c3",120,6,0.3,0.1,8,0.2,0.4,100,100,1
"n120_ad6_c3",120,6,0.3,0.1,8,0.2,0.6,100,100,1
"n120_ad6_c3",120,6,0.3,0.1,8,0.2,0.8,100,100,1
"n120_ad6_c3",120,6,0.3,0.1,8,0.2,1,100,100,1
"n120_ad6_c3",120,6,0.3,0.1,8,0.4,0.2,100,100,1
"n120_ad6_c3",120,6,0.3,0.1,8,0.4,0.4,100,100,1
"n120_ad6_c3",120,6,0.3,0.1,8,0.4,0.6,100,100,1
"n120_ad6_c3",120,6,0.3,0.1,8,0.4,0.8,100,100,1
"n120_ad6_c3",120,6,0.3,0.1,8,0.4,1,100,100,1
"n120_ad6_c3",120,6,0.3,0.1,8,0.6,0.2,100,100,1
"n120_ad6_c3",120,6,0.3,0.1,8,0.6,0.4,100,100,1
"n120_ad6_c3",120,6,0.3,0.1,8,0.6,0.6,100,100,1
"n120_ad6_c3",120,6,0.3,0.1,8,0.6,0.8,100,100,1
"n120_ad6_c3",120,6,0.3,0.1,8,0.6,1,100,97,0.97
"n120_ad6_c3",120,6,0.3,0.1,8,0.8,0.2,100,100,1
"n120_ad6_c3",120,6,0.3,0.1,8,0.8,0.4,100,100,1
"n120_ad6_c3",120,6,0.3,0.1,8,0.8,0.6,100,100,1
"n120_ad6_c3",120,6,0.3,0.1,8,0.8,0.8,100,99,0.99
"n120_ad6_c3",120,6,0.3,0.1,8,0.8,1,100,81,0.81
"n120_ad6_c3",120,6,0.3,0.1,8,1,0.2,100,100,1
"n120_ad6_c3",120,6,0.3,0.1,8,1,0.4,100,100,1
"n120_ad6_c3",120,6,0.3,0.1,8,1,0.6,100,100,1
"n120_ad6_c3",120,6,0.3,0.1,8,1,0.8,100,95,0.95
"n120_ad6_c3",120,6,0.3,0.1,8,1,1,100,0,0
"n120_ad6_c5",120,6,0.5,0.01,0,0.2,0.2,100,100,1
"n120_ad6_c5",120,6,0.5,0.01,0,0.2,0.4,100,100,1
"n120_ad6_c5",120,6,0.5,0.01,0,0.2,0.6,100,100,1
"n120_ad6_c5",120,6,0.5,0.01,0,0.2,0.8,100,100,1
"n120_ad6_c5",120,6,0.5,0.01,0,0.2,1,100,58,0.58
"n120_ad6_c5",120,6,0.5,0.01,0,0.4,0.2,100,100,1
"n120_ad6_c5",120,6,0.5,0.01,0,0.4,0.4,100,100,1
"n120_ad6_c5",120,6,0.5,0.01,0,0.4,0.6,100,100,1
"n120_ad6_c5",120,6,0.5,0.01,0,0.4,0.8,100,99,0.99
"n120_ad6_c5",120,6,0.5,0.01,0,0.4,1,100,31,0.31
"n120_ad6_c5",120,6,0.5,0.01,0,0.6,0.2,100,100,1
"n120_ad6_c5",120,6,0.5,0.01,0,0.6,0.4,100,100,1
"n120_ad6_c5",120,6,0.5,0.01,0,0.6,0.6,100,100,1
"n120_ad6_c5",120,6,0.5,0.01,0,0.6,0.8,100,100,1
"n120_ad6_c5",120,6,0.5,0.01,0,0.6,1,100,15,0.15
"n120_ad6_c5",120,6,0.5,0.01,0,0.8,0.2,100,100,1
"n120_ad6_c5",120,6,0.5,0.01,0,0.8,0.4,100,100,1
"n120_ad6_c5",120,6,0.5,0.01,0,0.8,0.6,100,100,1
"n120_ad6_c5",120,6,0.5,0.01,0,0.8,0.8,100,100,1
"n120_ad6_c5",120,6,0.5,0.01,0,0.8,1,100,11,0.11
"n120_ad6_c5",120,6,0.5,0.01,0,1,0.2,100,100,1
"n120_ad6_c5",120,6,0.5,0.01,0,1,0.4,100,100,1
"n120_ad6_c5",120,6,0.5,0.01,0,1,0.6,100,100,1
"n120_ad6_c5",120,6,0.5,0.01,0,1,0.8,100,98,0.98
"n120_ad6_c5",120,6,0.5,0.01,0,1,1,100,0,0
"n120_ad6_c5",120,6,0.5,0.01,1,0.2,0.2,100,100,1
"n120_ad6_c5",120,6,0.5,0.01,1,0.2,0.4,100,100,1
"n120_ad6_c5",120,6,0.5,0.01,1,0.2,0.6,100,100,1
"n120_ad6_c5",120,6,0.5,0.01,1,0.2,0.8,100,100,1
"n120_ad6_c5",120,6,0.5,0.01,1,0.2,1,100,51,0.51
"n120_ad6_c5",120,6,0.5,0.01,1,0.4,0.2,100,100,1
"n120_ad6_c5",120,6,0.5,0.01,1,0.4,0.4,100,100,1
"n120_ad6_c5",120,6,0.5,0.01,1,0.4,0.6,100,100,1
"n120_ad6_c5",120,6,0.5,0.01,1,0.4,0.8,100,99,0.99
"n120_ad6_c5",120,6,0.5,0.01,1,0.4,1,100,31,0.31
"n120_ad6_c5",120,6,0.5,0.01,1,0.6,0.2,100,100,1
"n120_ad6_c5",120,6,0.5,0.01,1,0.6,0.4,100,100,1
"n120_ad6_c5",120,6,0.5,0.01,1,0.6,0.6,100,100,1
"n120_ad6_c5",120,6,0.5,0.01,1,0.6,0.8,100,99,0.99
"n120_ad6_c5",120,6,0.5,0.01,1,0.6,1,100,19,0.19
"n120_ad6_c5",120,6,0.5,0.01,1,0.8,0.2,100,100,1
"n120_ad6_c5",120,6,0.5,0.01,1,0.8,0.4,100,100,1
"n120_ad6_c5",120,6,0.5,0.01,1,0.8,0.6,100,100,1
"n120_ad6_c5",120,6,0.5,0.01,1,0.8,0.8,100,100,1
"n120_ad6_c5",120,6,0.5,0.01,1,0.8,1,100,12,0.12
"n120_ad6_c5",120,6,0.5,0.01,1,1,0.2,100,100,1
"n120_ad6_c5",120,6,0.5,0.01,1,1,0.4,100,100,1
"n120_ad6_c5",120,6,0.5,0.01,1,1,0.6,100,100,1
"n120_ad6_c5",120,6,0.5,0.01,1,1,0.8,100,98,0.98
"n120_ad6_c5",120,6,0.5,0.01,1,1,1,100,0,0
"n120_ad6_c5",120,6,0.5,0.01,2,0.2,0.2,100,100,1
"n120_ad6_c5",120,6,0.5,0.01,2,0.2,0.4,100,100,1
"n120_ad6_c5",120,6,0.5,0.01,2,0.2,0.6,100,100,1
"n120_ad6_c5",120,6,0.5,0.01,2,0.2,0.8,100,100,1
"n120_ad6_c5",120,6,0.5,0.01,2,0.2,1,100,48,0.48
"n120_ad6_c5",120,6,0.5,0.01,2,0.4,0.2,100,100,1
"n120_ad6_c5",120,6,0.5,0.01,2,0.4,0.4,100,100,1
"n120_ad6_c5",120,6,0.5,0.01,2,0.4,0.6,100,100,1
"n120_ad6_c5",120,6,0.5,0.01,2,0.4,0.8,100,100,1
"n120_ad6_c5",120,6,0.5,0.01,2,0.4,1,100,43,0.43
"n120_ad6_c5",120,6,0.5,0.01,2,0.6,0.2,100,100,1
"n120_ad6_c5",120,6,0.5,0.01,2,0.6,0.4,100,100,1
"n120_ad6_c5",120,6,0.5,0.01,2,0.6,0.6,100,100,1
"n120_ad6_c5",120,6,0.5,0.01,2,0.6,0.8,100,99,0.99
"n120_ad6_c5",120,6,0.5,0.01,2,0.6,1,100,29,0.29
"n120_ad6_c5",120,6,0.5,0.01,2,0.8,0.2,100,100,1
"n120_ad6_c5",120,6,0.5,0.01,2,0.8,0.4,100,100,1
"n120_ad6_c5",120,6,0.5,0.01,2,0.8,0.6,100,100,1
"n120_ad6_c5",120,6,0.5,0.01,2,0.8,0.8,100,99,0.99
"n120_ad6_c5",120,6,0.5,0.01,2,0.8,1,100,23,0.23
"n120_ad6_c5",120,6,0.5,0.01,2,1,0.2,100,100,1
"n120_ad6_c5",120,6,0.5,0.01,2,1,0.4,100,100,1
"n120_ad6_c5",120,6,0.5,0.01,2,1,0.6,100,100,1
"n120_ad6_c5",120,6,0.5,0.01,2,1,0.8,100,100,1
"n120_ad6_c5",120,6,0.5,0.01,2,1,1,100,0,0
"n120_ad6_c5",120,6,0.5,0.01,4,0.2,0.2,100,100,1
"n120_ad6_c5",120,6,0.5,0.01,4,0.2,0.4,100,100,1
"n120_ad6_c5",120,6,0.5,0.01,4,0.2,0.6,100,100,1
"n120_ad6_c5",120,6,0.5,0.01,4,0.2,0.8,100,100,1
"n120_ad6_c5",120,6,0.5,0.01,4,0.2,1,100,82,0.82
"n120_ad6_c5",120,6,0.5,0.01,4,0.4,0.2,100,100,1
"n120_ad6_c5",120,6,0.5,0.01,4,0.4,0.4,100,100,1
"n120_ad6_c5",120,6,0.5,0.01,4,0.4,0.6,100,100,1
"n120_ad6_c5",120,6,0.5,0.01,4,0.4,0.8,100,100,1
"n120_ad6_c5",120,6,0.5,0.01,4,0.4,1,100,82,0.82
"n120_ad6_c5",120,6,0.5,0.01,4,0.6,0.2,100,100,1
"n120_ad6_c5",120,6,0.5,0.01,4,0.6,0.4,100,100,1
"n120_ad6_c5",120,6,0.5,0.01,4,0.6,0.6,100,100,1
"n120_ad6_c5",120,6,0.5,0.01,4,0.6,0.8,100,100,1
"n120_ad6_c5",120,6,0.5,0.01,4,0.6,1,100,63,0.63
"n120_ad6_c5",120,6,0.5,0.01,4,0.8,0.2,100,100,1
"n120_ad6_c5",120,6,0.5,0.01,4,0.8,0.4,100,100,1
"n120_ad6_c5",120,6,0.5,0.01,4,0.8,0.6,100,100,1
"n120_ad6_c5",120,6,0.5,0.01,4,0.8,0.8,100,99,0.99
"n120_ad6_c5",120,6,0.5,0.01,4,0.8,1,100,38,0.38
"n120_ad6_c5",120,6,0.5,0.01,4,1,0.2,100,100,1
"n120_ad6_c5",120,6,0.5,0.01,4,1,0.4,100,100,1
"n120_ad6_c5",120,6,0.5,0.01,4,1,0.6,100,100,1
"n120_ad6_c5",120,6,0.5,0.01,4,1,0.8,100,99,0.99
"n120_ad6_c5",120,6,0.5,0.01,4,1,1,100,0,0
"n120_ad6_c5",120,6,0.5,0.01,8,0.2,0.2,100,100,1
"n120_ad6_c5",120,6,0.5,0.01,8,0.2,0.4,100,100,1
"n120_ad6_c5",120,6,0.5,0.01,8,0.2,0.6,100,100,1
"n120_ad6_c5",120,6,0.5,0.01,8,0.2,0.8,100,100,1
"n120_ad6_c5",120,6,0.5,0.01,8,0.2,1,100,90,0.9
"n120_ad6_c5",120,6,0.5,0.01,8,0.4,0.2,100,100,1
"n120_ad6_c5",120,6,0.5,0.01,8,0.4,0.4,100,100,1
"n120_ad6_c5",120,6,0.5,0.01,8,0.4,0.6,100,100,1
"n120_ad6_c5",120,6,0.5,0.01,8,0.4,0.8,100,100,1
"n120_ad6_c5",120,6,0.5,0.01,8,0.4,1,100,88,0.88
"n120_ad6_c5",120,6,0.5,0.01,8,0.6,0.2,100,100,1
"n120_ad6_c5",120,6,0.5,0.01,8,0.6,0.4,100,100,1
"n120_ad6_c5",120,6,0.5,0.01,8,0.6,0.6,100,100,1
"n120_ad6_c5",120,6,0.5,0.01,8,0.6,0.8,100,100,1
"n120_ad6_c5",120,6,0.5,0.01,8,0.6,1,100,79,0.79
"n120_ad6_c5",120,6,0.5,0.01,8,0.8,0.2,100,100,1
"n120_ad6_c5",120,6,0.5,0.01,8,0.8,0.4,100,100,1
"n120_ad6_c5",120,6,0.5,0.01,8,0.8,0.6,100,100,1
"n120_ad6_c5",120,6,0.5,0.01,8,0.8,0.8,100,100,1
"n120_ad6_c5",120,6,0.5,0.01,8,0.8,1,100,52,0.52
"n120_ad6_c5",120,6,0.5,0.01,8,1,0.2,100,100,1
"n120_ad6_c5",120,6,0.5,0.01,8,1,0.4,100,100,1
"n120_ad6_c5",120,6,0.5,0.01,8,1,0.6,100,100,1
"n120_ad6_c5",120,6,0.5,0.01,8,1,0.8,100,100,1
"n120_ad6_c5",120,6,0.5,0.01,8,1,1,100,0,0
"n120_ad6_c5",120,6,0.5,0.05,0,0.2,0.2,100,100,1
"n120_ad6_c5",120,6,0.5,0.05,0,0.2,0.4,100,100,1
"n120_ad6_c5",120,6,0.5,0.05,0,0.2,0.6,100,100,1
"n120_ad6_c5",120,6,0.5,0.05,0,0.2,0.8,100,100,1
"n120_ad6_c5",120,6,0.5,0.05,0,0.2,1,100,97,0.97
"n120_ad6_c5",120,6,0.5,0.05,0,0.4,0.2,100,100,1
"n120_ad6_c5",120,6,0.5,0.05,0,0.4,0.4,100,100,1
"n120_ad6_c5",120,6,0.5,0.05,0,0.4,0.6,100,100,1
"n120_ad6_c5",120,6,0.5,0.05,0,0.4,0.8,100,100,1
"n120_ad6_c5",120,6,0.5,0.05,0,0.4,1,100,85,0.85
"n120_ad6_c5",120,6,0.5,0.05,0,0.6,0.2,100,100,1
"n120_ad6_c5",120,6,0.5,0.05,0,0.6,0.4,100,100,1
"n120_ad6_c5",120,6,0.5,0.05,0,0.6,0.6,100,100,1
"n120_ad6_c5",120,6,0.5,0.05,0,0.6,0.8,100,100,1
"n120_ad6_c5",120,6,0.5,0.05,0,0.6,1,100,62,0.62
"n120_ad6_c5",120,6,0.5,0.05,0,0.8,0.2,100,100,1
"n120_ad6_c5",120,6,0.5,0.05,0,0.8,0.4,100,100,1
"n120_ad6_c5",120,6,0.5,0.05,0,0.8,0.6,100,100,1
"n120_ad6_c5",120,6,0.5,0.05,0,0.8,0.8,100,98,0.98
"n120_ad6_c5",120,6,0.5,0.05,0,0.8,1,100,33,0.33
"n120_ad6_c5",120,6,0.5,0.05,0,1,0.2,100,100,1
"n120_ad6_c5",120,6,0.5,0.05,0,1,0.4,100,100,1
"n120_ad6_c5",120,6,0.5,0.05,0,1,0.6,100,100,1
"n120_ad6_c5",120,6,0.5,0.05,0,1,0.8,100,99,0.99
"n120_ad6_c5",120,6,0.5,0.05,0,1,1,100,0,0
"n120_ad6_c5",120,6,0.5,0.05,1,0.2,0.2,100,100,1
"n120_ad6_c5",120,6,0.5,0.05,1,0.2,0.4,100,100,1
"n120_ad6_c5",120,6,0.5,0.05,1,0.2,0.6,100,100,1
"n120_ad6_c5",120,6,0.5,0.05,1,0.2,0.8,100,100,1
"n120_ad6_c5",120,6,0.5,0.05,1,0.2,1,100,99,0.99
"n120_ad6_c5",120,6,0.5,0.05,1,0.4,0.2,100,100,1
"n120_ad6_c5",120,6,0.5,0.05,1,0.4,0.4,100,100,1
"n120_ad6_c5",120,6,0.5,0.05,1,0.4,0.6,100,100,1
"n120_ad6_c5",120,6,0.5,0.05,1,0.4,0.8,100,100,1
"n120_ad6_c5",120,6,0.5,0.05,1,0.4,1,100,88,0.88
"n120_ad6_c5",120,6,0.5,0.05,1,0.6,0.2,100,100,1
"n120_ad6_c5",120,6,0.5,0.05,1,0.6,0.4,100,100,1
"n120_ad6_c5",120,6,0.5,0.05,1,0.6,0.6,100,100,1
"n120_ad6_c5",120,6,0.5,0.05,1,0.6,0.8,100,99,0.99
"n120_ad6_c5",120,6,0.5,0.05,1,0.6,1,100,70,0.7
"n120_ad6_c5",120,6,0.5,0.05,1,0.8,0.2,100,100,1
"n120_ad6_c5",120,6,0.5,0.05,1,0.8,0.4,100,100,1
"n120_ad6_c5",120,6,0.5,0.05,1,0.8,0.6,100,100,1
"n120_ad6_c5",120,6,0.5,0.05,1,0.8,0.8,100,100,1
"n120_ad6_c5",120,6,0.5,0.05,1,0.8,1,100,45,0.45
"n120_ad6_c5",120,6,0.5,0.05,1,1,0.2,100,100,1
"n120_ad6_c5",120,6,0.5,0.05,1,1,0.4,100,100,1
"n120_ad6_c5",120,6,0.5,0.05,1,1,0.6,100,100,1
"n120_ad6_c5",120,6,0.5,0.05,1,1,0.8,100,99,0.99
"n120_ad6_c5",120,6,0.5,0.05,1,1,1,100,0,0
"n120_ad6_c5",120,6,0.5,0.05,2,0.2,0.2,100,100,1
"n120_ad6_c5",120,6,0.5,0.05,2,0.2,0.4,100,100,1
"n120_ad6_c5",120,6,0.5,0.05,2,0.2,0.6,100,100,1
"n120_ad6_c5",120,6,0.5,0.05,2,0.2,0.8,100,100,1
"n120_ad6_c5",120,6,0.5,0.05,2,0.2,1,100,99,0.99
"n120_ad6_c5",120,6,0.5,0.05,2,0.4,0.2,100,100,1
"n120_ad6_c5",120,6,0.5,0.05,2,0.4,0.4,100,100,1
"n120_ad6_c5",120,6,0.5,0.05,2,0.4,0.6,100,100,1
"n120_ad6_c5",120,6,0.5,0.05,2,0.4,0.8,100,100,1
"n120_ad6_c5",120,6,0.5,0.05,2,0.4,1,100,97,0.97
"n120_ad6_c5",120,6,0.5,0.05,2,0.6,0.2,100,100,1
"n120_ad6_c5",120,6,0.5,0.05,2,0.6,0.4,100,100,1
"n120_ad6_c5",120,6,0.5,0.05,2,0.6,0.6,100,100,1
"n120_ad6_c5",120,6,0.5,0.05,2,0.6,0.8,100,100,1
"n120_ad6_c5",120,6,0.5,0.05,2,0.6,1,100,89,0.89
"n120_ad6_c5",120,6,0.5,0.05,2,0.8,0.2,100,100,1
"n120_ad6_c5",120,6,0.5,0.05,2,0.8,0.4,100,100,1
"n120_ad6_c5",120,6,0.5,0.05,2,0.8,0.6,100,100,1
"n120_ad6_c5",120,6,0.5,0.05,2,0.8,0.8,100,100,1
"n120_ad6_c5",120,6,0.5,0.05,2,0.8,1,100,61,0.61
"n120_ad6_c5",120,6,0.5,0.05,2,1,0.2,100,100,1
"n120_ad6_c5",120,6,0.5,0.05,2,1,0.4,100,100,1
"n120_ad6_c5",120,6,0.5,0.05,2,1,0.6,100,100,1
"n120_ad6_c5",120,6,0.5,0.05,2,1,0.8,100,99,0.99
"n120_ad6_c5",120,6,0.5,0.05,2,1,1,100,0,0
"n120_ad6_c5",120,6,0.5,0.05,4,0.2,0.2,100,100,1
"n120_ad6_c5",120,6,0.5,0.05,4,0.2,0.4,100,100,1
"n120_ad6_c5",120,6,0.5,0.05,4,0.2,0.6,100,100,1
"n120_ad6_c5",120,6,0.5,0.05,4,0.2,0.8,100,100,1
"n120_ad6_c5",120,6,0.5,0.05,4,0.2,1,100,100,1
"n120_ad6_c5",120,6,0.5,0.05,4,0.4,0.2,100,100,1
"n120_ad6_c5",120,6,0.5,0.05,4,0.4,0.4,100,100,1
"n120_ad6_c5",120,6,0.5,0.05,4,0.4,0.6,100,100,1
"n120_ad6_c5",120,6,0.5,0.05,4,0.4,0.8,100,100,1
"n120_ad6_c5",120,6,0.5,0.05,4,0.4,1,100,99,0.99
"n120_ad6_c5",120,6,0.5,0.05,4,0.6,0.2,100,100,1
"n120_ad6_c5",120,6,0.5,0.05,4,0.6,0.4,100,100,1
"n120_ad6_c5",120,6,0.5,0.05,4,0.6,0.6,100,100,1
"n120_ad6_c5",120,6,0.5,0.05,4,0.6,0.8,100,100,1
"n120_ad6_c5",120,6,0.5,0.05,4,0.6,1,100,89,0.89
"n120_ad6_c5",120,6,0.5,0.05,4,0.8,0.2,100,100,1
"n120_ad6_c5",120,6,0.5,0.05,4,0.8,0.4,100,100,1
"n120_ad6_c5",120,6,0.5,0.05,4,0.8,0.6,100,100,1
"n120_ad6_c5",120,6,0.5,0.05,4,0.8,0.8,100,99,0.99
"n120_ad6_c5",120,6,0.5,0.05,4,0.8,1,100,74,0.74
"n120_ad6_c5",120,6,0.5,0.05,4,1,0.2,100,100,1
"n120_ad6_c5",120,6,0.5,0.05,4,1,0.4,100,100,1
"n120_ad6_c5",120,6,0.5,0.05,4,1,0.6,100,100,1
"n120_ad6_c5",120,6,0.5,0.05,4,1,0.8,100,98,0.98
"n120_ad6_c5",120,6,0.5,0.05,4,1,1,100,0,0
"n120_ad6_c5",120,6,0.5,0.05,8,0.2,0.2,100,100,1
"n120_ad6_c5",120,6,0.5,0.05,8,0.2,0.4,100,100,1
"n120_ad6_c5",120,6,0.5,0.05,8,0.2,0.6,100,100,1
"n120_ad6_c5",120,6,0.5,0.05,8,0.2,0.8,100,100,1
"n120_ad6_c5",120,6,0.5,0.05,8,0.2,1,100,100,1
"n120_ad6_c5",120,6,0.5,0.05,8,0.4,0.2,100,100,1
"n120_ad6_c5",120,6,0.5,0.05,8,0.4,0.4,100,100,1
"n120_ad6_c5",120,6,0.5,0.05,8,0.4,0.6,100,100,1
"n120_ad6_c5",120,6,0.5,0.05,8,0.4,0.8,100,99,0.99
"n120_ad6_c5",120,6,0.5,0.05,8,0.4,1,100,98,0.98
"n120_ad6_c5",120,6,0.5,0.05,8,0.6,0.2,100,100,1
"n120_ad6_c5",120,6,0.5,0.05,8,0.6,0.4,100,100,1
"n120_ad6_c5",120,6,0.5,0.05,8,0.6,0.6,100,100,1
"n120_ad6_c5",120,6,0.5,0.05,8,0.6,0.8,100,100,1
"n120_ad6_c5",120,6,0.5,0.05,8,0.6,1,100,91,0.91
"n120_ad6_c5",120,6,0.5,0.05,8,0.8,0.2,100,100,1
"n120_ad6_c5",120,6,0.5,0.05,8,0.8,0.4,100,100,1
"n120_ad6_c5",120,6,0.5,0.05,8,0.8,0.6,100,100,1
"n120_ad6_c5",120,6,0.5,0.05,8,0.8,0.8,100,99,0.99
"n120_ad6_c5",120,6,0.5,0.05,8,0.8,1,100,80,0.8
"n120_ad6_c5",120,6,0.5,0.05,8,1,0.2,100,100,1
"n120_ad6_c5",120,6,0.5,0.05,8,1,0.4,100,100,1
"n120_ad6_c5",120,6,0.5,0.05,8,1,0.6,100,100,1
"n120_ad6_c5",120,6,0.5,0.05,8,1,0.8,100,98,0.98
"n120_ad6_c5",120,6,0.5,0.05,8,1,1,100,0,0
"n120_ad6_c5",120,6,0.5,0.1,0,0.2,0.2,100,100,1
"n120_ad6_c5",120,6,0.5,0.1,0,0.2,0.4,100,100,1
"n120_ad6_c5",120,6,0.5,0.1,0,0.2,0.6,100,100,1
"n120_ad6_c5",120,6,0.5,0.1,0,0.2,0.8,100,100,1
"n120_ad6_c5",120,6,0.5,0.1,0,0.2,1,100,100,1
"n120_ad6_c5",120,6,0.5,0.1,0,0.4,0.2,100,100,1
"n120_ad6_c5",120,6,0.5,0.1,0,0.4,0.4,100,100,1
"n120_ad6_c5",120,6,0.5,0.1,0,0.4,0.6,100,100,1
"n120_ad6_c5",120,6,0.5,0.1,0,0.4,0.8,100,100,1
"n120_ad6_c5",120,6,0.5,0.1,0,0.4,1,100,99,0.99
"n120_ad6_c5",120,6,0.5,0.1,0,0.6,0.2,100,100,1
"n120_ad6_c5",120,6,0.5,0.1,0,0.6,0.4,100,100,1
"n120_ad6_c5",120,6,0.5,0.1,0,0.6,0.6,100,100,1
"n120_ad6_c5",120,6,0.5,0.1,0,0.6,0.8,100,100,1
"n120_ad6_c5",120,6,0.5,0.1,0,0.6,1,100,92,0.92
"n120_ad6_c5",120,6,0.5,0.1,0,0.8,0.2,100,100,1
"n120_ad6_c5",120,6,0.5,0.1,0,0.8,0.4,100,100,1
"n120_ad6_c5",120,6,0.5,0.1,0,0.8,0.6,100,100,1
"n120_ad6_c5",120,6,0.5,0.1,0,0.8,0.8,100,99,0.99
"n120_ad6_c5",120,6,0.5,0.1,0,0.8,1,100,54,0.54
"n120_ad6_c5",120,6,0.5,0.1,0,1,0.2,100,100,1
"n120_ad6_c5",120,6,0.5,0.1,0,1,0.4,100,100,1
"n120_ad6_c5",120,6,0.5,0.1,0,1,0.6,100,100,1
"n120_ad6_c5",120,6,0.5,0.1,0,1,0.8,100,99,0.99
"n120_ad6_c5",120,6,0.5,0.1,0,1,1,100,0,0
"n120_ad6_c5",120,6,0.5,0.1,1,0.2,0.2,100,100,1
"n120_ad6_c5",120,6,0.5,0.1,1,0.2,0.4,100,100,1
"n120_ad6_c5",120,6,0.5,0.1,1,0.2,0.6,100,100,1
"n120_ad6_c5",120,6,0.5,0.1,1,0.2,0.8,100,100,1
"n120_ad6_c5",120,6,0.5,0.1,1,0.2,1,100,100,1
"n120_ad6_c5",120,6,0.5,0.1,1,0.4,0.2,100,100,1
"n120_ad6_c5",120,6,0.5,0.1,1,0.4,0.4,100,100,1
"n120_ad6_c5",120,6,0.5,0.1,1,0.4,0.6,100,100,1
"n120_ad6_c5",120,6,0.5,0.1,1,0.4,0.8,100,100,1
"n120_ad6_c5",120,6,0.5,0.1,1,0.4,1,100,98,0.98
"n120_ad6_c5",120,6,0.5,0.1,1,0.6,0.2,100,100,1
"n120_ad6_c5",120,6,0.5,0.1,1,0.6,0.4,100,100,1
"n120_ad6_c5",120,6,0.5,0.1,1,0.6,0.6,100,100,1
"n120_ad6_c5",120,6,0.5,0.1,1,0.6,0.8,100,99,0.99
"n120_ad6_c5",120,6,0.5,0.1,1,0.6,1,100,92,0.92
"n120_ad6_c5",120,6,0.5,0.1,1,0.8,0.2,100,100,1
"n120_ad6_c5",120,6,0.5,0.1,1,0.8,0.4,100,100,1
"n120_ad6_c5",120,6,0.5,0.1,1,0.8,0.6,100,100,1
"n120_ad6_c5",120,6,0.5,0.1,1,0.8,0.8,100,99,0.99
"n120_ad6_c5",120,6,0.5,0.1,1,0.8,1,100,67,0.67
"n120_ad6_c5",120,6,0.5,0.1,1,1,0.2,100,100,1
"n120_ad6_c5",120,6,0.5,0.1,1,1,0.4,100,100,1
"n120_ad6_c5",120,6,0.5,0.1,1,1,0.6,100,100,1
"n120_ad6_c5",120,6,0.5,0.1,1,1,0.8,100,94,0.94
"n120_ad6_c5",120,6,0.5,0.1,1,1,1,100,0,0
"n120_ad6_c5",120,6,0.5,0.1,2,0.2,0.2,100,100,1
"n120_ad6_c5",120,6,0.5,0.1,2,0.2,0.4,100,100,1
"n120_ad6_c5",120,6,0.5,0.1,2,0.2,0.6,100,100,1
"n120_ad6_c5",120,6,0.5,0.1,2,0.2,0.8,100,100,1
"n120_ad6_c5",120,6,0.5,0.1,2,0.2,1,100,100,1
"n120_ad6_c5",120,6,0.5,0.1,2,0.4,0.2,100,100,1
"n120_ad6_c5",120,6,0.5,0.1,2,0.4,0.4,100,100,1
"n120_ad6_c5",120,6,0.5,0.1,2,0.4,0.6,100,100,1
"n120_ad6_c5",120,6,0.5,0.1,2,0.4,0.8,100,100,1
"n120_ad6_c5",120,6,0.5,0.1,2,0.4,1,100,100,1
"n120_ad6_c5",120,6,0.5,0.1,2,0.6,0.2,100,100,1
"n120_ad6_c5",120,6,0.5,0.1,2,0.6,0.4,100,100,1
"n120_ad6_c5",120,6,0.5,0.1,2,0.6,0.6,100,100,1
"n120_ad6_c5",120,6,0.5,0.1,2,0.6,0.8,100,100,1
"n120_ad6_c5",120,6,0.5,0.1,2,0.6,1,100,98,0.98
"n120_ad6_c5",120,6,0.5,0.1,2,0.8,0.2,100,100,1
"n120_ad6_c5",120,6,0.5,0.1,2,0.8,0.4,100,100,1
"n120_ad6_c5",120,6,0.5,0.1,2,0.8,0.6,100,100,1
"n120_ad6_c5",120,6,0.5,0.1,2,0.8,0.8,100,100,1
"n120_ad6_c5",120,6,0.5,0.1,2,0.8,1,100,78,0.78
"n120_ad6_c5",120,6,0.5,0.1,2,1,0.2,100,100,1
"n120_ad6_c5",120,6,0.5,0.1,2,1,0.4,100,100,1
"n120_ad6_c5",120,6,0.5,0.1,2,1,0.6,100,100,1
"n120_ad6_c5",120,6,0.5,0.1,2,1,0.8,100,95,0.95
"n120_ad6_c5",120,6,0.5,0.1,2,1,1,100,0,0
"n120_ad6_c5",120,6,0.5,0.1,4,0.2,0.2,100,100,1
"n120_ad6_c5",120,6,0.5,0.1,4,0.2,0.4,100,100,1
"n120_ad6_c5",120,6,0.5,0.1,4,0.2,0.6,100,100,1
"n120_ad6_c5",120,6,0.5,0.1,4,0.2,0.8,100,100,1
"n120_ad6_c5",120,6,0.5,0.1,4,0.2,1,100,100,1
"n120_ad6_c5",120,6,0.5,0.1,4,0.4,0.2,100,100,1
"n120_ad6_c5",120,6,0.5,0.1,4,0.4,0.4,100,100,1
"n120_ad6_c5",120,6,0.5,0.1,4,0.4,0.6,100,100,1
"n120_ad6_c5",120,6,0.5,0.1,4,0.4,0.8,100,100,1
"n120_ad6_c5",120,6,0.5,0.1,4,0.4,1,100,99,0.99
"n120_ad6_c5",120,6,0.5,0.1,4,0.6,0.2,100,100,1
"n120_ad6_c5",120,6,0.5,0.1,4,0.6,0.4,100,100,1
"n120_ad6_c5",120,6,0.5,0.1,4,0.6,0.6,100,100,1
"n120_ad6_c5",120,6,0.5,0.1,4,0.6,0.8,100,100,1
"n120_ad6_c5",120,6,0.5,0.1,4,0.6,1,100,96,0.96
"n120_ad6_c5",120,6,0.5,0.1,4,0.8,0.2,100,100,1
"n120_ad6_c5",120,6,0.5,0.1,4,0.8,0.4,100,100,1
"n120_ad6_c5",120,6,0.5,0.1,4,0.8,0.6,100,100,1
"n120_ad6_c5",120,6,0.5,0.1,4,0.8,0.8,100,99,0.99
"n120_ad6_c5",120,6,0.5,0.1,4,0.8,1,100,89,0.89
"n120_ad6_c5",120,6,0.5,0.1,4,1,0.2,100,100,1
"n120_ad6_c5",120,6,0.5,0.1,4,1,0.4,100,100,1
"n120_ad6_c5",120,6,0.5,0.1,4,1,0.6,100,100,1
"n120_ad6_c5",120,6,0.5,0.1,4,1,0.8,100,89,0.89
"n120_ad6_c5",120,6,0.5,0.1,4,1,1,100,0,0
"n120_ad6_c5",120,6,0.5,0.1,8,0.2,0.2,100,100,1
"n120_ad6_c5",120,6,0.5,0.1,8,0.2,0.4,100,100,1
"n120_ad6_c5",120,6,0.5,0.1,8,0.2,0.6,100,100,1
"n120_ad6_c5",120,6,0.5,0.1,8,0.2,0.8,100,100,1
"n120_ad6_c5",120,6,0.5,0.1,8,0.2,1,100,100,1
"n120_ad6_c5",120,6,0.5,0.1,8,0.4,0.2,100,100,1
"n120_ad6_c5",120,6,0.5,0.1,8,0.4,0.4,100,100,1
"n120_ad6_c5",120,6,0.5,0.1,8,0.4,0.6,100,100,1
"n120_ad6_c5",120,6,0.5,0.1,8,0.4,0.8,100,100,1
"n120_ad6_c5",120,6,0.5,0.1,8,0.4,1,100,99,0.99
"n120_ad6_c5",120,6,0.5,0.1,8,0.6,0.2,100,100,1
"n120_ad6_c5",120,6,0.5,0.1,8,0.6,0.4,100,100,1
"n120_ad6_c5",120,6,0.5,0.1,8,0.6,0.6,100,100,1
"n120_ad6_c5",120,6,0.5,0.1,8,0.6,0.8,100,100,1
"n120_ad6_c5",120,6,0.5,0.1,8,0.6,1,100,95,0.95
"n120_ad6_c5",120,6,0.5,0.1,8,0.8,0.2,100,100,1
"n120_ad6_c5",120,6,0.5,0.1,8,0.8,0.4,100,100,1
"n120_ad6_c5",120,6,0.5,0.1,8,0.8,0.6,100,100,1
"n120_ad6_c5",120,6,0.5,0.1,8,0.8,0.8,100,100,1
"n120_ad6_c5",120,6,0.5,0.1,8,0.8,1,100,88,0.88
"n120_ad6_c5",120,6,0.5,0.1,8,1,0.2,100,100,1
"n120_ad6_c5",120,6,0.5,0.1,8,1,0.4,100,100,1
"n120_ad6_c5",120,6,0.5,0.1,8,1,0.6,100,100,1
"n120_ad6_c5",120,6,0.5,0.1,8,1,0.8,100,95,0.95
"n120_ad6_c5",120,6,0.5,0.1,8,1,1,100,0,0
